Intersection,Date,Hour,Period,Session_Type,Cars,Boda_bodas,Tricycles,Minibuses,Heavy_Trucks,TriHeadway,CarHeadway,VC
Wandegeya Junction,2026-06-01,7,Peak,Day,739,862,30,95,7,4.09,2.81,1.18
Wandegeya Junction,2026-06-01,7,Peak,Day,762,818,22,71,8,2.44,2.28,1.06
Wandegeya Junction,2026-06-01,7,Peak,Day,754,800,17,60,12,3.33,1.93,1.12
Wandegeya Junction,2026-06-01,7,Peak,Day,747,790,21,81,6,3.0,3.24,1.12
Wandegeya Junction,2026-06-01,8,Peak,Day,789,962,28,70,9,2.64,2.58,1.18
Wandegeya Junction,2026-06-01,8,Peak,Day,832,925,34,81,4,3.07,2.92,1.26
Wandegeya Junction,2026-06-01,8,Peak,Day,764,942,31,80,6,3.82,2.87,1.29
Wandegeya Junction,2026-06-01,8,Peak,Day,815,943,22,97,7,2.75,2.02,1.29
Wandegeya Junction,2026-06-01,9,Off-Peak,Day,427,424,19,69,7,3.48,3.12,0.62
Wandegeya Junction,2026-06-01,9,Off-Peak,Day,434,322,13,66,6,3.35,1.7,0.57
Wandegeya Junction,2026-06-01,9,Off-Peak,Day,392,486,11,50,3,3.76,2.63,0.62
Wandegeya Junction,2026-06-01,9,Off-Peak,Day,397,431,9,68,3,3.1,1.91,0.61
Wandegeya Junction,2026-06-01,10,Off-Peak,Day,370,406,15,51,1,3.13,2.18,0.56
Wandegeya Junction,2026-06-01,10,Off-Peak,Day,375,481,11,56,6,2.34,2.49,0.64
Wandegeya Junction,2026-06-01,10,Off-Peak,Day,447,398,13,57,5,3.87,2.8,0.58
Wandegeya Junction,2026-06-01,10,Off-Peak,Day,329,462,18,37,7,2.8,2.27,0.7
Wandegeya Junction,2026-06-01,11,Off-Peak,Day,324,322,12,52,2,2.84,3.12,0.51
Wandegeya Junction,2026-06-01,11,Off-Peak,Day,330,417,5,36,6,2.5,2.57,0.61
Wandegeya Junction,2026-06-01,11,Off-Peak,Day,369,335,14,35,6,3.43,2.64,0.54
Wandegeya Junction,2026-06-01,11,Off-Peak,Day,350,396,6,42,10,2.7,2.76,0.58
Wandegeya Junction,2026-06-01,12,Off-Peak,Day,312,366,2,32,7,3.71,3.26,0.52
Wandegeya Junction,2026-06-01,12,Off-Peak,Day,258,285,8,32,4,3.44,2.83,0.42
Wandegeya Junction,2026-06-01,12,Off-Peak,Day,335,310,10,75,6,2.76,2.69,0.46
Wandegeya Junction,2026-06-01,12,Off-Peak,Day,309,339,8,41,1,3.08,2.84,0.41
Wandegeya Junction,2026-06-01,13,Off-Peak,Day,254,342,12,49,2,3.33,2.04,0.46
Wandegeya Junction,2026-06-01,13,Off-Peak,Day,318,379,13,57,0,3.56,2.71,0.48
Wandegeya Junction,2026-06-01,13,Off-Peak,Day,433,358,14,58,7,3.14,2.8,0.63
Wandegeya Junction,2026-06-01,13,Off-Peak,Day,290,316,4,45,11,3.64,1.85,0.37
Wandegeya Junction,2026-06-01,14,Off-Peak,Day,342,344,6,32,2,2.93,2.59,0.53
Wandegeya Junction,2026-06-01,14,Off-Peak,Day,281,427,11,53,0,2.97,2.84,0.54
Wandegeya Junction,2026-06-01,14,Off-Peak,Day,299,362,4,55,1,3.06,2.24,0.48
Wandegeya Junction,2026-06-01,14,Off-Peak,Day,318,291,24,56,11,2.54,2.31,0.53
Wandegeya Junction,2026-06-01,15,Off-Peak,Day,273,353,20,54,1,1.68,2.09,0.48
Wandegeya Junction,2026-06-01,15,Off-Peak,Day,254,401,8,27,3,4.02,1.93,0.48
Wandegeya Junction,2026-06-01,15,Off-Peak,Day,298,296,19,50,5,3.33,2.35,0.43
Wandegeya Junction,2026-06-01,15,Off-Peak,Day,321,399,11,29,11,3.22,2.74,0.43
Wandegeya Junction,2026-06-01,16,Off-Peak,Day,396,461,16,56,4,3.48,2.22,0.69
Wandegeya Junction,2026-06-01,16,Off-Peak,Day,428,502,21,70,4,3.67,2.74,0.68
Wandegeya Junction,2026-06-01,16,Off-Peak,Day,422,521,14,55,8,3.19,2.94,0.69
Wandegeya Junction,2026-06-01,16,Off-Peak,Day,446,522,21,62,8,3.46,2.45,0.71
Wandegeya Junction,2026-06-01,17,Peak,Day,770,810,26,102,5,3.88,2.82,1.12
Wandegeya Junction,2026-06-01,17,Peak,Day,771,842,31,66,8,3.79,2.44,1.15
Wandegeya Junction,2026-06-01,17,Peak,Day,738,859,19,70,5,3.42,2.3,1.18
Wandegeya Junction,2026-06-01,17,Peak,Day,757,784,22,60,6,3.46,3.09,1.11
Wandegeya Junction,2026-06-01,18,Peak,Day,743,842,33,65,8,3.46,2.17,1.15
Wandegeya Junction,2026-06-01,18,Peak,Day,802,838,30,82,10,3.41,2.51,1.2
Wandegeya Junction,2026-06-01,18,Peak,Day,722,843,27,83,12,4.38,2.19,1.21
Wandegeya Junction,2026-06-01,18,Peak,Day,755,930,33,67,5,2.24,2.29,1.2
Kibuye Roundabout,2026-06-01,7,Peak,Day,842,955,23,103,10,2.85,2.7,1.3
Kibuye Roundabout,2026-06-01,7,Peak,Day,901,988,18,75,2,3.24,3.0,1.35
Kibuye Roundabout,2026-06-01,7,Peak,Day,816,941,16,81,6,2.77,2.44,1.31
Kibuye Roundabout,2026-06-01,7,Peak,Day,855,970,30,67,3,3.47,2.2,1.35
Kibuye Roundabout,2026-06-01,8,Peak,Day,934,1093,44,90,15,3.18,2.89,1.35
Kibuye Roundabout,2026-06-01,8,Peak,Day,977,1007,37,98,12,2.71,1.68,1.35
Kibuye Roundabout,2026-06-01,8,Peak,Day,955,1106,30,90,13,2.45,2.48,1.35
Kibuye Roundabout,2026-06-01,8,Peak,Day,928,963,35,88,5,3.48,2.12,1.35
Kibuye Roundabout,2026-06-01,9,Off-Peak,Day,362,447,9,71,3,3.03,2.18,0.64
Kibuye Roundabout,2026-06-01,9,Off-Peak,Day,363,427,13,45,11,2.95,2.59,0.59
Kibuye Roundabout,2026-06-01,9,Off-Peak,Day,392,474,13,69,4,3.16,1.58,0.63
Kibuye Roundabout,2026-06-01,9,Off-Peak,Day,447,515,2,57,7,4.84,2.95,0.72
Kibuye Roundabout,2026-06-01,10,Off-Peak,Day,346,363,12,59,3,2.98,2.07,0.47
Kibuye Roundabout,2026-06-01,10,Off-Peak,Day,410,427,26,74,5,4.06,2.72,0.61
Kibuye Roundabout,2026-06-01,10,Off-Peak,Day,373,392,5,40,8,2.6,2.73,0.66
Kibuye Roundabout,2026-06-01,10,Off-Peak,Day,362,403,8,46,5,3.44,2.48,0.53
Kibuye Roundabout,2026-06-01,11,Off-Peak,Day,328,381,10,63,6,3.35,2.8,0.49
Kibuye Roundabout,2026-06-01,11,Off-Peak,Day,379,378,2,60,3,2.49,2.52,0.48
Kibuye Roundabout,2026-06-01,11,Off-Peak,Day,328,430,14,34,5,2.97,2.52,0.5
Kibuye Roundabout,2026-06-01,11,Off-Peak,Day,346,445,5,47,7,3.56,3.08,0.53
Kibuye Roundabout,2026-06-01,12,Off-Peak,Day,272,360,2,42,5,3.34,2.44,0.44
Kibuye Roundabout,2026-06-01,12,Off-Peak,Day,308,351,19,40,3,3.5,2.33,0.48
Kibuye Roundabout,2026-06-01,12,Off-Peak,Day,372,372,12,41,8,2.28,2.1,0.53
Kibuye Roundabout,2026-06-01,12,Off-Peak,Day,287,338,2,65,5,3.71,1.62,0.47
Kibuye Roundabout,2026-06-01,13,Off-Peak,Day,341,294,12,60,5,3.62,3.41,0.47
Kibuye Roundabout,2026-06-01,13,Off-Peak,Day,322,335,12,36,7,3.34,2.31,0.45
Kibuye Roundabout,2026-06-01,13,Off-Peak,Day,325,394,14,41,3,3.08,2.65,0.49
Kibuye Roundabout,2026-06-01,13,Off-Peak,Day,281,388,17,63,5,2.91,2.0,0.61
Kibuye Roundabout,2026-06-01,14,Off-Peak,Day,372,386,2,47,5,4.52,2.55,0.5
Kibuye Roundabout,2026-06-01,14,Off-Peak,Day,345,379,12,50,2,4.24,3.04,0.57
Kibuye Roundabout,2026-06-01,14,Off-Peak,Day,302,320,23,46,4,2.45,3.11,0.53
Kibuye Roundabout,2026-06-01,14,Off-Peak,Day,305,319,9,28,7,2.66,1.98,0.46
Kibuye Roundabout,2026-06-01,15,Off-Peak,Day,372,343,8,29,3,1.95,2.48,0.51
Kibuye Roundabout,2026-06-01,15,Off-Peak,Day,338,427,9,60,3,4.59,2.52,0.52
Kibuye Roundabout,2026-06-01,15,Off-Peak,Day,313,361,11,45,2,3.28,2.28,0.48
Kibuye Roundabout,2026-06-01,15,Off-Peak,Day,317,343,5,65,0,3.92,1.67,0.56
Kibuye Roundabout,2026-06-01,16,Off-Peak,Day,426,438,12,56,3,3.77,3.01,0.73
Kibuye Roundabout,2026-06-01,16,Off-Peak,Day,400,474,21,71,2,3.18,2.35,0.7
Kibuye Roundabout,2026-06-01,16,Off-Peak,Day,455,480,21,79,3,3.6,2.38,0.75
Kibuye Roundabout,2026-06-01,16,Off-Peak,Day,396,531,18,63,5,2.95,1.94,0.75
Kibuye Roundabout,2026-06-01,17,Peak,Day,864,897,17,102,1,3.41,2.46,1.35
Kibuye Roundabout,2026-06-01,17,Peak,Day,857,946,25,94,8,3.12,2.48,1.34
Kibuye Roundabout,2026-06-01,17,Peak,Day,783,894,31,90,8,3.31,2.64,1.24
Kibuye Roundabout,2026-06-01,17,Peak,Day,815,956,25,69,9,3.81,2.69,1.21
Kibuye Roundabout,2026-06-01,18,Peak,Day,877,1015,31,93,2,2.99,2.51,1.33
Kibuye Roundabout,2026-06-01,18,Peak,Day,817,955,33,72,6,2.84,1.96,1.23
Kibuye Roundabout,2026-06-01,18,Peak,Day,879,910,21,113,9,2.87,2.78,1.34
Kibuye Roundabout,2026-06-01,18,Peak,Day,847,1050,24,80,11,3.28,3.21,1.35
Bakuli Intersection,2026-06-01,7,Peak,Day,743,793,18,66,9,3.61,1.87,1.17
Bakuli Intersection,2026-06-01,7,Peak,Day,671,762,17,80,8,3.49,2.74,0.99
Bakuli Intersection,2026-06-01,7,Peak,Day,718,798,28,78,7,3.51,2.58,1.04
Bakuli Intersection,2026-06-01,7,Peak,Day,635,722,25,85,7,3.31,2.51,1.05
Bakuli Intersection,2026-06-01,8,Peak,Day,737,854,33,75,7,3.41,2.31,1.16
Bakuli Intersection,2026-06-01,8,Peak,Day,724,843,36,75,13,3.82,1.91,1.18
Bakuli Intersection,2026-06-01,8,Peak,Day,787,853,28,93,7,4.45,2.35,1.29
Bakuli Intersection,2026-06-01,8,Peak,Day,806,913,22,74,7,2.63,2.13,1.24
Bakuli Intersection,2026-06-01,9,Off-Peak,Day,333,403,4,56,10,3.79,2.41,0.51
Bakuli Intersection,2026-06-01,9,Off-Peak,Day,383,360,12,58,6,3.44,3.48,0.59
Bakuli Intersection,2026-06-01,9,Off-Peak,Day,341,380,7,47,4,4.01,2.27,0.6
Bakuli Intersection,2026-06-01,9,Off-Peak,Day,376,382,5,61,6,4.07,3.22,0.5
Bakuli Intersection,2026-06-01,10,Off-Peak,Day,328,396,7,55,7,3.21,2.18,0.65
Bakuli Intersection,2026-06-01,10,Off-Peak,Day,316,383,2,72,4,3.29,2.98,0.55
Bakuli Intersection,2026-06-01,10,Off-Peak,Day,323,365,32,63,7,3.59,2.36,0.64
Bakuli Intersection,2026-06-01,10,Off-Peak,Day,380,417,16,57,8,3.99,2.76,0.66
Bakuli Intersection,2026-06-01,11,Off-Peak,Day,329,412,10,38,6,3.31,3.01,0.53
Bakuli Intersection,2026-06-01,11,Off-Peak,Day,325,310,12,57,7,3.15,2.59,0.6
Bakuli Intersection,2026-06-01,11,Off-Peak,Day,379,360,13,51,7,3.08,2.58,0.57
Bakuli Intersection,2026-06-01,11,Off-Peak,Day,288,369,19,40,8,3.02,2.65,0.42
Bakuli Intersection,2026-06-01,12,Off-Peak,Day,267,281,21,63,0,3.52,2.3,0.33
Bakuli Intersection,2026-06-01,12,Off-Peak,Day,294,313,2,33,0,3.63,2.46,0.49
Bakuli Intersection,2026-06-01,12,Off-Peak,Day,232,242,24,32,4,3.18,2.64,0.38
Bakuli Intersection,2026-06-01,12,Off-Peak,Day,320,300,2,53,5,3.58,2.68,0.49
Bakuli Intersection,2026-06-01,13,Off-Peak,Day,329,325,15,50,4,2.96,3.22,0.57
Bakuli Intersection,2026-06-01,13,Off-Peak,Day,232,323,9,34,7,3.08,1.74,0.38
Bakuli Intersection,2026-06-01,13,Off-Peak,Day,197,254,6,51,7,2.82,2.48,0.38
Bakuli Intersection,2026-06-01,13,Off-Peak,Day,242,378,9,52,4,3.4,1.68,0.47
Bakuli Intersection,2026-06-01,14,Off-Peak,Day,264,283,8,39,10,3.01,2.73,0.45
Bakuli Intersection,2026-06-01,14,Off-Peak,Day,320,326,21,35,6,3.75,2.75,0.51
Bakuli Intersection,2026-06-01,14,Off-Peak,Day,269,376,18,45,11,4.17,2.58,0.46
Bakuli Intersection,2026-06-01,14,Off-Peak,Day,271,311,4,48,6,3.29,3.36,0.41
Bakuli Intersection,2026-06-01,15,Off-Peak,Day,297,319,23,43,6,3.17,1.83,0.42
Bakuli Intersection,2026-06-01,15,Off-Peak,Day,305,298,13,61,1,3.41,2.92,0.39
Bakuli Intersection,2026-06-01,15,Off-Peak,Day,266,361,23,41,4,3.63,1.87,0.52
Bakuli Intersection,2026-06-01,15,Off-Peak,Day,331,293,21,47,6,3.02,2.23,0.49
Bakuli Intersection,2026-06-01,16,Off-Peak,Day,437,467,13,54,8,3.87,1.8,0.53
Bakuli Intersection,2026-06-01,16,Off-Peak,Day,356,393,10,73,5,3.28,2.69,0.59
Bakuli Intersection,2026-06-01,16,Off-Peak,Day,351,485,14,53,1,4.05,2.84,0.6
Bakuli Intersection,2026-06-01,16,Off-Peak,Day,383,432,11,84,7,3.82,2.6,0.65
Bakuli Intersection,2026-06-01,17,Peak,Day,678,768,21,72,10,3.67,2.47,1.07
Bakuli Intersection,2026-06-01,17,Peak,Day,615,807,24,77,11,4.34,2.44,0.91
Bakuli Intersection,2026-06-01,17,Peak,Day,648,795,32,60,6,3.2,2.59,1.16
Bakuli Intersection,2026-06-01,17,Peak,Day,702,777,30,77,15,3.4,2.92,1.1
Bakuli Intersection,2026-06-01,18,Peak,Day,726,796,32,59,13,3.45,2.2,1.06
Bakuli Intersection,2026-06-01,18,Peak,Day,696,783,23,78,12,3.18,2.89,1.12
Bakuli Intersection,2026-06-01,18,Peak,Day,642,794,33,81,7,3.22,2.55,1.14
Bakuli Intersection,2026-06-01,18,Peak,Day,685,727,22,56,12,2.8,1.64,0.99
Bwaise Junction,2026-06-01,7,Peak,Day,595,787,17,83,6,3.79,2.37,1.14
Bwaise Junction,2026-06-01,7,Peak,Day,721,666,2,51,11,3.99,2.73,1.12
Bwaise Junction,2026-06-01,7,Peak,Day,671,752,27,74,8,2.92,2.39,1.05
Bwaise Junction,2026-06-01,7,Peak,Day,638,682,8,58,8,3.76,1.87,1.03
Bwaise Junction,2026-06-01,8,Peak,Day,745,762,17,76,10,3.35,1.97,1.06
Bwaise Junction,2026-06-01,8,Peak,Day,723,738,20,84,8,3.41,3.05,1.11
Bwaise Junction,2026-06-01,8,Peak,Day,697,806,25,85,9,2.95,2.23,1.12
Bwaise Junction,2026-06-01,8,Peak,Day,774,752,13,70,6,3.15,3.0,1.16
Bwaise Junction,2026-06-01,9,Off-Peak,Day,361,362,6,78,2,3.62,2.67,0.57
Bwaise Junction,2026-06-01,9,Off-Peak,Day,347,397,10,51,8,3.02,1.95,0.67
Bwaise Junction,2026-06-01,9,Off-Peak,Day,442,363,11,72,11,3.58,3.15,0.59
Bwaise Junction,2026-06-01,9,Off-Peak,Day,344,372,9,40,4,3.32,2.19,0.47
Bwaise Junction,2026-06-01,10,Off-Peak,Day,279,389,13,60,0,3.91,2.02,0.53
Bwaise Junction,2026-06-01,10,Off-Peak,Day,349,347,25,49,7,3.57,2.13,0.54
Bwaise Junction,2026-06-01,10,Off-Peak,Day,284,371,13,39,3,3.85,2.74,0.55
Bwaise Junction,2026-06-01,10,Off-Peak,Day,323,424,2,51,12,3.4,2.38,0.58
Bwaise Junction,2026-06-01,11,Off-Peak,Day,311,384,12,59,3,2.38,2.7,0.46
Bwaise Junction,2026-06-01,11,Off-Peak,Day,241,371,2,77,5,3.34,2.46,0.52
Bwaise Junction,2026-06-01,11,Off-Peak,Day,306,367,18,51,3,3.21,2.2,0.56
Bwaise Junction,2026-06-01,11,Off-Peak,Day,285,357,15,47,8,3.29,2.83,0.51
Bwaise Junction,2026-06-01,12,Off-Peak,Day,283,297,20,23,1,3.0,2.43,0.42
Bwaise Junction,2026-06-01,12,Off-Peak,Day,282,294,9,45,4,2.83,2.44,0.34
Bwaise Junction,2026-06-01,12,Off-Peak,Day,284,358,2,54,3,3.37,2.37,0.56
Bwaise Junction,2026-06-01,12,Off-Peak,Day,253,281,4,41,4,3.52,2.98,0.4
Bwaise Junction,2026-06-01,13,Off-Peak,Day,224,208,17,52,0,2.71,1.78,0.33
Bwaise Junction,2026-06-01,13,Off-Peak,Day,303,287,14,10,3,2.56,2.57,0.45
Bwaise Junction,2026-06-01,13,Off-Peak,Day,296,315,9,29,8,3.29,2.13,0.45
Bwaise Junction,2026-06-01,13,Off-Peak,Day,245,304,6,62,0,4.04,2.42,0.34
Bwaise Junction,2026-06-01,14,Off-Peak,Day,317,292,4,64,6,4.38,2.26,0.45
Bwaise Junction,2026-06-01,14,Off-Peak,Day,292,368,15,60,4,3.53,2.23,0.47
Bwaise Junction,2026-06-01,14,Off-Peak,Day,286,302,25,44,0,3.9,2.24,0.4
Bwaise Junction,2026-06-01,14,Off-Peak,Day,300,364,2,50,7,2.59,3.1,0.46
Bwaise Junction,2026-06-01,15,Off-Peak,Day,267,364,7,48,6,2.98,2.87,0.59
Bwaise Junction,2026-06-01,15,Off-Peak,Day,285,372,10,47,6,3.12,2.16,0.55
Bwaise Junction,2026-06-01,15,Off-Peak,Day,207,393,2,28,4,3.45,2.83,0.42
Bwaise Junction,2026-06-01,15,Off-Peak,Day,256,304,16,44,3,3.55,2.79,0.51
Bwaise Junction,2026-06-01,16,Off-Peak,Day,428,442,18,42,7,3.04,2.73,0.61
Bwaise Junction,2026-06-01,16,Off-Peak,Day,387,447,23,78,7,3.58,1.8,0.78
Bwaise Junction,2026-06-01,16,Off-Peak,Day,400,487,19,66,6,3.2,2.16,0.61
Bwaise Junction,2026-06-01,16,Off-Peak,Day,407,502,8,62,3,3.9,2.26,0.7
Bwaise Junction,2026-06-01,17,Peak,Day,646,695,21,79,7,2.86,2.33,1.02
Bwaise Junction,2026-06-01,17,Peak,Day,633,796,28,67,8,2.59,1.8,1.1
Bwaise Junction,2026-06-01,17,Peak,Day,690,704,10,102,6,4.07,3.3,1.05
Bwaise Junction,2026-06-01,17,Peak,Day,688,767,39,78,10,2.89,2.5,1.06
Bwaise Junction,2026-06-01,18,Peak,Day,630,754,21,83,8,2.73,2.42,1.11
Bwaise Junction,2026-06-01,18,Peak,Day,580,723,16,70,12,2.79,3.24,1.0
Bwaise Junction,2026-06-01,18,Peak,Day,666,717,32,60,7,4.24,3.12,1.08
Bwaise Junction,2026-06-01,18,Peak,Day,606,732,18,50,9,3.07,1.86,0.97
Natete Junction,2026-06-01,7,Peak,Day,775,846,31,44,8,4.13,2.32,1.26
Natete Junction,2026-06-01,7,Peak,Day,810,853,22,83,10,3.25,2.42,1.29
Natete Junction,2026-06-01,7,Peak,Day,764,883,20,83,10,4.05,2.39,1.17
Natete Junction,2026-06-01,7,Peak,Day,767,796,27,89,10,3.33,2.71,1.15
Natete Junction,2026-06-01,8,Peak,Day,863,1024,18,73,9,3.53,2.49,1.3
Natete Junction,2026-06-01,8,Peak,Day,922,962,17,78,9,2.79,2.52,1.35
Natete Junction,2026-06-01,8,Peak,Day,906,999,34,83,6,2.76,1.33,1.35
Natete Junction,2026-06-01,8,Peak,Day,913,897,34,76,10,3.31,2.21,1.35
Natete Junction,2026-06-01,9,Off-Peak,Day,440,415,12,49,4,3.36,3.15,0.59
Natete Junction,2026-06-01,9,Off-Peak,Day,383,429,16,40,8,3.21,3.78,0.6
Natete Junction,2026-06-01,9,Off-Peak,Day,365,423,16,72,6,3.76,2.23,0.54
Natete Junction,2026-06-01,9,Off-Peak,Day,429,423,28,74,6,3.54,2.16,0.7
Natete Junction,2026-06-01,10,Off-Peak,Day,408,405,7,51,2,4.33,2.07,0.62
Natete Junction,2026-06-01,10,Off-Peak,Day,421,415,13,61,2,3.21,2.89,0.65
Natete Junction,2026-06-01,10,Off-Peak,Day,463,442,22,59,6,3.47,2.38,0.67
Natete Junction,2026-06-01,10,Off-Peak,Day,418,378,14,69,9,2.24,2.26,0.61
Natete Junction,2026-06-01,11,Off-Peak,Day,351,356,22,46,7,3.18,2.35,0.57
Natete Junction,2026-06-01,11,Off-Peak,Day,320,461,9,49,9,3.8,2.33,0.66
Natete Junction,2026-06-01,11,Off-Peak,Day,351,360,15,56,1,3.07,2.58,0.6
Natete Junction,2026-06-01,11,Off-Peak,Day,343,420,14,47,8,3.36,3.28,0.51
Natete Junction,2026-06-01,12,Off-Peak,Day,270,351,2,46,5,3.62,2.94,0.49
Natete Junction,2026-06-01,12,Off-Peak,Day,285,357,13,66,4,3.85,2.45,0.45
Natete Junction,2026-06-01,12,Off-Peak,Day,323,309,2,43,5,3.65,2.33,0.48
Natete Junction,2026-06-01,12,Off-Peak,Day,284,360,14,51,1,3.03,2.82,0.54
Natete Junction,2026-06-01,13,Off-Peak,Day,372,337,13,41,4,3.7,1.85,0.51
Natete Junction,2026-06-01,13,Off-Peak,Day,270,384,2,66,4,3.34,2.96,0.49
Natete Junction,2026-06-01,13,Off-Peak,Day,316,385,3,52,5,1.95,2.77,0.57
Natete Junction,2026-06-01,13,Off-Peak,Day,243,366,5,62,4,4.11,3.03,0.52
Natete Junction,2026-06-01,14,Off-Peak,Day,339,355,24,27,4,4.39,2.43,0.47
Natete Junction,2026-06-01,14,Off-Peak,Day,332,354,11,67,2,2.93,1.97,0.54
Natete Junction,2026-06-01,14,Off-Peak,Day,312,335,6,38,0,2.55,2.8,0.47
Natete Junction,2026-06-01,14,Off-Peak,Day,262,340,11,38,5,2.36,2.55,0.52
Natete Junction,2026-06-01,15,Off-Peak,Day,331,354,9,37,3,3.84,2.51,0.47
Natete Junction,2026-06-01,15,Off-Peak,Day,305,318,25,28,0,3.43,2.7,0.39
Natete Junction,2026-06-01,15,Off-Peak,Day,339,327,2,47,9,3.17,2.14,0.54
Natete Junction,2026-06-01,15,Off-Peak,Day,282,337,2,34,4,3.19,2.24,0.46
Natete Junction,2026-06-01,16,Off-Peak,Day,446,441,16,81,6,3.65,2.59,0.68
Natete Junction,2026-06-01,16,Off-Peak,Day,441,460,22,69,3,3.28,2.42,0.69
Natete Junction,2026-06-01,16,Off-Peak,Day,365,463,14,65,7,3.93,2.15,0.58
Natete Junction,2026-06-01,16,Off-Peak,Day,446,459,22,85,3,3.8,2.23,0.75
Natete Junction,2026-06-01,17,Peak,Day,790,911,39,83,7,3.7,1.8,1.3
Natete Junction,2026-06-01,17,Peak,Day,741,940,38,93,4,2.75,2.41,1.23
Natete Junction,2026-06-01,17,Peak,Day,826,951,25,96,6,2.46,2.18,1.3
Natete Junction,2026-06-01,17,Peak,Day,856,850,35,72,8,2.9,2.67,1.27
Natete Junction,2026-06-01,18,Peak,Day,799,921,24,80,6,3.26,2.35,1.26
Natete Junction,2026-06-01,18,Peak,Day,855,921,25,76,10,3.89,2.65,1.28
Natete Junction,2026-06-01,18,Peak,Day,815,836,27,66,4,4.17,3.39,1.21
Natete Junction,2026-06-01,18,Peak,Day,817,827,33,73,5,3.22,2.31,1.18
Wandegeya Junction,2026-06-02,7,Peak,Day,770,793,10,79,14,2.03,2.39,1.1
Wandegeya Junction,2026-06-02,7,Peak,Day,812,787,34,82,6,4.62,1.9,1.18
Wandegeya Junction,2026-06-02,7,Peak,Day,760,880,28,78,9,3.43,2.36,1.19
Wandegeya Junction,2026-06-02,7,Peak,Day,730,851,31,76,11,2.41,3.0,1.17
Wandegeya Junction,2026-06-02,8,Peak,Day,803,905,21,101,2,3.83,2.59,1.35
Wandegeya Junction,2026-06-02,8,Peak,Day,836,950,28,93,10,3.2,2.44,1.33
Wandegeya Junction,2026-06-02,8,Peak,Day,866,953,27,50,10,3.29,2.34,1.32
Wandegeya Junction,2026-06-02,8,Peak,Day,859,898,37,90,6,2.99,2.84,1.23
Wandegeya Junction,2026-06-02,9,Off-Peak,Day,397,456,20,63,4,3.7,2.8,0.67
Wandegeya Junction,2026-06-02,9,Off-Peak,Day,404,441,22,69,5,3.22,2.2,0.6
Wandegeya Junction,2026-06-02,9,Off-Peak,Day,374,395,7,53,0,3.3,2.17,0.58
Wandegeya Junction,2026-06-02,9,Off-Peak,Day,412,363,18,47,3,3.71,2.42,0.53
Wandegeya Junction,2026-06-02,10,Off-Peak,Day,290,431,10,39,5,3.98,1.98,0.55
Wandegeya Junction,2026-06-02,10,Off-Peak,Day,367,478,2,69,6,3.7,2.11,0.61
Wandegeya Junction,2026-06-02,10,Off-Peak,Day,378,448,16,87,6,3.29,1.79,0.62
Wandegeya Junction,2026-06-02,10,Off-Peak,Day,346,385,7,55,3,3.3,2.5,0.61
Wandegeya Junction,2026-06-02,11,Off-Peak,Day,347,417,9,40,3,2.63,2.17,0.55
Wandegeya Junction,2026-06-02,11,Off-Peak,Day,372,395,8,53,7,3.5,2.46,0.57
Wandegeya Junction,2026-06-02,11,Off-Peak,Day,321,287,14,49,9,3.78,2.99,0.52
Wandegeya Junction,2026-06-02,11,Off-Peak,Day,348,360,12,47,7,3.23,2.32,0.59
Wandegeya Junction,2026-06-02,12,Off-Peak,Day,306,262,9,15,2,3.05,2.44,0.35
Wandegeya Junction,2026-06-02,12,Off-Peak,Day,335,333,6,46,6,3.82,2.47,0.44
Wandegeya Junction,2026-06-02,12,Off-Peak,Day,247,258,15,52,5,2.87,2.95,0.35
Wandegeya Junction,2026-06-02,12,Off-Peak,Day,342,284,2,50,3,3.03,2.43,0.5
Wandegeya Junction,2026-06-02,13,Off-Peak,Day,263,365,10,38,4,2.02,2.42,0.42
Wandegeya Junction,2026-06-02,13,Off-Peak,Day,325,334,29,41,4,2.71,2.95,0.53
Wandegeya Junction,2026-06-02,13,Off-Peak,Day,323,353,16,45,6,3.12,2.27,0.54
Wandegeya Junction,2026-06-02,13,Off-Peak,Day,352,286,11,27,5,3.39,2.6,0.47
Wandegeya Junction,2026-06-02,14,Off-Peak,Day,356,277,8,35,4,3.21,3.16,0.39
Wandegeya Junction,2026-06-02,14,Off-Peak,Day,312,291,10,38,3,3.94,2.72,0.44
Wandegeya Junction,2026-06-02,14,Off-Peak,Day,312,361,2,59,9,2.89,2.0,0.46
Wandegeya Junction,2026-06-02,14,Off-Peak,Day,320,381,8,44,3,2.88,3.34,0.53
Wandegeya Junction,2026-06-02,15,Off-Peak,Day,304,416,2,44,4,3.21,3.05,0.51
Wandegeya Junction,2026-06-02,15,Off-Peak,Day,352,278,2,41,3,2.5,2.68,0.5
Wandegeya Junction,2026-06-02,15,Off-Peak,Day,250,343,26,36,5,2.98,2.7,0.46
Wandegeya Junction,2026-06-02,15,Off-Peak,Day,291,364,24,29,1,4.04,2.64,0.51
Wandegeya Junction,2026-06-02,16,Off-Peak,Day,417,420,12,69,9,3.06,2.61,0.62
Wandegeya Junction,2026-06-02,16,Off-Peak,Day,415,554,11,59,5,3.67,2.43,0.69
Wandegeya Junction,2026-06-02,16,Off-Peak,Day,464,527,9,55,1,2.96,2.82,0.78
Wandegeya Junction,2026-06-02,16,Off-Peak,Day,449,421,2,71,6,3.1,2.77,0.61
Wandegeya Junction,2026-06-02,17,Peak,Day,769,921,27,58,13,2.85,1.97,1.24
Wandegeya Junction,2026-06-02,17,Peak,Day,781,837,24,95,3,2.67,2.65,1.2
Wandegeya Junction,2026-06-02,17,Peak,Day,734,738,33,79,9,3.92,2.07,1.12
Wandegeya Junction,2026-06-02,17,Peak,Day,790,771,31,81,6,3.47,2.31,1.15
Wandegeya Junction,2026-06-02,18,Peak,Day,750,799,20,64,10,3.63,2.69,1.08
Wandegeya Junction,2026-06-02,18,Peak,Day,725,890,12,65,6,3.69,2.4,1.19
Wandegeya Junction,2026-06-02,18,Peak,Day,799,912,21,89,8,2.88,2.71,1.22
Wandegeya Junction,2026-06-02,18,Peak,Day,798,868,29,59,11,3.11,2.6,1.17
Kibuye Roundabout,2026-06-02,7,Peak,Day,945,965,45,78,9,3.14,3.22,1.35
Kibuye Roundabout,2026-06-02,7,Peak,Day,854,968,31,86,10,3.02,2.06,1.31
Kibuye Roundabout,2026-06-02,7,Peak,Day,864,959,32,101,8,2.75,2.35,1.35
Kibuye Roundabout,2026-06-02,7,Peak,Day,866,929,34,80,3,3.75,2.73,1.3
Kibuye Roundabout,2026-06-02,8,Peak,Day,931,1046,36,82,11,3.55,2.29,1.35
Kibuye Roundabout,2026-06-02,8,Peak,Day,968,1027,15,79,11,3.83,2.75,1.35
Kibuye Roundabout,2026-06-02,8,Peak,Day,882,1094,38,93,7,2.41,2.66,1.35
Kibuye Roundabout,2026-06-02,8,Peak,Day,882,985,24,103,7,3.03,1.82,1.35
Kibuye Roundabout,2026-06-02,9,Off-Peak,Day,443,443,5,53,6,3.86,3.08,0.68
Kibuye Roundabout,2026-06-02,9,Off-Peak,Day,353,433,11,63,3,3.47,2.48,0.55
Kibuye Roundabout,2026-06-02,9,Off-Peak,Day,373,440,14,48,8,2.38,2.13,0.66
Kibuye Roundabout,2026-06-02,9,Off-Peak,Day,377,446,2,42,3,3.4,2.53,0.55
Kibuye Roundabout,2026-06-02,10,Off-Peak,Day,386,405,7,53,10,2.65,2.83,0.66
Kibuye Roundabout,2026-06-02,10,Off-Peak,Day,339,460,19,75,2,3.81,2.61,0.57
Kibuye Roundabout,2026-06-02,10,Off-Peak,Day,391,443,17,41,8,3.19,2.48,0.68
Kibuye Roundabout,2026-06-02,10,Off-Peak,Day,397,450,2,56,9,3.58,2.09,0.61
Kibuye Roundabout,2026-06-02,11,Off-Peak,Day,353,414,12,49,5,3.08,1.86,0.62
Kibuye Roundabout,2026-06-02,11,Off-Peak,Day,408,353,26,62,3,3.45,2.41,0.6
Kibuye Roundabout,2026-06-02,11,Off-Peak,Day,335,368,6,44,5,3.64,3.09,0.49
Kibuye Roundabout,2026-06-02,11,Off-Peak,Day,368,424,7,59,5,3.54,2.0,0.63
Kibuye Roundabout,2026-06-02,12,Off-Peak,Day,331,306,17,45,6,3.84,3.45,0.48
Kibuye Roundabout,2026-06-02,12,Off-Peak,Day,251,349,4,53,3,2.63,2.78,0.53
Kibuye Roundabout,2026-06-02,12,Off-Peak,Day,360,417,5,35,2,3.11,2.48,0.61
Kibuye Roundabout,2026-06-02,12,Off-Peak,Day,232,336,10,36,3,2.67,2.83,0.5
Kibuye Roundabout,2026-06-02,13,Off-Peak,Day,304,385,8,51,6,3.13,2.26,0.57
Kibuye Roundabout,2026-06-02,13,Off-Peak,Day,285,471,2,62,0,3.54,2.72,0.5
Kibuye Roundabout,2026-06-02,13,Off-Peak,Day,305,348,15,51,4,3.19,2.16,0.39
Kibuye Roundabout,2026-06-02,13,Off-Peak,Day,418,368,12,43,7,3.51,2.74,0.61
Kibuye Roundabout,2026-06-02,14,Off-Peak,Day,280,378,27,36,6,3.09,2.38,0.46
Kibuye Roundabout,2026-06-02,14,Off-Peak,Day,352,310,19,48,2,3.19,2.38,0.44
Kibuye Roundabout,2026-06-02,14,Off-Peak,Day,335,304,30,41,7,2.51,1.75,0.6
Kibuye Roundabout,2026-06-02,14,Off-Peak,Day,333,325,26,54,0,3.46,2.87,0.51
Kibuye Roundabout,2026-06-02,15,Off-Peak,Day,317,316,2,50,2,2.8,2.76,0.45
Kibuye Roundabout,2026-06-02,15,Off-Peak,Day,305,354,17,29,3,4.61,2.06,0.49
Kibuye Roundabout,2026-06-02,15,Off-Peak,Day,349,364,22,68,5,3.27,2.99,0.58
Kibuye Roundabout,2026-06-02,15,Off-Peak,Day,292,300,19,44,2,3.92,2.32,0.45
Kibuye Roundabout,2026-06-02,16,Off-Peak,Day,442,528,15,39,4,3.9,2.3,0.72
Kibuye Roundabout,2026-06-02,16,Off-Peak,Day,461,469,2,51,4,3.0,1.62,0.67
Kibuye Roundabout,2026-06-02,16,Off-Peak,Day,484,521,22,52,5,3.6,2.77,0.75
Kibuye Roundabout,2026-06-02,16,Off-Peak,Day,442,513,9,83,8,3.34,3.06,0.77
Kibuye Roundabout,2026-06-02,17,Peak,Day,812,1004,32,89,6,3.45,2.69,1.32
Kibuye Roundabout,2026-06-02,17,Peak,Day,853,1016,31,94,8,2.78,2.66,1.35
Kibuye Roundabout,2026-06-02,17,Peak,Day,835,914,43,73,4,3.11,1.94,1.25
Kibuye Roundabout,2026-06-02,17,Peak,Day,874,912,29,99,9,2.97,2.84,1.35
Kibuye Roundabout,2026-06-02,18,Peak,Day,874,955,20,88,4,3.6,2.12,1.29
Kibuye Roundabout,2026-06-02,18,Peak,Day,795,982,33,66,9,2.95,2.73,1.33
Kibuye Roundabout,2026-06-02,18,Peak,Day,824,908,31,58,9,3.35,2.39,1.18
Kibuye Roundabout,2026-06-02,18,Peak,Day,832,935,34,90,9,3.53,1.89,1.33
Bakuli Intersection,2026-06-02,7,Peak,Day,701,724,29,69,7,3.47,3.07,1.05
Bakuli Intersection,2026-06-02,7,Peak,Day,634,790,32,88,9,4.31,2.91,1.13
Bakuli Intersection,2026-06-02,7,Peak,Day,716,771,25,73,7,2.89,3.11,1.18
Bakuli Intersection,2026-06-02,7,Peak,Day,631,780,27,47,9,3.0,2.55,1.07
Bakuli Intersection,2026-06-02,8,Peak,Day,738,808,42,98,14,3.81,3.04,1.17
Bakuli Intersection,2026-06-02,8,Peak,Day,739,899,20,101,10,4.29,2.29,1.18
Bakuli Intersection,2026-06-02,8,Peak,Day,767,912,23,91,10,3.32,2.72,1.27
Bakuli Intersection,2026-06-02,8,Peak,Day,745,860,6,67,10,4.18,3.13,1.15
Bakuli Intersection,2026-06-02,9,Off-Peak,Day,354,402,8,48,6,2.73,2.75,0.53
Bakuli Intersection,2026-06-02,9,Off-Peak,Day,331,440,17,46,6,3.28,2.68,0.62
Bakuli Intersection,2026-06-02,9,Off-Peak,Day,353,396,8,45,5,3.05,2.39,0.48
Bakuli Intersection,2026-06-02,9,Off-Peak,Day,351,402,10,59,8,2.7,2.08,0.54
Bakuli Intersection,2026-06-02,10,Off-Peak,Day,329,353,8,35,4,3.6,2.28,0.51
Bakuli Intersection,2026-06-02,10,Off-Peak,Day,309,383,8,41,7,3.12,2.62,0.43
Bakuli Intersection,2026-06-02,10,Off-Peak,Day,436,398,13,39,5,3.26,2.17,0.53
Bakuli Intersection,2026-06-02,10,Off-Peak,Day,322,380,19,43,10,4.22,2.83,0.52
Bakuli Intersection,2026-06-02,11,Off-Peak,Day,336,380,15,25,4,3.28,1.94,0.57
Bakuli Intersection,2026-06-02,11,Off-Peak,Day,383,414,10,47,8,2.45,2.13,0.58
Bakuli Intersection,2026-06-02,11,Off-Peak,Day,314,354,23,45,11,4.41,2.44,0.6
Bakuli Intersection,2026-06-02,11,Off-Peak,Day,270,423,13,34,6,3.01,2.17,0.46
Bakuli Intersection,2026-06-02,12,Off-Peak,Day,251,281,4,50,1,3.91,2.29,0.42
Bakuli Intersection,2026-06-02,12,Off-Peak,Day,261,350,3,42,2,2.75,2.77,0.48
Bakuli Intersection,2026-06-02,12,Off-Peak,Day,259,270,12,29,6,2.98,2.68,0.46
Bakuli Intersection,2026-06-02,12,Off-Peak,Day,249,302,2,29,1,3.45,2.43,0.37
Bakuli Intersection,2026-06-02,13,Off-Peak,Day,208,293,2,47,0,3.04,3.06,0.35
Bakuli Intersection,2026-06-02,13,Off-Peak,Day,296,323,6,16,7,3.55,4.07,0.46
Bakuli Intersection,2026-06-02,13,Off-Peak,Day,343,306,2,45,4,3.02,2.63,0.46
Bakuli Intersection,2026-06-02,13,Off-Peak,Day,308,301,2,28,3,3.03,2.64,0.51
Bakuli Intersection,2026-06-02,14,Off-Peak,Day,314,351,4,65,4,3.35,3.02,0.54
Bakuli Intersection,2026-06-02,14,Off-Peak,Day,314,316,4,42,5,3.24,2.59,0.48
Bakuli Intersection,2026-06-02,14,Off-Peak,Day,322,358,22,37,2,3.74,3.09,0.56
Bakuli Intersection,2026-06-02,14,Off-Peak,Day,279,258,5,38,7,3.62,2.42,0.38
Bakuli Intersection,2026-06-02,15,Off-Peak,Day,242,321,12,6,4,3.9,2.81,0.32
Bakuli Intersection,2026-06-02,15,Off-Peak,Day,335,280,13,63,7,3.87,2.06,0.47
Bakuli Intersection,2026-06-02,15,Off-Peak,Day,261,296,3,29,8,3.48,2.27,0.4
Bakuli Intersection,2026-06-02,15,Off-Peak,Day,292,241,2,41,0,3.76,2.54,0.5
Bakuli Intersection,2026-06-02,16,Off-Peak,Day,366,467,23,61,7,3.67,2.62,0.7
Bakuli Intersection,2026-06-02,16,Off-Peak,Day,362,440,2,60,3,4.06,2.74,0.72
Bakuli Intersection,2026-06-02,16,Off-Peak,Day,388,407,14,60,7,3.47,2.44,0.54
Bakuli Intersection,2026-06-02,16,Off-Peak,Day,365,428,2,82,8,3.54,1.88,0.54
Bakuli Intersection,2026-06-02,17,Peak,Day,668,767,32,89,4,3.01,2.92,1.01
Bakuli Intersection,2026-06-02,17,Peak,Day,586,752,11,80,11,3.09,2.96,0.97
Bakuli Intersection,2026-06-02,17,Peak,Day,671,778,9,78,6,2.06,2.24,1.07
Bakuli Intersection,2026-06-02,17,Peak,Day,650,773,27,78,7,2.82,2.42,1.07
Bakuli Intersection,2026-06-02,18,Peak,Day,690,747,28,76,10,3.88,2.37,0.97
Bakuli Intersection,2026-06-02,18,Peak,Day,727,716,27,64,7,4.17,2.16,1.02
Bakuli Intersection,2026-06-02,18,Peak,Day,692,722,19,68,9,3.25,2.29,1.02
Bakuli Intersection,2026-06-02,18,Peak,Day,696,841,11,73,8,2.67,3.18,1.16
Bwaise Junction,2026-06-02,7,Peak,Day,698,692,24,93,10,3.42,2.4,1.07
Bwaise Junction,2026-06-02,7,Peak,Day,646,643,32,57,7,3.27,2.99,0.97
Bwaise Junction,2026-06-02,7,Peak,Day,646,648,6,80,7,2.87,3.01,0.98
Bwaise Junction,2026-06-02,7,Peak,Day,661,716,30,78,5,4.12,2.93,1.07
Bwaise Junction,2026-06-02,8,Peak,Day,725,750,19,86,10,2.72,2.39,1.0
Bwaise Junction,2026-06-02,8,Peak,Day,670,817,22,82,8,3.82,3.16,1.06
Bwaise Junction,2026-06-02,8,Peak,Day,691,821,21,74,8,2.35,3.03,1.15
Bwaise Junction,2026-06-02,8,Peak,Day,698,798,25,78,3,3.32,2.68,1.18
Bwaise Junction,2026-06-02,9,Off-Peak,Day,316,414,19,49,8,3.25,2.26,0.45
Bwaise Junction,2026-06-02,9,Off-Peak,Day,368,367,15,44,5,3.72,2.35,0.51
Bwaise Junction,2026-06-02,9,Off-Peak,Day,338,354,2,33,2,3.96,2.63,0.51
Bwaise Junction,2026-06-02,9,Off-Peak,Day,367,377,7,44,2,3.11,2.56,0.46
Bwaise Junction,2026-06-02,10,Off-Peak,Day,319,338,10,57,1,2.8,2.2,0.54
Bwaise Junction,2026-06-02,10,Off-Peak,Day,316,415,2,56,8,2.75,2.37,0.58
Bwaise Junction,2026-06-02,10,Off-Peak,Day,380,328,5,60,8,3.1,2.78,0.63
Bwaise Junction,2026-06-02,10,Off-Peak,Day,312,314,29,27,7,3.11,2.67,0.38
Bwaise Junction,2026-06-02,11,Off-Peak,Day,331,365,12,62,2,2.91,2.83,0.5
Bwaise Junction,2026-06-02,11,Off-Peak,Day,332,403,18,33,10,3.67,3.21,0.63
Bwaise Junction,2026-06-02,11,Off-Peak,Day,298,326,2,56,2,3.99,2.78,0.51
Bwaise Junction,2026-06-02,11,Off-Peak,Day,282,322,13,62,7,3.09,1.69,0.47
Bwaise Junction,2026-06-02,12,Off-Peak,Day,330,245,2,41,7,3.39,2.88,0.37
Bwaise Junction,2026-06-02,12,Off-Peak,Day,364,230,9,52,3,3.52,2.21,0.49
Bwaise Junction,2026-06-02,12,Off-Peak,Day,198,321,11,43,6,3.48,2.56,0.45
Bwaise Junction,2026-06-02,12,Off-Peak,Day,239,344,2,56,3,2.85,2.97,0.45
Bwaise Junction,2026-06-02,13,Off-Peak,Day,344,275,14,36,5,3.19,2.15,0.5
Bwaise Junction,2026-06-02,13,Off-Peak,Day,301,274,16,57,8,3.34,2.72,0.46
Bwaise Junction,2026-06-02,13,Off-Peak,Day,277,224,2,51,0,3.13,2.42,0.46
Bwaise Junction,2026-06-02,13,Off-Peak,Day,266,367,4,11,8,2.7,2.07,0.47
Bwaise Junction,2026-06-02,14,Off-Peak,Day,248,270,23,55,5,3.41,2.09,0.37
Bwaise Junction,2026-06-02,14,Off-Peak,Day,318,338,18,46,10,2.71,2.68,0.5
Bwaise Junction,2026-06-02,14,Off-Peak,Day,246,302,26,47,4,3.86,3.43,0.38
Bwaise Junction,2026-06-02,14,Off-Peak,Day,249,254,11,45,8,3.3,2.26,0.41
Bwaise Junction,2026-06-02,15,Off-Peak,Day,305,347,2,22,9,4.0,1.96,0.5
Bwaise Junction,2026-06-02,15,Off-Peak,Day,271,331,2,63,6,2.79,2.99,0.45
Bwaise Junction,2026-06-02,15,Off-Peak,Day,333,299,2,60,6,3.04,2.36,0.48
Bwaise Junction,2026-06-02,15,Off-Peak,Day,279,287,13,39,4,3.53,2.11,0.32
Bwaise Junction,2026-06-02,16,Off-Peak,Day,328,363,4,41,4,3.04,2.57,0.61
Bwaise Junction,2026-06-02,16,Off-Peak,Day,391,432,16,43,10,2.46,2.09,0.71
Bwaise Junction,2026-06-02,16,Off-Peak,Day,353,455,11,49,13,3.41,2.91,0.67
Bwaise Junction,2026-06-02,16,Off-Peak,Day,367,402,22,59,9,2.51,2.18,0.6
Bwaise Junction,2026-06-02,17,Peak,Day,643,805,22,55,9,4.44,2.34,1.13
Bwaise Junction,2026-06-02,17,Peak,Day,666,734,26,70,9,3.64,2.55,0.91
Bwaise Junction,2026-06-02,17,Peak,Day,717,699,20,66,14,3.02,2.44,1.0
Bwaise Junction,2026-06-02,17,Peak,Day,653,675,29,65,6,3.51,2.67,0.98
Bwaise Junction,2026-06-02,18,Peak,Day,683,737,8,88,9,3.53,3.04,1.11
Bwaise Junction,2026-06-02,18,Peak,Day,642,817,26,82,9,2.66,2.62,1.02
Bwaise Junction,2026-06-02,18,Peak,Day,624,732,23,90,10,3.24,2.18,0.96
Bwaise Junction,2026-06-02,18,Peak,Day,631,707,19,56,7,1.84,3.32,0.95
Natete Junction,2026-06-02,7,Peak,Day,780,893,36,65,13,3.38,2.91,1.33
Natete Junction,2026-06-02,7,Peak,Day,747,876,29,80,6,3.25,2.47,1.19
Natete Junction,2026-06-02,7,Peak,Day,756,864,28,63,11,3.88,3.05,1.08
Natete Junction,2026-06-02,7,Peak,Day,702,878,25,78,5,4.07,2.77,1.14
Natete Junction,2026-06-02,8,Peak,Day,826,979,23,85,10,3.56,3.27,1.3
Natete Junction,2026-06-02,8,Peak,Day,880,984,37,83,12,3.32,2.52,1.35
Natete Junction,2026-06-02,8,Peak,Day,833,1005,26,87,10,3.91,2.15,1.33
Natete Junction,2026-06-02,8,Peak,Day,820,1009,44,93,6,3.94,1.61,1.35
Natete Junction,2026-06-02,9,Off-Peak,Day,304,402,17,78,4,3.2,3.33,0.5
Natete Junction,2026-06-02,9,Off-Peak,Day,355,500,2,81,5,4.35,3.14,0.59
Natete Junction,2026-06-02,9,Off-Peak,Day,363,439,19,56,6,3.74,2.07,0.68
Natete Junction,2026-06-02,9,Off-Peak,Day,402,468,24,76,2,3.03,1.87,0.67
Natete Junction,2026-06-02,10,Off-Peak,Day,460,345,15,55,7,3.24,1.98,0.61
Natete Junction,2026-06-02,10,Off-Peak,Day,345,331,14,70,8,3.41,2.93,0.53
Natete Junction,2026-06-02,10,Off-Peak,Day,404,407,14,71,6,2.66,2.61,0.63
Natete Junction,2026-06-02,10,Off-Peak,Day,350,386,6,43,12,4.26,2.01,0.62
Natete Junction,2026-06-02,11,Off-Peak,Day,307,369,12,41,9,3.83,2.74,0.49
Natete Junction,2026-06-02,11,Off-Peak,Day,301,447,30,66,2,3.47,2.41,0.63
Natete Junction,2026-06-02,11,Off-Peak,Day,327,478,5,52,7,2.91,2.93,0.56
Natete Junction,2026-06-02,11,Off-Peak,Day,338,398,2,54,4,3.65,2.79,0.57
Natete Junction,2026-06-02,12,Off-Peak,Day,284,378,2,54,0,2.31,2.52,0.51
Natete Junction,2026-06-02,12,Off-Peak,Day,260,297,25,53,0,3.6,2.25,0.41
Natete Junction,2026-06-02,12,Off-Peak,Day,320,347,8,47,3,3.24,2.68,0.52
Natete Junction,2026-06-02,12,Off-Peak,Day,287,291,6,43,2,3.43,2.59,0.38
Natete Junction,2026-06-02,13,Off-Peak,Day,292,362,17,52,6,3.37,2.65,0.46
Natete Junction,2026-06-02,13,Off-Peak,Day,234,352,10,72,3,3.49,2.62,0.43
Natete Junction,2026-06-02,13,Off-Peak,Day,263,375,20,53,4,3.81,2.85,0.51
Natete Junction,2026-06-02,13,Off-Peak,Day,336,343,2,47,4,3.9,2.47,0.5
Natete Junction,2026-06-02,14,Off-Peak,Day,299,359,2,61,6,4.54,2.61,0.46
Natete Junction,2026-06-02,14,Off-Peak,Day,308,374,21,57,8,3.74,2.37,0.58
Natete Junction,2026-06-02,14,Off-Peak,Day,325,390,6,44,7,2.84,2.17,0.61
Natete Junction,2026-06-02,14,Off-Peak,Day,324,331,9,63,6,2.58,1.97,0.51
Natete Junction,2026-06-02,15,Off-Peak,Day,233,386,13,44,14,3.21,2.46,0.59
Natete Junction,2026-06-02,15,Off-Peak,Day,367,280,18,24,2,3.55,2.93,0.51
Natete Junction,2026-06-02,15,Off-Peak,Day,226,380,2,36,0,3.7,2.45,0.45
Natete Junction,2026-06-02,15,Off-Peak,Day,302,331,7,30,2,3.46,2.57,0.49
Natete Junction,2026-06-02,16,Off-Peak,Day,424,398,7,66,10,3.01,2.63,0.55
Natete Junction,2026-06-02,16,Off-Peak,Day,415,457,25,41,6,3.44,2.49,0.75
Natete Junction,2026-06-02,16,Off-Peak,Day,430,452,17,74,7,2.81,3.02,0.68
Natete Junction,2026-06-02,16,Off-Peak,Day,411,525,20,58,4,2.41,2.69,0.66
Natete Junction,2026-06-02,17,Peak,Day,756,816,13,78,7,2.78,2.03,1.14
Natete Junction,2026-06-02,17,Peak,Day,780,912,31,69,8,3.59,2.34,1.31
Natete Junction,2026-06-02,17,Peak,Day,791,899,30,76,7,2.8,2.09,1.25
Natete Junction,2026-06-02,17,Peak,Day,743,850,16,81,5,3.32,1.71,1.19
Natete Junction,2026-06-02,18,Peak,Day,827,859,33,84,5,2.67,1.78,1.25
Natete Junction,2026-06-02,18,Peak,Day,795,883,24,65,6,3.28,2.57,1.24
Natete Junction,2026-06-02,18,Peak,Day,840,852,22,85,11,3.2,2.29,1.27
Natete Junction,2026-06-02,18,Peak,Day,749,860,36,75,11,2.82,2.38,1.21
Wandegeya Junction,2026-06-03,7,Peak,Day,719,875,21,60,12,3.85,2.31,1.2
Wandegeya Junction,2026-06-03,7,Peak,Day,693,815,24,82,11,3.12,2.44,1.07
Wandegeya Junction,2026-06-03,7,Peak,Day,764,807,14,74,6,3.3,2.41,1.11
Wandegeya Junction,2026-06-03,7,Peak,Day,718,849,23,96,8,2.6,2.56,1.22
Wandegeya Junction,2026-06-03,8,Peak,Day,774,900,20,99,11,2.53,2.42,1.26
Wandegeya Junction,2026-06-03,8,Peak,Day,832,856,31,74,8,2.2,2.44,1.27
Wandegeya Junction,2026-06-03,8,Peak,Day,856,957,30,92,6,3.1,2.9,1.24
Wandegeya Junction,2026-06-03,8,Peak,Day,851,946,40,90,7,4.13,2.12,1.33
Wandegeya Junction,2026-06-03,9,Off-Peak,Day,368,480,26,40,7,2.59,2.59,0.6
Wandegeya Junction,2026-06-03,9,Off-Peak,Day,350,367,21,55,5,3.77,2.48,0.58
Wandegeya Junction,2026-06-03,9,Off-Peak,Day,387,413,28,37,5,3.78,2.68,0.58
Wandegeya Junction,2026-06-03,9,Off-Peak,Day,386,454,3,75,8,3.33,2.66,0.68
Wandegeya Junction,2026-06-03,10,Off-Peak,Day,314,392,22,44,6,3.0,1.54,0.6
Wandegeya Junction,2026-06-03,10,Off-Peak,Day,392,427,9,59,4,3.56,2.17,0.55
Wandegeya Junction,2026-06-03,10,Off-Peak,Day,380,382,30,46,5,3.86,2.57,0.57
Wandegeya Junction,2026-06-03,10,Off-Peak,Day,427,408,6,63,3,3.46,1.74,0.64
Wandegeya Junction,2026-06-03,11,Off-Peak,Day,387,368,28,38,6,3.48,2.58,0.57
Wandegeya Junction,2026-06-03,11,Off-Peak,Day,392,407,16,38,9,4.88,2.05,0.68
Wandegeya Junction,2026-06-03,11,Off-Peak,Day,269,406,13,44,11,2.46,2.31,0.47
Wandegeya Junction,2026-06-03,11,Off-Peak,Day,368,302,2,51,0,4.12,2.64,0.48
Wandegeya Junction,2026-06-03,12,Off-Peak,Day,283,321,3,48,0,1.95,2.25,0.48
Wandegeya Junction,2026-06-03,12,Off-Peak,Day,307,321,6,25,1,3.26,2.27,0.47
Wandegeya Junction,2026-06-03,12,Off-Peak,Day,309,299,6,41,11,2.37,2.81,0.39
Wandegeya Junction,2026-06-03,12,Off-Peak,Day,273,289,4,39,9,3.73,1.93,0.46
Wandegeya Junction,2026-06-03,13,Off-Peak,Day,199,303,2,56,6,3.29,2.22,0.38
Wandegeya Junction,2026-06-03,13,Off-Peak,Day,325,271,12,48,7,3.65,3.63,0.44
Wandegeya Junction,2026-06-03,13,Off-Peak,Day,312,306,9,46,6,2.79,2.58,0.48
Wandegeya Junction,2026-06-03,13,Off-Peak,Day,314,374,22,41,6,2.82,2.63,0.54
Wandegeya Junction,2026-06-03,14,Off-Peak,Day,281,349,2,49,1,3.59,2.22,0.52
Wandegeya Junction,2026-06-03,14,Off-Peak,Day,298,324,2,46,3,3.11,2.38,0.36
Wandegeya Junction,2026-06-03,14,Off-Peak,Day,279,409,15,22,8,3.73,2.53,0.49
Wandegeya Junction,2026-06-03,14,Off-Peak,Day,290,298,19,62,4,3.92,2.09,0.48
Wandegeya Junction,2026-06-03,15,Off-Peak,Day,277,330,15,45,0,3.98,2.85,0.42
Wandegeya Junction,2026-06-03,15,Off-Peak,Day,306,323,9,61,4,3.87,2.19,0.5
Wandegeya Junction,2026-06-03,15,Off-Peak,Day,244,400,22,40,3,3.07,2.08,0.39
Wandegeya Junction,2026-06-03,15,Off-Peak,Day,293,374,5,47,5,2.86,3.22,0.44
Wandegeya Junction,2026-06-03,16,Off-Peak,Day,475,460,8,62,9,3.24,2.34,0.76
Wandegeya Junction,2026-06-03,16,Off-Peak,Day,429,505,14,62,8,3.49,2.62,0.78
Wandegeya Junction,2026-06-03,16,Off-Peak,Day,325,485,2,61,5,3.27,2.95,0.62
Wandegeya Junction,2026-06-03,16,Off-Peak,Day,391,509,15,60,8,2.98,2.53,0.65
Wandegeya Junction,2026-06-03,17,Peak,Day,766,832,26,55,6,3.15,2.4,1.2
Wandegeya Junction,2026-06-03,17,Peak,Day,724,781,34,75,6,3.21,2.7,1.07
Wandegeya Junction,2026-06-03,17,Peak,Day,759,915,26,73,8,2.88,2.27,1.2
Wandegeya Junction,2026-06-03,17,Peak,Day,761,936,22,68,6,3.5,2.61,1.23
Wandegeya Junction,2026-06-03,18,Peak,Day,664,747,36,71,11,1.8,2.73,0.98
Wandegeya Junction,2026-06-03,18,Peak,Day,711,803,28,65,8,3.55,1.36,1.08
Wandegeya Junction,2026-06-03,18,Peak,Day,709,832,19,71,10,3.32,2.72,1.04
Wandegeya Junction,2026-06-03,18,Peak,Day,732,855,41,55,0,3.3,2.97,1.2
Kibuye Roundabout,2026-06-03,7,Peak,Day,855,1016,18,86,8,2.51,3.04,1.35
Kibuye Roundabout,2026-06-03,7,Peak,Day,854,879,24,66,12,4.03,2.47,1.25
Kibuye Roundabout,2026-06-03,7,Peak,Day,868,918,14,89,8,3.38,3.38,1.23
Kibuye Roundabout,2026-06-03,7,Peak,Day,834,984,33,83,8,3.42,2.91,1.28
Kibuye Roundabout,2026-06-03,8,Peak,Day,979,1042,25,79,11,3.68,2.38,1.35
Kibuye Roundabout,2026-06-03,8,Peak,Day,947,1057,32,66,5,3.23,2.29,1.35
Kibuye Roundabout,2026-06-03,8,Peak,Day,892,965,21,88,7,3.27,2.65,1.31
Kibuye Roundabout,2026-06-03,8,Peak,Day,877,1092,49,101,6,3.07,2.57,1.35
Kibuye Roundabout,2026-06-03,9,Off-Peak,Day,421,470,26,54,1,3.9,1.89,0.66
Kibuye Roundabout,2026-06-03,9,Off-Peak,Day,404,410,5,50,4,2.81,2.78,0.53
Kibuye Roundabout,2026-06-03,9,Off-Peak,Day,344,424,3,68,5,3.32,1.8,0.56
Kibuye Roundabout,2026-06-03,9,Off-Peak,Day,413,433,17,72,2,3.38,2.37,0.7
Kibuye Roundabout,2026-06-03,10,Off-Peak,Day,376,476,13,44,3,3.0,2.86,0.68
Kibuye Roundabout,2026-06-03,10,Off-Peak,Day,365,454,26,43,7,3.54,2.24,0.63
Kibuye Roundabout,2026-06-03,10,Off-Peak,Day,397,344,2,53,8,4.27,2.91,0.56
Kibuye Roundabout,2026-06-03,10,Off-Peak,Day,380,425,8,38,2,2.28,2.52,0.56
Kibuye Roundabout,2026-06-03,11,Off-Peak,Day,301,421,10,62,6,3.6,2.77,0.54
Kibuye Roundabout,2026-06-03,11,Off-Peak,Day,331,416,15,68,3,3.04,2.51,0.68
Kibuye Roundabout,2026-06-03,11,Off-Peak,Day,367,335,7,47,2,3.8,2.76,0.53
Kibuye Roundabout,2026-06-03,11,Off-Peak,Day,431,416,2,44,5,2.97,2.58,0.63
Kibuye Roundabout,2026-06-03,12,Off-Peak,Day,285,310,5,27,4,3.56,2.83,0.46
Kibuye Roundabout,2026-06-03,12,Off-Peak,Day,281,371,13,28,1,3.84,2.88,0.43
Kibuye Roundabout,2026-06-03,12,Off-Peak,Day,337,302,14,49,4,3.24,2.35,0.53
Kibuye Roundabout,2026-06-03,12,Off-Peak,Day,330,310,14,44,1,3.4,2.74,0.36
Kibuye Roundabout,2026-06-03,13,Off-Peak,Day,245,339,13,20,8,3.93,2.88,0.38
Kibuye Roundabout,2026-06-03,13,Off-Peak,Day,274,367,3,36,5,2.41,1.61,0.45
Kibuye Roundabout,2026-06-03,13,Off-Peak,Day,294,331,12,55,8,3.13,2.7,0.47
Kibuye Roundabout,2026-06-03,13,Off-Peak,Day,321,375,2,55,0,2.86,2.54,0.48
Kibuye Roundabout,2026-06-03,14,Off-Peak,Day,372,340,15,42,8,3.93,2.62,0.55
Kibuye Roundabout,2026-06-03,14,Off-Peak,Day,273,297,2,55,8,3.72,2.97,0.53
Kibuye Roundabout,2026-06-03,14,Off-Peak,Day,279,394,6,53,5,3.46,3.01,0.53
Kibuye Roundabout,2026-06-03,14,Off-Peak,Day,339,393,21,54,3,2.6,2.92,0.6
Kibuye Roundabout,2026-06-03,15,Off-Peak,Day,324,319,2,53,4,3.51,2.27,0.4
Kibuye Roundabout,2026-06-03,15,Off-Peak,Day,314,369,18,35,2,3.73,3.17,0.49
Kibuye Roundabout,2026-06-03,15,Off-Peak,Day,351,266,4,32,1,2.51,2.67,0.38
Kibuye Roundabout,2026-06-03,15,Off-Peak,Day,327,381,9,50,6,2.71,2.92,0.53
Kibuye Roundabout,2026-06-03,16,Off-Peak,Day,407,487,10,55,5,3.47,2.14,0.68
Kibuye Roundabout,2026-06-03,16,Off-Peak,Day,477,514,11,90,10,2.61,2.81,0.82
Kibuye Roundabout,2026-06-03,16,Off-Peak,Day,420,501,14,77,8,3.67,2.24,0.66
Kibuye Roundabout,2026-06-03,16,Off-Peak,Day,429,486,17,75,3,2.39,2.26,0.79
Kibuye Roundabout,2026-06-03,17,Peak,Day,863,944,32,80,9,4.0,2.84,1.32
Kibuye Roundabout,2026-06-03,17,Peak,Day,809,945,36,77,5,3.03,2.76,1.31
Kibuye Roundabout,2026-06-03,17,Peak,Day,903,912,20,84,10,3.73,2.01,1.3
Kibuye Roundabout,2026-06-03,17,Peak,Day,843,924,41,77,10,2.93,2.41,1.28
Kibuye Roundabout,2026-06-03,18,Peak,Day,906,925,20,91,8,3.3,2.81,1.3
Kibuye Roundabout,2026-06-03,18,Peak,Day,884,989,28,92,6,2.99,2.58,1.32
Kibuye Roundabout,2026-06-03,18,Peak,Day,767,948,33,83,7,3.51,3.02,1.33
Kibuye Roundabout,2026-06-03,18,Peak,Day,875,1013,27,97,4,3.13,2.7,1.35
Bakuli Intersection,2026-06-03,7,Peak,Day,651,768,29,48,12,3.33,2.38,1.01
Bakuli Intersection,2026-06-03,7,Peak,Day,581,764,32,71,6,2.86,2.81,1.09
Bakuli Intersection,2026-06-03,7,Peak,Day,724,738,26,64,11,2.53,2.28,1.1
Bakuli Intersection,2026-06-03,7,Peak,Day,709,738,26,37,9,2.29,1.37,0.99
Bakuli Intersection,2026-06-03,8,Peak,Day,760,841,32,97,10,2.6,2.49,1.28
Bakuli Intersection,2026-06-03,8,Peak,Day,747,840,13,88,9,3.65,3.36,1.2
Bakuli Intersection,2026-06-03,8,Peak,Day,723,860,23,71,13,3.02,2.31,1.15
Bakuli Intersection,2026-06-03,8,Peak,Day,750,824,32,100,6,3.63,1.85,1.18
Bakuli Intersection,2026-06-03,9,Off-Peak,Day,323,437,16,42,8,3.73,2.6,0.62
Bakuli Intersection,2026-06-03,9,Off-Peak,Day,339,463,10,45,2,2.9,2.12,0.63
Bakuli Intersection,2026-06-03,9,Off-Peak,Day,343,401,2,56,8,3.2,2.42,0.58
Bakuli Intersection,2026-06-03,9,Off-Peak,Day,404,410,16,48,3,3.63,2.73,0.54
Bakuli Intersection,2026-06-03,10,Off-Peak,Day,337,441,16,45,8,3.0,2.74,0.58
Bakuli Intersection,2026-06-03,10,Off-Peak,Day,354,388,15,50,12,3.66,2.54,0.62
Bakuli Intersection,2026-06-03,10,Off-Peak,Day,360,385,20,47,5,3.41,2.3,0.4
Bakuli Intersection,2026-06-03,10,Off-Peak,Day,342,337,24,50,2,3.45,2.88,0.54
Bakuli Intersection,2026-06-03,11,Off-Peak,Day,325,309,5,57,6,3.3,2.67,0.51
Bakuli Intersection,2026-06-03,11,Off-Peak,Day,314,370,24,35,2,3.85,2.4,0.52
Bakuli Intersection,2026-06-03,11,Off-Peak,Day,309,343,9,52,0,2.97,2.79,0.56
Bakuli Intersection,2026-06-03,11,Off-Peak,Day,347,391,2,53,2,2.71,2.4,0.56
Bakuli Intersection,2026-06-03,12,Off-Peak,Day,297,304,17,28,6,2.14,2.81,0.45
Bakuli Intersection,2026-06-03,12,Off-Peak,Day,312,259,9,2,5,2.45,2.11,0.42
Bakuli Intersection,2026-06-03,12,Off-Peak,Day,259,332,31,32,0,3.17,2.34,0.44
Bakuli Intersection,2026-06-03,12,Off-Peak,Day,279,297,8,25,5,2.27,2.8,0.33
Bakuli Intersection,2026-06-03,13,Off-Peak,Day,280,262,13,33,3,2.93,2.76,0.33
Bakuli Intersection,2026-06-03,13,Off-Peak,Day,268,348,21,19,6,3.45,2.4,0.42
Bakuli Intersection,2026-06-03,13,Off-Peak,Day,252,343,20,39,4,2.88,2.49,0.44
Bakuli Intersection,2026-06-03,13,Off-Peak,Day,291,321,9,51,7,3.73,2.03,0.42
Bakuli Intersection,2026-06-03,14,Off-Peak,Day,309,247,14,44,3,3.98,2.24,0.39
Bakuli Intersection,2026-06-03,14,Off-Peak,Day,290,351,3,41,8,2.21,2.29,0.5
Bakuli Intersection,2026-06-03,14,Off-Peak,Day,304,219,5,73,6,3.89,3.44,0.43
Bakuli Intersection,2026-06-03,14,Off-Peak,Day,321,329,17,41,3,2.96,1.96,0.45
Bakuli Intersection,2026-06-03,15,Off-Peak,Day,223,325,9,41,5,4.84,3.04,0.39
Bakuli Intersection,2026-06-03,15,Off-Peak,Day,290,293,2,30,0,2.96,2.89,0.45
Bakuli Intersection,2026-06-03,15,Off-Peak,Day,330,283,17,48,6,2.91,3.14,0.45
Bakuli Intersection,2026-06-03,15,Off-Peak,Day,304,285,11,27,3,2.77,2.5,0.43
Bakuli Intersection,2026-06-03,16,Off-Peak,Day,356,472,2,66,5,2.79,2.35,0.57
Bakuli Intersection,2026-06-03,16,Off-Peak,Day,428,425,19,45,7,3.04,3.03,0.6
Bakuli Intersection,2026-06-03,16,Off-Peak,Day,401,394,20,61,9,3.98,3.02,0.59
Bakuli Intersection,2026-06-03,16,Off-Peak,Day,406,468,27,76,7,3.08,2.6,0.65
Bakuli Intersection,2026-06-03,17,Peak,Day,680,814,13,47,12,3.07,2.72,1.14
Bakuli Intersection,2026-06-03,17,Peak,Day,728,810,24,56,9,3.34,2.21,1.11
Bakuli Intersection,2026-06-03,17,Peak,Day,721,741,37,57,7,3.42,3.0,1.1
Bakuli Intersection,2026-06-03,17,Peak,Day,719,784,30,56,7,3.27,2.7,1.15
Bakuli Intersection,2026-06-03,18,Peak,Day,649,766,21,77,6,2.83,2.95,1.04
Bakuli Intersection,2026-06-03,18,Peak,Day,736,832,21,72,5,2.56,1.95,1.04
Bakuli Intersection,2026-06-03,18,Peak,Day,689,786,35,46,4,3.44,2.44,1.12
Bakuli Intersection,2026-06-03,18,Peak,Day,742,762,28,74,8,2.25,2.77,1.23
Bwaise Junction,2026-06-03,7,Peak,Day,661,695,21,70,10,3.7,2.16,1.16
Bwaise Junction,2026-06-03,7,Peak,Day,625,649,19,67,10,3.82,2.7,0.88
Bwaise Junction,2026-06-03,7,Peak,Day,636,785,16,80,8,3.34,2.3,1.04
Bwaise Junction,2026-06-03,7,Peak,Day,712,727,5,76,7,3.21,1.86,1.02
Bwaise Junction,2026-06-03,8,Peak,Day,669,760,43,73,12,2.68,3.0,1.07
Bwaise Junction,2026-06-03,8,Peak,Day,731,830,30,107,15,4.11,2.65,1.15
Bwaise Junction,2026-06-03,8,Peak,Day,653,795,28,69,11,2.26,2.49,1.13
Bwaise Junction,2026-06-03,8,Peak,Day,706,831,33,83,10,2.69,2.05,1.13
Bwaise Junction,2026-06-03,9,Off-Peak,Day,352,390,17,47,5,3.13,1.96,0.61
Bwaise Junction,2026-06-03,9,Off-Peak,Day,344,397,18,72,5,2.71,2.41,0.59
Bwaise Junction,2026-06-03,9,Off-Peak,Day,297,404,17,54,6,3.47,3.09,0.59
Bwaise Junction,2026-06-03,9,Off-Peak,Day,356,399,4,39,8,3.29,2.7,0.67
Bwaise Junction,2026-06-03,10,Off-Peak,Day,309,303,12,41,1,3.24,2.36,0.54
Bwaise Junction,2026-06-03,10,Off-Peak,Day,295,345,18,50,8,3.42,2.53,0.52
Bwaise Junction,2026-06-03,10,Off-Peak,Day,341,335,14,50,2,3.06,3.52,0.52
Bwaise Junction,2026-06-03,10,Off-Peak,Day,285,370,11,56,10,2.51,2.83,0.48
Bwaise Junction,2026-06-03,11,Off-Peak,Day,301,346,2,46,7,3.16,2.49,0.45
Bwaise Junction,2026-06-03,11,Off-Peak,Day,320,373,12,57,6,2.51,2.52,0.55
Bwaise Junction,2026-06-03,11,Off-Peak,Day,342,328,14,39,3,3.82,2.34,0.53
Bwaise Junction,2026-06-03,11,Off-Peak,Day,321,351,18,44,7,4.44,2.16,0.53
Bwaise Junction,2026-06-03,12,Off-Peak,Day,245,262,13,39,4,3.21,2.05,0.53
Bwaise Junction,2026-06-03,12,Off-Peak,Day,191,293,11,39,6,3.05,2.44,0.42
Bwaise Junction,2026-06-03,12,Off-Peak,Day,224,309,3,24,3,3.57,3.22,0.34
Bwaise Junction,2026-06-03,12,Off-Peak,Day,199,292,2,39,5,3.2,2.65,0.35
Bwaise Junction,2026-06-03,13,Off-Peak,Day,208,296,17,44,1,2.98,2.48,0.48
Bwaise Junction,2026-06-03,13,Off-Peak,Day,255,237,14,36,7,2.88,2.87,0.36
Bwaise Junction,2026-06-03,13,Off-Peak,Day,258,316,7,50,11,3.88,2.3,0.48
Bwaise Junction,2026-06-03,13,Off-Peak,Day,278,315,2,28,4,3.48,2.7,0.45
Bwaise Junction,2026-06-03,14,Off-Peak,Day,263,296,12,27,10,3.19,2.13,0.42
Bwaise Junction,2026-06-03,14,Off-Peak,Day,244,299,33,47,6,4.2,2.7,0.48
Bwaise Junction,2026-06-03,14,Off-Peak,Day,272,329,2,67,0,3.39,2.84,0.52
Bwaise Junction,2026-06-03,14,Off-Peak,Day,252,346,9,50,7,3.0,1.88,0.46
Bwaise Junction,2026-06-03,15,Off-Peak,Day,291,272,16,35,3,2.89,2.05,0.35
Bwaise Junction,2026-06-03,15,Off-Peak,Day,250,245,6,65,8,3.44,2.67,0.36
Bwaise Junction,2026-06-03,15,Off-Peak,Day,247,354,19,34,0,3.95,3.54,0.49
Bwaise Junction,2026-06-03,15,Off-Peak,Day,300,294,2,50,0,2.91,2.53,0.38
Bwaise Junction,2026-06-03,16,Off-Peak,Day,410,476,8,65,11,2.69,3.05,0.69
Bwaise Junction,2026-06-03,16,Off-Peak,Day,419,498,8,63,2,3.96,2.43,0.64
Bwaise Junction,2026-06-03,16,Off-Peak,Day,413,463,14,61,5,3.73,2.72,0.64
Bwaise Junction,2026-06-03,16,Off-Peak,Day,425,430,11,47,4,3.16,2.99,0.58
Bwaise Junction,2026-06-03,17,Peak,Day,652,700,16,68,3,3.2,2.72,0.98
Bwaise Junction,2026-06-03,17,Peak,Day,604,770,24,74,8,3.04,2.59,1.02
Bwaise Junction,2026-06-03,17,Peak,Day,585,705,26,68,8,2.91,2.3,1.02
Bwaise Junction,2026-06-03,17,Peak,Day,618,713,18,81,4,2.45,2.28,1.01
Bwaise Junction,2026-06-03,18,Peak,Day,704,715,19,45,2,3.61,2.65,1.03
Bwaise Junction,2026-06-03,18,Peak,Day,686,705,23,82,3,2.4,2.39,0.99
Bwaise Junction,2026-06-03,18,Peak,Day,650,729,22,60,7,3.98,2.38,0.94
Bwaise Junction,2026-06-03,18,Peak,Day,701,677,18,58,4,3.52,2.8,1.0
Natete Junction,2026-06-03,7,Peak,Day,715,917,48,72,6,2.85,3.17,1.18
Natete Junction,2026-06-03,7,Peak,Day,794,947,34,61,4,2.95,2.56,1.16
Natete Junction,2026-06-03,7,Peak,Day,799,836,28,89,8,2.35,2.62,1.25
Natete Junction,2026-06-03,7,Peak,Day,779,914,18,80,5,2.53,2.96,1.24
Natete Junction,2026-06-03,8,Peak,Day,921,971,29,81,6,2.95,2.76,1.35
Natete Junction,2026-06-03,8,Peak,Day,812,969,27,74,9,3.76,2.46,1.24
Natete Junction,2026-06-03,8,Peak,Day,904,1030,29,87,6,2.96,2.25,1.33
Natete Junction,2026-06-03,8,Peak,Day,869,1019,31,80,8,3.47,2.48,1.35
Natete Junction,2026-06-03,9,Off-Peak,Day,369,406,8,52,8,2.63,3.21,0.57
Natete Junction,2026-06-03,9,Off-Peak,Day,342,423,16,60,11,3.79,3.06,0.53
Natete Junction,2026-06-03,9,Off-Peak,Day,382,399,8,56,5,3.85,2.2,0.62
Natete Junction,2026-06-03,9,Off-Peak,Day,391,452,2,61,5,4.06,2.65,0.63
Natete Junction,2026-06-03,10,Off-Peak,Day,354,412,10,75,5,3.06,2.94,0.59
Natete Junction,2026-06-03,10,Off-Peak,Day,388,422,28,56,0,3.37,2.67,0.65
Natete Junction,2026-06-03,10,Off-Peak,Day,358,402,7,68,4,3.52,1.99,0.68
Natete Junction,2026-06-03,10,Off-Peak,Day,349,331,12,75,7,3.38,1.95,0.56
Natete Junction,2026-06-03,11,Off-Peak,Day,382,354,8,22,4,3.37,2.79,0.52
Natete Junction,2026-06-03,11,Off-Peak,Day,361,444,17,34,6,2.68,1.9,0.63
Natete Junction,2026-06-03,11,Off-Peak,Day,329,427,6,45,2,3.86,2.51,0.53
Natete Junction,2026-06-03,11,Off-Peak,Day,348,448,10,43,9,3.22,3.5,0.6
Natete Junction,2026-06-03,12,Off-Peak,Day,281,281,2,55,9,3.91,2.42,0.52
Natete Junction,2026-06-03,12,Off-Peak,Day,235,412,7,49,3,2.81,2.66,0.55
Natete Junction,2026-06-03,12,Off-Peak,Day,316,328,8,26,4,3.29,2.81,0.52
Natete Junction,2026-06-03,12,Off-Peak,Day,293,305,2,53,4,3.84,2.78,0.49
Natete Junction,2026-06-03,13,Off-Peak,Day,272,346,12,39,3,2.81,1.72,0.44
Natete Junction,2026-06-03,13,Off-Peak,Day,314,292,5,46,10,4.12,2.66,0.51
Natete Junction,2026-06-03,13,Off-Peak,Day,282,320,20,13,8,3.02,2.4,0.52
Natete Junction,2026-06-03,13,Off-Peak,Day,321,391,4,25,5,3.36,2.68,0.5
Natete Junction,2026-06-03,14,Off-Peak,Day,309,344,9,58,6,2.66,2.35,0.51
Natete Junction,2026-06-03,14,Off-Peak,Day,314,379,18,68,7,3.04,1.48,0.55
Natete Junction,2026-06-03,14,Off-Peak,Day,302,368,9,45,3,2.83,2.69,0.41
Natete Junction,2026-06-03,14,Off-Peak,Day,310,365,24,58,2,2.93,2.85,0.54
Natete Junction,2026-06-03,15,Off-Peak,Day,318,315,11,54,10,3.13,2.59,0.44
Natete Junction,2026-06-03,15,Off-Peak,Day,288,233,17,62,6,3.0,3.13,0.33
Natete Junction,2026-06-03,15,Off-Peak,Day,340,339,22,47,4,2.86,2.18,0.58
Natete Junction,2026-06-03,15,Off-Peak,Day,306,401,18,38,4,3.3,1.91,0.48
Natete Junction,2026-06-03,16,Off-Peak,Day,380,512,11,73,1,4.55,2.52,0.74
Natete Junction,2026-06-03,16,Off-Peak,Day,530,432,9,64,7,3.48,2.3,0.79
Natete Junction,2026-06-03,16,Off-Peak,Day,419,444,7,65,4,3.93,2.3,0.57
Natete Junction,2026-06-03,16,Off-Peak,Day,425,487,4,43,7,4.16,2.71,0.61
Natete Junction,2026-06-03,17,Peak,Day,773,895,24,87,8,3.33,2.26,1.22
Natete Junction,2026-06-03,17,Peak,Day,726,938,25,83,5,3.34,2.09,1.32
Natete Junction,2026-06-03,17,Peak,Day,813,915,34,74,9,3.58,1.74,1.26
Natete Junction,2026-06-03,17,Peak,Day,859,868,24,72,6,2.2,2.41,1.2
Natete Junction,2026-06-03,18,Peak,Day,797,893,29,80,11,3.01,2.39,1.24
Natete Junction,2026-06-03,18,Peak,Day,848,874,32,81,9,3.31,1.91,1.22
Natete Junction,2026-06-03,18,Peak,Day,812,884,13,82,8,3.28,2.01,1.19
Natete Junction,2026-06-03,18,Peak,Day,752,891,39,67,9,3.04,2.84,1.2
Wandegeya Junction,2026-06-04,7,Peak,Day,761,797,26,60,8,3.61,2.47,1.12
Wandegeya Junction,2026-06-04,7,Peak,Day,687,912,27,74,10,3.45,1.98,1.14
Wandegeya Junction,2026-06-04,7,Peak,Day,731,837,29,85,4,3.53,3.34,1.13
Wandegeya Junction,2026-06-04,7,Peak,Day,764,832,24,100,2,2.49,1.5,1.19
Wandegeya Junction,2026-06-04,8,Peak,Day,831,918,31,84,18,3.56,2.24,1.29
Wandegeya Junction,2026-06-04,8,Peak,Day,818,913,31,107,12,2.15,2.36,1.3
Wandegeya Junction,2026-06-04,8,Peak,Day,818,973,50,102,9,2.08,2.77,1.3
Wandegeya Junction,2026-06-04,8,Peak,Day,832,879,22,82,9,2.74,2.98,1.27
Wandegeya Junction,2026-06-04,9,Off-Peak,Day,321,423,8,57,6,3.18,2.45,0.63
Wandegeya Junction,2026-06-04,9,Off-Peak,Day,408,434,4,51,0,2.69,2.26,0.69
Wandegeya Junction,2026-06-04,9,Off-Peak,Day,338,367,16,31,8,4.76,2.1,0.5
Wandegeya Junction,2026-06-04,9,Off-Peak,Day,360,437,5,51,7,2.61,1.78,0.54
Wandegeya Junction,2026-06-04,10,Off-Peak,Day,342,394,2,46,9,3.13,1.78,0.61
Wandegeya Junction,2026-06-04,10,Off-Peak,Day,340,379,8,45,3,2.98,2.58,0.52
Wandegeya Junction,2026-06-04,10,Off-Peak,Day,329,456,15,42,0,2.89,2.63,0.6
Wandegeya Junction,2026-06-04,10,Off-Peak,Day,409,433,2,36,1,2.93,2.17,0.69
Wandegeya Junction,2026-06-04,11,Off-Peak,Day,329,375,2,59,1,3.53,2.9,0.45
Wandegeya Junction,2026-06-04,11,Off-Peak,Day,379,386,2,64,5,3.22,2.92,0.45
Wandegeya Junction,2026-06-04,11,Off-Peak,Day,328,377,4,16,10,3.55,2.47,0.46
Wandegeya Junction,2026-06-04,11,Off-Peak,Day,356,375,22,40,7,3.62,2.06,0.46
Wandegeya Junction,2026-06-04,12,Off-Peak,Day,290,346,19,43,0,3.64,2.57,0.44
Wandegeya Junction,2026-06-04,12,Off-Peak,Day,299,281,19,33,4,4.14,2.68,0.32
Wandegeya Junction,2026-06-04,12,Off-Peak,Day,229,370,19,69,0,3.3,1.88,0.51
Wandegeya Junction,2026-06-04,12,Off-Peak,Day,314,296,13,56,0,3.37,2.51,0.39
Wandegeya Junction,2026-06-04,13,Off-Peak,Day,326,356,4,55,4,3.08,3.32,0.54
Wandegeya Junction,2026-06-04,13,Off-Peak,Day,372,337,3,28,8,3.73,2.99,0.52
Wandegeya Junction,2026-06-04,13,Off-Peak,Day,277,374,13,44,6,3.52,2.24,0.38
Wandegeya Junction,2026-06-04,13,Off-Peak,Day,320,345,23,50,1,4.3,2.66,0.59
Wandegeya Junction,2026-06-04,14,Off-Peak,Day,284,310,23,46,6,3.57,2.62,0.44
Wandegeya Junction,2026-06-04,14,Off-Peak,Day,322,376,2,47,8,3.53,2.03,0.46
Wandegeya Junction,2026-06-04,14,Off-Peak,Day,281,304,2,39,4,3.14,1.87,0.48
Wandegeya Junction,2026-06-04,14,Off-Peak,Day,274,339,19,50,5,3.54,2.16,0.53
Wandegeya Junction,2026-06-04,15,Off-Peak,Day,305,329,27,56,5,4.55,2.39,0.52
Wandegeya Junction,2026-06-04,15,Off-Peak,Day,302,378,7,26,0,2.48,2.33,0.46
Wandegeya Junction,2026-06-04,15,Off-Peak,Day,267,278,14,45,7,3.71,2.83,0.34
Wandegeya Junction,2026-06-04,15,Off-Peak,Day,341,423,18,40,5,3.3,3.11,0.55
Wandegeya Junction,2026-06-04,16,Off-Peak,Day,387,525,3,74,5,3.47,3.1,0.73
Wandegeya Junction,2026-06-04,16,Off-Peak,Day,453,575,15,69,6,3.12,3.46,0.81
Wandegeya Junction,2026-06-04,16,Off-Peak,Day,408,436,16,75,9,3.59,1.9,0.63
Wandegeya Junction,2026-06-04,16,Off-Peak,Day,433,538,16,53,2,2.63,3.03,0.67
Wandegeya Junction,2026-06-04,17,Peak,Day,760,891,38,79,7,3.14,1.88,1.21
Wandegeya Junction,2026-06-04,17,Peak,Day,747,872,28,78,7,3.34,2.8,1.15
Wandegeya Junction,2026-06-04,17,Peak,Day,752,852,17,68,6,2.73,2.64,1.18
Wandegeya Junction,2026-06-04,17,Peak,Day,786,936,19,67,9,3.82,1.99,1.22
Wandegeya Junction,2026-06-04,18,Peak,Day,718,834,30,65,10,3.58,2.36,1.1
Wandegeya Junction,2026-06-04,18,Peak,Day,754,812,25,80,12,3.89,3.1,1.12
Wandegeya Junction,2026-06-04,18,Peak,Day,698,854,19,70,13,2.9,2.04,1.14
Wandegeya Junction,2026-06-04,18,Peak,Day,729,844,34,88,6,3.29,2.77,1.17
Kibuye Roundabout,2026-06-04,7,Peak,Day,829,944,34,76,3,4.25,2.15,1.31
Kibuye Roundabout,2026-06-04,7,Peak,Day,806,970,23,86,7,3.35,1.87,1.26
Kibuye Roundabout,2026-06-04,7,Peak,Day,867,891,30,62,12,3.87,2.44,1.25
Kibuye Roundabout,2026-06-04,7,Peak,Day,852,906,27,82,6,3.47,2.39,1.23
Kibuye Roundabout,2026-06-04,8,Peak,Day,887,1109,31,100,11,2.44,3.28,1.35
Kibuye Roundabout,2026-06-04,8,Peak,Day,903,1062,32,104,8,3.84,2.07,1.35
Kibuye Roundabout,2026-06-04,8,Peak,Day,963,937,27,88,4,3.15,2.36,1.35
Kibuye Roundabout,2026-06-04,8,Peak,Day,891,1137,28,112,5,3.1,2.55,1.35
Kibuye Roundabout,2026-06-04,9,Off-Peak,Day,376,489,13,61,4,2.85,1.84,0.59
Kibuye Roundabout,2026-06-04,9,Off-Peak,Day,358,439,14,76,9,3.26,3.25,0.62
Kibuye Roundabout,2026-06-04,9,Off-Peak,Day,388,392,18,64,8,3.45,2.35,0.57
Kibuye Roundabout,2026-06-04,9,Off-Peak,Day,312,441,12,71,4,2.92,2.64,0.58
Kibuye Roundabout,2026-06-04,10,Off-Peak,Day,347,480,11,68,3,3.57,2.76,0.65
Kibuye Roundabout,2026-06-04,10,Off-Peak,Day,415,404,2,52,13,3.11,1.62,0.63
Kibuye Roundabout,2026-06-04,10,Off-Peak,Day,332,387,24,53,9,3.22,2.62,0.59
Kibuye Roundabout,2026-06-04,10,Off-Peak,Day,384,430,8,68,8,3.12,2.8,0.64
Kibuye Roundabout,2026-06-04,11,Off-Peak,Day,322,388,11,55,8,2.7,2.52,0.53
Kibuye Roundabout,2026-06-04,11,Off-Peak,Day,366,441,13,66,3,2.78,2.78,0.58
Kibuye Roundabout,2026-06-04,11,Off-Peak,Day,348,395,24,71,6,2.7,2.77,0.6
Kibuye Roundabout,2026-06-04,11,Off-Peak,Day,320,391,5,46,4,3.78,2.95,0.46
Kibuye Roundabout,2026-06-04,12,Off-Peak,Day,334,305,2,55,4,3.21,2.98,0.48
Kibuye Roundabout,2026-06-04,12,Off-Peak,Day,321,381,2,53,11,3.78,2.46,0.5
Kibuye Roundabout,2026-06-04,12,Off-Peak,Day,299,321,20,60,3,3.04,2.75,0.41
Kibuye Roundabout,2026-06-04,12,Off-Peak,Day,303,390,21,28,3,3.24,2.53,0.5
Kibuye Roundabout,2026-06-04,13,Off-Peak,Day,298,358,16,46,1,3.23,2.43,0.49
Kibuye Roundabout,2026-06-04,13,Off-Peak,Day,316,336,11,62,1,4.69,2.08,0.46
Kibuye Roundabout,2026-06-04,13,Off-Peak,Day,339,270,2,44,11,2.31,1.9,0.38
Kibuye Roundabout,2026-06-04,13,Off-Peak,Day,353,332,18,55,8,3.18,1.58,0.62
Kibuye Roundabout,2026-06-04,14,Off-Peak,Day,305,349,4,45,8,3.21,2.94,0.55
Kibuye Roundabout,2026-06-04,14,Off-Peak,Day,322,396,14,48,10,3.04,2.45,0.47
Kibuye Roundabout,2026-06-04,14,Off-Peak,Day,364,359,14,30,7,2.33,2.5,0.57
Kibuye Roundabout,2026-06-04,14,Off-Peak,Day,296,323,2,57,5,3.74,1.93,0.41
Kibuye Roundabout,2026-06-04,15,Off-Peak,Day,285,338,13,53,6,3.26,2.62,0.55
Kibuye Roundabout,2026-06-04,15,Off-Peak,Day,320,370,7,45,0,3.48,2.23,0.53
Kibuye Roundabout,2026-06-04,15,Off-Peak,Day,365,373,2,44,1,3.95,2.56,0.5
Kibuye Roundabout,2026-06-04,15,Off-Peak,Day,331,320,6,65,8,2.99,1.45,0.48
Kibuye Roundabout,2026-06-04,16,Off-Peak,Day,393,500,3,62,2,3.55,2.71,0.65
Kibuye Roundabout,2026-06-04,16,Off-Peak,Day,435,439,2,76,8,2.92,2.32,0.62
Kibuye Roundabout,2026-06-04,16,Off-Peak,Day,451,484,2,77,3,2.55,2.1,0.67
Kibuye Roundabout,2026-06-04,16,Off-Peak,Day,474,467,5,67,5,3.22,2.74,0.64
Kibuye Roundabout,2026-06-04,17,Peak,Day,871,914,19,75,9,3.32,2.37,1.27
Kibuye Roundabout,2026-06-04,17,Peak,Day,759,875,30,88,11,3.18,2.62,1.17
Kibuye Roundabout,2026-06-04,17,Peak,Day,772,913,35,77,10,3.19,1.94,1.35
Kibuye Roundabout,2026-06-04,17,Peak,Day,889,952,32,70,11,2.79,2.65,1.35
Kibuye Roundabout,2026-06-04,18,Peak,Day,884,945,37,77,11,3.52,1.95,1.29
Kibuye Roundabout,2026-06-04,18,Peak,Day,834,999,38,87,4,4.08,2.85,1.35
Kibuye Roundabout,2026-06-04,18,Peak,Day,832,954,23,73,13,1.95,2.64,1.31
Kibuye Roundabout,2026-06-04,18,Peak,Day,840,933,26,91,11,3.13,2.48,1.33
Bakuli Intersection,2026-06-04,7,Peak,Day,652,788,23,78,12,2.96,2.83,1.13
Bakuli Intersection,2026-06-04,7,Peak,Day,704,744,16,60,8,2.42,2.43,0.92
Bakuli Intersection,2026-06-04,7,Peak,Day,667,702,24,63,9,3.29,2.96,1.04
Bakuli Intersection,2026-06-04,7,Peak,Day,654,754,26,56,7,3.64,3.06,1.09
Bakuli Intersection,2026-06-04,8,Peak,Day,803,842,24,98,8,4.04,2.42,1.26
Bakuli Intersection,2026-06-04,8,Peak,Day,801,845,28,65,15,3.38,2.96,1.19
Bakuli Intersection,2026-06-04,8,Peak,Day,720,860,21,59,8,3.17,1.88,1.16
Bakuli Intersection,2026-06-04,8,Peak,Day,759,907,39,77,6,3.19,2.03,1.25
Bakuli Intersection,2026-06-04,9,Off-Peak,Day,338,331,24,69,4,2.42,3.2,0.5
Bakuli Intersection,2026-06-04,9,Off-Peak,Day,362,441,2,59,5,2.9,2.58,0.51
Bakuli Intersection,2026-06-04,9,Off-Peak,Day,367,432,6,65,2,3.68,2.5,0.71
Bakuli Intersection,2026-06-04,9,Off-Peak,Day,442,347,21,51,0,3.48,2.48,0.6
Bakuli Intersection,2026-06-04,10,Off-Peak,Day,270,399,6,68,3,2.52,2.68,0.54
Bakuli Intersection,2026-06-04,10,Off-Peak,Day,315,354,8,46,6,3.1,2.48,0.44
Bakuli Intersection,2026-06-04,10,Off-Peak,Day,404,350,3,43,2,3.58,2.13,0.64
Bakuli Intersection,2026-06-04,10,Off-Peak,Day,349,395,20,47,3,3.03,3.23,0.58
Bakuli Intersection,2026-06-04,11,Off-Peak,Day,377,360,2,52,7,3.73,1.42,0.52
Bakuli Intersection,2026-06-04,11,Off-Peak,Day,291,314,5,46,6,3.42,2.23,0.49
Bakuli Intersection,2026-06-04,11,Off-Peak,Day,328,401,14,57,5,2.97,2.28,0.51
Bakuli Intersection,2026-06-04,11,Off-Peak,Day,333,393,8,47,5,3.04,2.13,0.55
Bakuli Intersection,2026-06-04,12,Off-Peak,Day,245,322,2,32,3,3.56,2.07,0.44
Bakuli Intersection,2026-06-04,12,Off-Peak,Day,309,258,17,30,8,2.19,1.94,0.42
Bakuli Intersection,2026-06-04,12,Off-Peak,Day,229,287,7,40,8,3.84,3.07,0.38
Bakuli Intersection,2026-06-04,12,Off-Peak,Day,279,225,20,46,7,4.17,2.84,0.39
Bakuli Intersection,2026-06-04,13,Off-Peak,Day,320,331,14,12,3,2.9,2.41,0.53
Bakuli Intersection,2026-06-04,13,Off-Peak,Day,345,385,2,31,5,3.61,2.7,0.5
Bakuli Intersection,2026-06-04,13,Off-Peak,Day,294,435,16,30,0,2.52,1.9,0.51
Bakuli Intersection,2026-06-04,13,Off-Peak,Day,250,279,2,48,3,3.75,2.19,0.39
Bakuli Intersection,2026-06-04,14,Off-Peak,Day,300,246,7,14,5,4.33,2.56,0.42
Bakuli Intersection,2026-06-04,14,Off-Peak,Day,281,335,16,63,0,4.37,2.61,0.5
Bakuli Intersection,2026-06-04,14,Off-Peak,Day,265,322,23,43,0,2.75,2.83,0.39
Bakuli Intersection,2026-06-04,14,Off-Peak,Day,299,356,17,41,8,3.33,2.39,0.5
Bakuli Intersection,2026-06-04,15,Off-Peak,Day,267,357,15,28,1,3.26,2.32,0.5
Bakuli Intersection,2026-06-04,15,Off-Peak,Day,261,310,17,59,9,3.16,2.99,0.53
Bakuli Intersection,2026-06-04,15,Off-Peak,Day,250,224,2,62,2,2.84,2.78,0.37
Bakuli Intersection,2026-06-04,15,Off-Peak,Day,237,335,6,25,2,2.59,2.57,0.31
Bakuli Intersection,2026-06-04,16,Off-Peak,Day,344,445,2,52,12,2.87,2.72,0.68
Bakuli Intersection,2026-06-04,16,Off-Peak,Day,375,385,19,59,6,3.52,2.2,0.56
Bakuli Intersection,2026-06-04,16,Off-Peak,Day,399,460,4,45,9,3.01,2.4,0.54
Bakuli Intersection,2026-06-04,16,Off-Peak,Day,376,520,8,49,13,3.35,2.69,0.69
Bakuli Intersection,2026-06-04,17,Peak,Day,650,726,44,64,8,3.31,3.18,0.94
Bakuli Intersection,2026-06-04,17,Peak,Day,675,746,25,84,5,4.27,2.6,1.15
Bakuli Intersection,2026-06-04,17,Peak,Day,721,814,23,63,6,3.5,2.77,1.06
Bakuli Intersection,2026-06-04,17,Peak,Day,669,717,13,62,9,3.15,1.85,0.98
Bakuli Intersection,2026-06-04,18,Peak,Day,683,741,25,71,8,2.56,3.22,1.01
Bakuli Intersection,2026-06-04,18,Peak,Day,681,811,18,115,4,2.95,2.28,1.15
Bakuli Intersection,2026-06-04,18,Peak,Day,645,769,18,55,10,3.51,2.31,1.04
Bakuli Intersection,2026-06-04,18,Peak,Day,695,724,21,69,5,2.25,3.04,1.0
Bwaise Junction,2026-06-04,7,Peak,Day,682,764,16,55,4,4.18,2.49,1.18
Bwaise Junction,2026-06-04,7,Peak,Day,619,739,24,62,2,3.31,2.05,0.93
Bwaise Junction,2026-06-04,7,Peak,Day,603,690,21,81,8,3.74,2.69,0.97
Bwaise Junction,2026-06-04,7,Peak,Day,625,704,34,55,6,3.95,2.88,1.03
Bwaise Junction,2026-06-04,8,Peak,Day,750,728,10,89,7,2.63,2.97,1.13
Bwaise Junction,2026-06-04,8,Peak,Day,689,761,13,58,9,4.63,2.54,1.15
Bwaise Junction,2026-06-04,8,Peak,Day,720,821,33,75,9,3.01,2.47,1.17
Bwaise Junction,2026-06-04,8,Peak,Day,741,759,24,78,14,3.97,2.51,1.17
Bwaise Junction,2026-06-04,9,Off-Peak,Day,387,458,14,29,2,3.16,2.23,0.68
Bwaise Junction,2026-06-04,9,Off-Peak,Day,332,339,2,77,5,3.59,2.88,0.52
Bwaise Junction,2026-06-04,9,Off-Peak,Day,389,370,19,49,8,3.3,2.66,0.55
Bwaise Junction,2026-06-04,9,Off-Peak,Day,289,424,18,49,8,4.1,3.04,0.58
Bwaise Junction,2026-06-04,10,Off-Peak,Day,384,387,22,50,8,3.15,2.66,0.62
Bwaise Junction,2026-06-04,10,Off-Peak,Day,304,427,11,50,11,3.02,2.51,0.47
Bwaise Junction,2026-06-04,10,Off-Peak,Day,348,388,20,36,2,2.62,2.29,0.56
Bwaise Junction,2026-06-04,10,Off-Peak,Day,300,440,15,64,0,2.16,2.19,0.52
Bwaise Junction,2026-06-04,11,Off-Peak,Day,302,374,17,29,7,3.31,2.46,0.48
Bwaise Junction,2026-06-04,11,Off-Peak,Day,276,395,2,52,8,3.37,1.81,0.52
Bwaise Junction,2026-06-04,11,Off-Peak,Day,315,434,8,55,10,2.94,2.55,0.6
Bwaise Junction,2026-06-04,11,Off-Peak,Day,283,341,12,45,10,3.9,2.13,0.37
Bwaise Junction,2026-06-04,12,Off-Peak,Day,305,326,2,54,6,3.58,2.44,0.58
Bwaise Junction,2026-06-04,12,Off-Peak,Day,307,265,11,31,3,3.37,1.75,0.32
Bwaise Junction,2026-06-04,12,Off-Peak,Day,294,277,9,59,0,3.64,1.81,0.5
Bwaise Junction,2026-06-04,12,Off-Peak,Day,261,261,30,22,3,3.35,2.38,0.39
Bwaise Junction,2026-06-04,13,Off-Peak,Day,262,233,14,39,0,2.81,2.57,0.4
Bwaise Junction,2026-06-04,13,Off-Peak,Day,243,353,20,36,9,2.88,2.77,0.44
Bwaise Junction,2026-06-04,13,Off-Peak,Day,246,291,6,40,8,3.31,2.75,0.31
Bwaise Junction,2026-06-04,13,Off-Peak,Day,322,308,11,39,6,3.1,2.71,0.48
Bwaise Junction,2026-06-04,14,Off-Peak,Day,260,295,4,58,0,3.32,1.83,0.45
Bwaise Junction,2026-06-04,14,Off-Peak,Day,298,340,12,10,8,3.64,2.8,0.42
Bwaise Junction,2026-06-04,14,Off-Peak,Day,304,301,2,17,8,2.87,2.34,0.4
Bwaise Junction,2026-06-04,14,Off-Peak,Day,279,338,12,26,2,4.25,2.45,0.45
Bwaise Junction,2026-06-04,15,Off-Peak,Day,277,291,18,38,4,3.99,2.64,0.46
Bwaise Junction,2026-06-04,15,Off-Peak,Day,242,294,19,32,5,3.66,2.13,0.39
Bwaise Junction,2026-06-04,15,Off-Peak,Day,300,228,10,66,3,3.38,2.51,0.32
Bwaise Junction,2026-06-04,15,Off-Peak,Day,311,340,9,45,6,4.19,1.91,0.49
Bwaise Junction,2026-06-04,16,Off-Peak,Day,389,468,14,47,1,3.44,3.1,0.64
Bwaise Junction,2026-06-04,16,Off-Peak,Day,427,530,3,53,2,3.31,2.73,0.68
Bwaise Junction,2026-06-04,16,Off-Peak,Day,441,391,8,37,9,3.2,3.75,0.5
Bwaise Junction,2026-06-04,16,Off-Peak,Day,347,433,13,57,7,2.78,3.18,0.62
Bwaise Junction,2026-06-04,17,Peak,Day,671,701,24,87,7,2.83,2.1,1.04
Bwaise Junction,2026-06-04,17,Peak,Day,630,692,28,64,10,3.24,2.51,0.95
Bwaise Junction,2026-06-04,17,Peak,Day,594,740,7,62,11,3.66,3.23,1.02
Bwaise Junction,2026-06-04,17,Peak,Day,668,703,21,101,14,3.49,3.04,1.04
Bwaise Junction,2026-06-04,18,Peak,Day,623,761,21,72,8,2.44,2.59,0.98
Bwaise Junction,2026-06-04,18,Peak,Day,638,784,29,63,4,3.26,2.81,1.04
Bwaise Junction,2026-06-04,18,Peak,Day,694,805,16,71,11,3.84,2.92,1.05
Bwaise Junction,2026-06-04,18,Peak,Day,645,608,29,64,6,3.36,2.33,0.88
Natete Junction,2026-06-04,7,Peak,Day,756,864,21,92,6,3.07,2.64,1.17
Natete Junction,2026-06-04,7,Peak,Day,687,933,31,96,4,3.07,2.2,1.16
Natete Junction,2026-06-04,7,Peak,Day,725,848,29,97,5,3.48,1.78,1.24
Natete Junction,2026-06-04,7,Peak,Day,789,874,32,82,9,3.89,2.66,1.27
Natete Junction,2026-06-04,8,Peak,Day,865,1109,19,96,16,3.42,2.62,1.35
Natete Junction,2026-06-04,8,Peak,Day,821,992,30,102,7,3.73,2.14,1.35
Natete Junction,2026-06-04,8,Peak,Day,846,959,27,72,6,2.84,2.55,1.35
Natete Junction,2026-06-04,8,Peak,Day,923,1044,26,98,9,2.7,3.28,1.35
Natete Junction,2026-06-04,9,Off-Peak,Day,415,483,7,52,9,4.16,2.31,0.7
Natete Junction,2026-06-04,9,Off-Peak,Day,374,449,3,59,4,3.54,3.29,0.52
Natete Junction,2026-06-04,9,Off-Peak,Day,413,463,17,63,8,3.14,2.18,0.68
Natete Junction,2026-06-04,9,Off-Peak,Day,402,428,11,62,7,3.94,2.53,0.67
Natete Junction,2026-06-04,10,Off-Peak,Day,360,420,2,33,9,3.49,3.05,0.58
Natete Junction,2026-06-04,10,Off-Peak,Day,392,414,7,53,3,3.11,2.78,0.68
Natete Junction,2026-06-04,10,Off-Peak,Day,413,461,2,57,5,4.44,1.79,0.67
Natete Junction,2026-06-04,10,Off-Peak,Day,340,418,19,52,4,2.73,2.91,0.57
Natete Junction,2026-06-04,11,Off-Peak,Day,371,383,2,38,6,3.32,1.93,0.47
Natete Junction,2026-06-04,11,Off-Peak,Day,320,378,16,56,3,2.54,2.75,0.53
Natete Junction,2026-06-04,11,Off-Peak,Day,450,400,26,62,0,3.69,2.31,0.72
Natete Junction,2026-06-04,11,Off-Peak,Day,343,378,22,58,2,2.77,2.08,0.6
Natete Junction,2026-06-04,12,Off-Peak,Day,320,306,3,27,2,2.71,2.04,0.45
Natete Junction,2026-06-04,12,Off-Peak,Day,263,317,27,39,3,3.77,2.38,0.48
Natete Junction,2026-06-04,12,Off-Peak,Day,338,326,2,64,0,4.26,2.36,0.51
Natete Junction,2026-06-04,12,Off-Peak,Day,304,308,8,40,3,3.91,2.68,0.43
Natete Junction,2026-06-04,13,Off-Peak,Day,336,335,12,36,2,2.77,2.3,0.5
Natete Junction,2026-06-04,13,Off-Peak,Day,382,235,6,44,9,3.68,2.54,0.47
Natete Junction,2026-06-04,13,Off-Peak,Day,229,354,5,36,2,4.17,3.46,0.41
Natete Junction,2026-06-04,13,Off-Peak,Day,291,299,12,51,10,2.11,2.77,0.44
Natete Junction,2026-06-04,14,Off-Peak,Day,258,359,18,52,4,3.81,2.34,0.44
Natete Junction,2026-06-04,14,Off-Peak,Day,241,403,2,54,5,3.04,2.07,0.46
Natete Junction,2026-06-04,14,Off-Peak,Day,239,323,7,43,6,3.7,3.04,0.42
Natete Junction,2026-06-04,14,Off-Peak,Day,330,353,19,35,7,3.47,3.27,0.6
Natete Junction,2026-06-04,15,Off-Peak,Day,267,380,2,49,8,2.87,2.41,0.49
Natete Junction,2026-06-04,15,Off-Peak,Day,268,385,2,56,5,3.12,2.01,0.41
Natete Junction,2026-06-04,15,Off-Peak,Day,287,302,20,46,2,2.93,1.94,0.53
Natete Junction,2026-06-04,15,Off-Peak,Day,306,323,2,29,8,3.29,3.05,0.49
Natete Junction,2026-06-04,16,Off-Peak,Day,402,443,20,74,7,2.88,2.74,0.66
Natete Junction,2026-06-04,16,Off-Peak,Day,427,542,9,56,1,3.8,2.6,0.66
Natete Junction,2026-06-04,16,Off-Peak,Day,413,504,14,54,7,2.85,2.25,0.65
Natete Junction,2026-06-04,16,Off-Peak,Day,429,494,12,20,4,4.05,2.07,0.64
Natete Junction,2026-06-04,17,Peak,Day,851,846,29,84,5,2.9,2.21,1.23
Natete Junction,2026-06-04,17,Peak,Day,829,943,49,85,3,3.84,2.16,1.34
Natete Junction,2026-06-04,17,Peak,Day,824,973,35,74,4,4.02,1.77,1.3
Natete Junction,2026-06-04,17,Peak,Day,802,881,11,80,10,2.36,3.32,1.2
Natete Junction,2026-06-04,18,Peak,Day,762,943,20,75,7,3.84,2.37,1.27
Natete Junction,2026-06-04,18,Peak,Day,724,929,40,69,12,2.96,2.77,1.23
Natete Junction,2026-06-04,18,Peak,Day,822,858,35,74,8,3.67,1.69,1.24
Natete Junction,2026-06-04,18,Peak,Day,789,865,30,71,7,2.95,2.15,1.04
Wandegeya Junction,2026-06-05,7,Peak,Day,715,828,30,95,11,3.05,2.72,1.2
Wandegeya Junction,2026-06-05,7,Peak,Day,736,853,24,69,12,3.61,3.08,1.16
Wandegeya Junction,2026-06-05,7,Peak,Day,694,854,34,87,10,2.97,2.9,1.1
Wandegeya Junction,2026-06-05,7,Peak,Day,733,899,19,76,5,3.47,1.97,1.15
Wandegeya Junction,2026-06-05,8,Peak,Day,838,981,26,93,6,3.15,2.01,1.35
Wandegeya Junction,2026-06-05,8,Peak,Day,876,936,27,85,13,2.66,1.85,1.26
Wandegeya Junction,2026-06-05,8,Peak,Day,832,991,31,88,7,3.36,1.83,1.34
Wandegeya Junction,2026-06-05,8,Peak,Day,844,938,50,92,11,2.98,2.74,1.33
Wandegeya Junction,2026-06-05,9,Off-Peak,Day,351,484,16,60,8,3.31,2.63,0.7
Wandegeya Junction,2026-06-05,9,Off-Peak,Day,354,429,19,58,3,2.6,1.98,0.71
Wandegeya Junction,2026-06-05,9,Off-Peak,Day,404,386,23,64,10,4.6,1.81,0.61
Wandegeya Junction,2026-06-05,9,Off-Peak,Day,420,463,18,54,5,3.71,2.74,0.68
Wandegeya Junction,2026-06-05,10,Off-Peak,Day,325,397,20,42,4,3.35,3.54,0.59
Wandegeya Junction,2026-06-05,10,Off-Peak,Day,363,410,14,46,5,3.36,2.18,0.63
Wandegeya Junction,2026-06-05,10,Off-Peak,Day,345,409,5,68,1,3.37,1.77,0.56
Wandegeya Junction,2026-06-05,10,Off-Peak,Day,337,374,5,56,5,3.51,3.19,0.51
Wandegeya Junction,2026-06-05,11,Off-Peak,Day,274,407,25,49,5,3.36,2.56,0.5
Wandegeya Junction,2026-06-05,11,Off-Peak,Day,310,366,7,54,7,3.05,2.61,0.56
Wandegeya Junction,2026-06-05,11,Off-Peak,Day,382,382,19,48,5,3.2,2.8,0.52
Wandegeya Junction,2026-06-05,11,Off-Peak,Day,332,393,17,41,7,3.16,2.36,0.54
Wandegeya Junction,2026-06-05,12,Off-Peak,Day,269,346,9,38,9,2.85,2.53,0.54
Wandegeya Junction,2026-06-05,12,Off-Peak,Day,273,400,4,39,5,2.8,2.16,0.52
Wandegeya Junction,2026-06-05,12,Off-Peak,Day,253,206,2,49,10,2.59,2.24,0.37
Wandegeya Junction,2026-06-05,12,Off-Peak,Day,249,355,6,52,1,4.06,3.26,0.49
Wandegeya Junction,2026-06-05,13,Off-Peak,Day,266,448,33,40,2,3.01,2.66,0.56
Wandegeya Junction,2026-06-05,13,Off-Peak,Day,290,387,2,44,5,3.89,1.84,0.53
Wandegeya Junction,2026-06-05,13,Off-Peak,Day,289,342,15,57,1,2.33,2.28,0.43
Wandegeya Junction,2026-06-05,13,Off-Peak,Day,294,282,21,38,0,3.49,2.03,0.38
Wandegeya Junction,2026-06-05,14,Off-Peak,Day,301,345,19,42,7,3.47,2.73,0.53
Wandegeya Junction,2026-06-05,14,Off-Peak,Day,322,328,8,45,3,2.96,2.69,0.46
Wandegeya Junction,2026-06-05,14,Off-Peak,Day,344,291,21,61,3,2.85,2.56,0.53
Wandegeya Junction,2026-06-05,14,Off-Peak,Day,252,366,13,61,4,3.21,2.84,0.55
Wandegeya Junction,2026-06-05,15,Off-Peak,Day,383,395,2,41,0,2.58,2.68,0.58
Wandegeya Junction,2026-06-05,15,Off-Peak,Day,265,380,13,54,7,2.59,2.89,0.5
Wandegeya Junction,2026-06-05,15,Off-Peak,Day,249,389,8,69,4,3.35,2.35,0.6
Wandegeya Junction,2026-06-05,15,Off-Peak,Day,355,304,5,53,3,3.82,2.35,0.47
Wandegeya Junction,2026-06-05,16,Off-Peak,Day,457,534,11,70,4,3.34,2.63,0.72
Wandegeya Junction,2026-06-05,16,Off-Peak,Day,443,473,6,42,3,3.26,3.26,0.64
Wandegeya Junction,2026-06-05,16,Off-Peak,Day,388,479,16,58,7,3.9,2.49,0.68
Wandegeya Junction,2026-06-05,16,Off-Peak,Day,449,441,27,89,7,4.13,3.33,0.66
Wandegeya Junction,2026-06-05,17,Peak,Day,731,836,25,86,11,3.35,3.1,1.19
Wandegeya Junction,2026-06-05,17,Peak,Day,785,831,23,82,7,3.11,3.04,1.19
Wandegeya Junction,2026-06-05,17,Peak,Day,723,927,20,89,1,2.39,2.12,1.19
Wandegeya Junction,2026-06-05,17,Peak,Day,744,797,2,78,3,3.09,3.1,1.12
Wandegeya Junction,2026-06-05,18,Peak,Day,776,829,37,101,3,3.26,3.4,1.13
Wandegeya Junction,2026-06-05,18,Peak,Day,742,785,24,88,11,2.99,2.22,1.18
Wandegeya Junction,2026-06-05,18,Peak,Day,752,799,15,63,6,3.03,2.69,1.1
Wandegeya Junction,2026-06-05,18,Peak,Day,739,850,26,65,8,2.55,2.9,1.17
Kibuye Roundabout,2026-06-05,7,Peak,Day,840,988,22,92,8,3.77,2.77,1.33
Kibuye Roundabout,2026-06-05,7,Peak,Day,809,858,24,82,7,3.48,3.03,1.28
Kibuye Roundabout,2026-06-05,7,Peak,Day,876,920,23,90,3,2.31,2.39,1.33
Kibuye Roundabout,2026-06-05,7,Peak,Day,818,899,32,91,7,3.32,3.55,1.25
Kibuye Roundabout,2026-06-05,8,Peak,Day,970,1063,41,91,1,3.06,1.75,1.35
Kibuye Roundabout,2026-06-05,8,Peak,Day,860,1044,23,99,12,2.82,1.73,1.35
Kibuye Roundabout,2026-06-05,8,Peak,Day,885,1010,18,88,5,3.18,2.5,1.35
Kibuye Roundabout,2026-06-05,8,Peak,Day,888,1062,41,89,7,3.74,2.12,1.35
Kibuye Roundabout,2026-06-05,9,Off-Peak,Day,409,439,12,67,6,2.53,2.45,0.74
Kibuye Roundabout,2026-06-05,9,Off-Peak,Day,421,385,6,64,4,2.58,2.31,0.57
Kibuye Roundabout,2026-06-05,9,Off-Peak,Day,399,475,22,79,6,3.53,2.28,0.65
Kibuye Roundabout,2026-06-05,9,Off-Peak,Day,346,487,9,55,6,3.52,2.2,0.57
Kibuye Roundabout,2026-06-05,10,Off-Peak,Day,410,459,12,56,0,4.17,2.79,0.8
Kibuye Roundabout,2026-06-05,10,Off-Peak,Day,376,405,7,72,6,3.06,2.95,0.56
Kibuye Roundabout,2026-06-05,10,Off-Peak,Day,433,457,26,53,0,3.3,2.56,0.68
Kibuye Roundabout,2026-06-05,10,Off-Peak,Day,333,449,13,64,7,3.6,2.34,0.64
Kibuye Roundabout,2026-06-05,11,Off-Peak,Day,363,409,12,65,7,4.4,2.53,0.69
Kibuye Roundabout,2026-06-05,11,Off-Peak,Day,403,383,2,44,4,3.61,1.88,0.55
Kibuye Roundabout,2026-06-05,11,Off-Peak,Day,372,429,3,61,3,3.05,2.6,0.55
Kibuye Roundabout,2026-06-05,11,Off-Peak,Day,288,396,24,38,0,3.57,2.68,0.56
Kibuye Roundabout,2026-06-05,12,Off-Peak,Day,283,320,17,71,3,3.3,1.76,0.52
Kibuye Roundabout,2026-06-05,12,Off-Peak,Day,279,379,2,54,7,4.11,2.11,0.45
Kibuye Roundabout,2026-06-05,12,Off-Peak,Day,299,330,12,61,2,3.31,2.34,0.42
Kibuye Roundabout,2026-06-05,12,Off-Peak,Day,323,321,37,32,0,3.36,3.07,0.44
Kibuye Roundabout,2026-06-05,13,Off-Peak,Day,322,340,19,50,3,3.21,2.47,0.59
Kibuye Roundabout,2026-06-05,13,Off-Peak,Day,307,386,2,34,2,2.56,2.92,0.54
Kibuye Roundabout,2026-06-05,13,Off-Peak,Day,300,308,6,51,12,2.87,2.95,0.51
Kibuye Roundabout,2026-06-05,13,Off-Peak,Day,362,385,8,11,1,3.38,2.09,0.58
Kibuye Roundabout,2026-06-05,14,Off-Peak,Day,253,356,6,74,7,3.74,2.91,0.59
Kibuye Roundabout,2026-06-05,14,Off-Peak,Day,333,352,26,60,9,2.94,2.56,0.51
Kibuye Roundabout,2026-06-05,14,Off-Peak,Day,347,303,17,70,2,2.85,3.58,0.5
Kibuye Roundabout,2026-06-05,14,Off-Peak,Day,290,394,13,57,4,2.89,2.3,0.56
Kibuye Roundabout,2026-06-05,15,Off-Peak,Day,267,425,2,66,4,3.22,2.4,0.61
Kibuye Roundabout,2026-06-05,15,Off-Peak,Day,309,344,11,60,5,3.82,2.66,0.54
Kibuye Roundabout,2026-06-05,15,Off-Peak,Day,266,359,3,45,4,4.59,1.97,0.47
Kibuye Roundabout,2026-06-05,15,Off-Peak,Day,325,338,2,50,6,2.55,2.28,0.56
Kibuye Roundabout,2026-06-05,16,Off-Peak,Day,466,582,18,77,6,3.02,2.26,0.75
Kibuye Roundabout,2026-06-05,16,Off-Peak,Day,448,442,20,60,9,3.58,2.65,0.69
Kibuye Roundabout,2026-06-05,16,Off-Peak,Day,448,479,28,55,7,3.21,2.42,0.58
Kibuye Roundabout,2026-06-05,16,Off-Peak,Day,407,527,4,68,6,3.35,3.0,0.71
Kibuye Roundabout,2026-06-05,17,Peak,Day,792,1013,30,86,6,3.5,2.45,1.27
Kibuye Roundabout,2026-06-05,17,Peak,Day,830,914,42,92,10,3.64,2.48,1.31
Kibuye Roundabout,2026-06-05,17,Peak,Day,883,973,31,79,12,4.33,1.82,1.25
Kibuye Roundabout,2026-06-05,17,Peak,Day,841,942,24,93,4,3.01,2.62,1.33
Kibuye Roundabout,2026-06-05,18,Peak,Day,846,926,28,75,9,3.0,2.15,1.35
Kibuye Roundabout,2026-06-05,18,Peak,Day,841,981,34,70,2,2.92,2.47,1.3
Kibuye Roundabout,2026-06-05,18,Peak,Day,869,936,24,83,8,3.29,2.7,1.33
Kibuye Roundabout,2026-06-05,18,Peak,Day,892,939,23,65,8,3.63,3.38,1.29
Bakuli Intersection,2026-06-05,7,Peak,Day,692,695,17,78,5,2.75,2.79,0.99
Bakuli Intersection,2026-06-05,7,Peak,Day,681,730,31,91,5,3.53,2.06,0.95
Bakuli Intersection,2026-06-05,7,Peak,Day,667,789,31,89,4,3.26,3.12,1.06
Bakuli Intersection,2026-06-05,7,Peak,Day,659,784,18,65,8,4.41,1.96,0.98
Bakuli Intersection,2026-06-05,8,Peak,Day,754,927,23,65,14,3.51,2.11,1.27
Bakuli Intersection,2026-06-05,8,Peak,Day,730,901,31,69,8,2.81,2.8,1.17
Bakuli Intersection,2026-06-05,8,Peak,Day,798,779,30,93,16,4.25,2.39,1.16
Bakuli Intersection,2026-06-05,8,Peak,Day,745,892,15,70,7,3.3,2.73,1.22
Bakuli Intersection,2026-06-05,9,Off-Peak,Day,376,387,14,56,3,2.98,2.95,0.64
Bakuli Intersection,2026-06-05,9,Off-Peak,Day,367,385,10,41,0,3.14,2.58,0.5
Bakuli Intersection,2026-06-05,9,Off-Peak,Day,344,369,20,36,7,3.93,2.78,0.6
Bakuli Intersection,2026-06-05,9,Off-Peak,Day,419,418,17,61,5,2.96,2.5,0.57
Bakuli Intersection,2026-06-05,10,Off-Peak,Day,409,388,12,65,4,2.64,2.2,0.59
Bakuli Intersection,2026-06-05,10,Off-Peak,Day,342,422,16,53,4,3.25,2.97,0.68
Bakuli Intersection,2026-06-05,10,Off-Peak,Day,366,421,8,53,0,3.92,2.71,0.59
Bakuli Intersection,2026-06-05,10,Off-Peak,Day,281,355,15,56,6,3.23,2.66,0.55
Bakuli Intersection,2026-06-05,11,Off-Peak,Day,289,274,11,53,5,2.49,2.75,0.4
Bakuli Intersection,2026-06-05,11,Off-Peak,Day,343,439,9,22,3,4.03,1.85,0.55
Bakuli Intersection,2026-06-05,11,Off-Peak,Day,328,360,26,46,4,2.77,2.64,0.58
Bakuli Intersection,2026-06-05,11,Off-Peak,Day,297,467,8,53,7,2.59,3.2,0.63
Bakuli Intersection,2026-06-05,12,Off-Peak,Day,243,285,2,47,5,3.29,2.11,0.39
Bakuli Intersection,2026-06-05,12,Off-Peak,Day,295,331,2,59,2,3.16,2.98,0.51
Bakuli Intersection,2026-06-05,12,Off-Peak,Day,277,290,17,52,6,2.64,2.38,0.41
Bakuli Intersection,2026-06-05,12,Off-Peak,Day,310,259,21,26,8,3.55,2.25,0.37
Bakuli Intersection,2026-06-05,13,Off-Peak,Day,255,363,22,44,5,2.2,2.41,0.38
Bakuli Intersection,2026-06-05,13,Off-Peak,Day,243,274,11,49,6,3.69,2.03,0.4
Bakuli Intersection,2026-06-05,13,Off-Peak,Day,340,320,7,43,11,3.7,3.17,0.43
Bakuli Intersection,2026-06-05,13,Off-Peak,Day,312,278,7,34,5,3.86,3.13,0.48
Bakuli Intersection,2026-06-05,14,Off-Peak,Day,329,310,9,54,5,3.51,1.86,0.51
Bakuli Intersection,2026-06-05,14,Off-Peak,Day,291,256,2,53,7,2.74,3.05,0.44
Bakuli Intersection,2026-06-05,14,Off-Peak,Day,293,344,26,45,6,3.28,2.86,0.49
Bakuli Intersection,2026-06-05,14,Off-Peak,Day,238,319,28,29,9,2.58,2.76,0.4
Bakuli Intersection,2026-06-05,15,Off-Peak,Day,305,326,23,47,8,3.24,2.32,0.45
Bakuli Intersection,2026-06-05,15,Off-Peak,Day,271,362,2,49,6,3.56,2.18,0.48
Bakuli Intersection,2026-06-05,15,Off-Peak,Day,289,329,7,46,4,4.88,2.86,0.45
Bakuli Intersection,2026-06-05,15,Off-Peak,Day,274,300,13,40,5,2.52,2.25,0.34
Bakuli Intersection,2026-06-05,16,Off-Peak,Day,387,504,15,41,4,3.37,2.85,0.73
Bakuli Intersection,2026-06-05,16,Off-Peak,Day,371,441,30,56,0,3.74,2.72,0.6
Bakuli Intersection,2026-06-05,16,Off-Peak,Day,382,419,18,74,5,3.38,3.08,0.63
Bakuli Intersection,2026-06-05,16,Off-Peak,Day,350,397,21,66,6,3.81,2.57,0.56
Bakuli Intersection,2026-06-05,17,Peak,Day,712,756,24,92,5,4.02,1.95,1.13
Bakuli Intersection,2026-06-05,17,Peak,Day,725,817,21,71,5,3.89,2.03,1.18
Bakuli Intersection,2026-06-05,17,Peak,Day,693,796,14,69,10,2.24,2.33,1.06
Bakuli Intersection,2026-06-05,17,Peak,Day,675,724,24,51,6,3.93,2.98,1.07
Bakuli Intersection,2026-06-05,18,Peak,Day,644,790,17,81,9,2.87,2.49,0.96
Bakuli Intersection,2026-06-05,18,Peak,Day,712,776,27,77,8,3.46,2.53,1.14
Bakuli Intersection,2026-06-05,18,Peak,Day,688,790,21,76,9,3.43,2.24,1.16
Bakuli Intersection,2026-06-05,18,Peak,Day,637,727,31,77,9,3.11,2.26,0.96
Bwaise Junction,2026-06-05,7,Peak,Day,674,749,18,71,6,4.01,2.74,0.98
Bwaise Junction,2026-06-05,7,Peak,Day,666,718,16,67,9,3.13,2.55,0.98
Bwaise Junction,2026-06-05,7,Peak,Day,664,796,18,62,3,3.22,2.23,0.96
Bwaise Junction,2026-06-05,7,Peak,Day,646,657,24,49,8,3.09,1.84,0.96
Bwaise Junction,2026-06-05,8,Peak,Day,757,813,28,69,9,3.83,2.53,1.09
Bwaise Junction,2026-06-05,8,Peak,Day,702,820,10,75,8,3.58,2.24,1.05
Bwaise Junction,2026-06-05,8,Peak,Day,699,841,7,74,14,3.47,2.45,1.15
Bwaise Junction,2026-06-05,8,Peak,Day,703,789,24,85,6,2.74,3.32,1.05
Bwaise Junction,2026-06-05,9,Off-Peak,Day,362,353,16,60,5,2.81,2.56,0.56
Bwaise Junction,2026-06-05,9,Off-Peak,Day,325,425,8,34,7,2.86,2.17,0.59
Bwaise Junction,2026-06-05,9,Off-Peak,Day,361,389,10,58,11,2.44,2.83,0.55
Bwaise Junction,2026-06-05,9,Off-Peak,Day,365,352,25,51,2,2.62,2.38,0.58
Bwaise Junction,2026-06-05,10,Off-Peak,Day,338,361,3,52,5,3.61,2.48,0.47
Bwaise Junction,2026-06-05,10,Off-Peak,Day,412,395,3,48,9,3.23,2.64,0.69
Bwaise Junction,2026-06-05,10,Off-Peak,Day,329,368,3,52,6,3.42,2.02,0.55
Bwaise Junction,2026-06-05,10,Off-Peak,Day,315,364,4,62,2,3.78,2.38,0.5
Bwaise Junction,2026-06-05,11,Off-Peak,Day,311,366,14,44,7,3.12,2.62,0.43
Bwaise Junction,2026-06-05,11,Off-Peak,Day,369,340,15,65,3,3.71,2.13,0.61
Bwaise Junction,2026-06-05,11,Off-Peak,Day,315,381,13,44,4,3.25,2.83,0.59
Bwaise Junction,2026-06-05,11,Off-Peak,Day,375,329,9,40,9,4.1,2.86,0.5
Bwaise Junction,2026-06-05,12,Off-Peak,Day,200,296,8,40,8,2.96,2.82,0.46
Bwaise Junction,2026-06-05,12,Off-Peak,Day,301,316,15,16,4,3.2,2.89,0.39
Bwaise Junction,2026-06-05,12,Off-Peak,Day,304,310,11,24,0,3.19,2.11,0.46
Bwaise Junction,2026-06-05,12,Off-Peak,Day,238,289,2,47,5,2.78,2.85,0.48
Bwaise Junction,2026-06-05,13,Off-Peak,Day,300,293,10,54,5,3.29,2.4,0.42
Bwaise Junction,2026-06-05,13,Off-Peak,Day,235,309,13,46,4,3.69,2.5,0.49
Bwaise Junction,2026-06-05,13,Off-Peak,Day,286,327,11,19,3,3.94,2.48,0.37
Bwaise Junction,2026-06-05,13,Off-Peak,Day,307,327,8,27,4,2.43,2.22,0.45
Bwaise Junction,2026-06-05,14,Off-Peak,Day,277,257,8,56,4,3.5,2.18,0.42
Bwaise Junction,2026-06-05,14,Off-Peak,Day,268,280,13,49,9,3.76,2.29,0.46
Bwaise Junction,2026-06-05,14,Off-Peak,Day,333,398,2,60,3,2.77,1.83,0.49
Bwaise Junction,2026-06-05,14,Off-Peak,Day,337,311,8,45,8,4.32,3.3,0.47
Bwaise Junction,2026-06-05,15,Off-Peak,Day,256,338,8,37,1,3.91,2.56,0.51
Bwaise Junction,2026-06-05,15,Off-Peak,Day,233,315,2,35,3,3.67,3.05,0.46
Bwaise Junction,2026-06-05,15,Off-Peak,Day,264,341,2,46,9,4.22,2.72,0.48
Bwaise Junction,2026-06-05,15,Off-Peak,Day,265,311,18,52,9,3.26,3.05,0.49
Bwaise Junction,2026-06-05,16,Off-Peak,Day,337,462,2,58,8,3.59,2.17,0.6
Bwaise Junction,2026-06-05,16,Off-Peak,Day,422,484,18,82,7,2.54,2.29,0.71
Bwaise Junction,2026-06-05,16,Off-Peak,Day,423,411,12,67,6,3.42,2.34,0.62
Bwaise Junction,2026-06-05,16,Off-Peak,Day,327,425,10,52,5,3.63,2.59,0.59
Bwaise Junction,2026-06-05,17,Peak,Day,666,715,30,66,9,4.0,2.98,1.05
Bwaise Junction,2026-06-05,17,Peak,Day,642,753,18,84,10,2.67,2.1,1.04
Bwaise Junction,2026-06-05,17,Peak,Day,658,683,24,72,10,3.85,2.35,0.94
Bwaise Junction,2026-06-05,17,Peak,Day,627,685,32,66,7,3.19,2.63,0.96
Bwaise Junction,2026-06-05,18,Peak,Day,643,658,21,76,7,2.83,1.78,1.05
Bwaise Junction,2026-06-05,18,Peak,Day,658,686,27,53,12,2.06,2.32,1.06
Bwaise Junction,2026-06-05,18,Peak,Day,629,707,35,68,4,3.83,1.76,0.91
Bwaise Junction,2026-06-05,18,Peak,Day,677,668,24,60,11,2.99,2.98,1.02
Natete Junction,2026-06-05,7,Peak,Day,803,857,37,74,8,3.77,1.89,1.22
Natete Junction,2026-06-05,7,Peak,Day,800,873,15,71,2,3.27,2.76,1.22
Natete Junction,2026-06-05,7,Peak,Day,789,940,28,63,9,2.88,2.01,1.18
Natete Junction,2026-06-05,7,Peak,Day,791,892,34,66,7,3.49,2.1,1.2
Natete Junction,2026-06-05,8,Peak,Day,823,959,41,108,7,3.41,2.31,1.27
Natete Junction,2026-06-05,8,Peak,Day,843,1102,24,85,3,3.61,2.19,1.35
Natete Junction,2026-06-05,8,Peak,Day,905,982,23,65,14,4.05,3.01,1.35
Natete Junction,2026-06-05,8,Peak,Day,918,966,22,65,7,3.07,2.38,1.35
Natete Junction,2026-06-05,9,Off-Peak,Day,395,407,22,67,6,3.51,2.66,0.49
Natete Junction,2026-06-05,9,Off-Peak,Day,423,414,13,62,1,4.28,2.1,0.65
Natete Junction,2026-06-05,9,Off-Peak,Day,367,446,7,46,7,3.57,1.79,0.64
Natete Junction,2026-06-05,9,Off-Peak,Day,424,474,21,63,6,4.26,2.12,0.73
Natete Junction,2026-06-05,10,Off-Peak,Day,369,413,21,37,4,3.07,2.06,0.53
Natete Junction,2026-06-05,10,Off-Peak,Day,358,422,9,36,1,2.9,2.93,0.59
Natete Junction,2026-06-05,10,Off-Peak,Day,393,475,14,52,3,3.55,2.43,0.69
Natete Junction,2026-06-05,10,Off-Peak,Day,364,420,24,56,2,4.0,2.68,0.6
Natete Junction,2026-06-05,11,Off-Peak,Day,347,410,12,61,7,3.46,2.69,0.56
Natete Junction,2026-06-05,11,Off-Peak,Day,358,310,4,58,7,3.1,2.62,0.55
Natete Junction,2026-06-05,11,Off-Peak,Day,402,395,23,54,8,3.14,3.03,0.53
Natete Junction,2026-06-05,11,Off-Peak,Day,365,336,20,52,3,2.9,2.09,0.55
Natete Junction,2026-06-05,12,Off-Peak,Day,336,314,2,45,4,2.67,2.1,0.43
Natete Junction,2026-06-05,12,Off-Peak,Day,306,298,4,65,7,3.24,3.11,0.51
Natete Junction,2026-06-05,12,Off-Peak,Day,292,337,8,52,6,3.03,2.76,0.46
Natete Junction,2026-06-05,12,Off-Peak,Day,280,267,16,41,6,2.7,2.33,0.51
Natete Junction,2026-06-05,13,Off-Peak,Day,355,344,7,35,6,2.69,2.14,0.49
Natete Junction,2026-06-05,13,Off-Peak,Day,321,350,24,43,5,3.45,2.55,0.53
Natete Junction,2026-06-05,13,Off-Peak,Day,308,307,17,38,0,3.73,2.17,0.56
Natete Junction,2026-06-05,13,Off-Peak,Day,285,408,8,29,5,3.71,2.46,0.5
Natete Junction,2026-06-05,14,Off-Peak,Day,304,313,2,47,9,2.9,2.28,0.38
Natete Junction,2026-06-05,14,Off-Peak,Day,339,345,7,52,2,3.69,2.21,0.53
Natete Junction,2026-06-05,14,Off-Peak,Day,315,394,17,44,5,3.25,2.6,0.53
Natete Junction,2026-06-05,14,Off-Peak,Day,269,410,15,24,2,3.51,3.13,0.49
Natete Junction,2026-06-05,15,Off-Peak,Day,290,261,2,46,5,3.36,2.92,0.5
Natete Junction,2026-06-05,15,Off-Peak,Day,292,289,15,49,0,3.22,2.98,0.51
Natete Junction,2026-06-05,15,Off-Peak,Day,317,354,6,45,3,2.84,2.02,0.52
Natete Junction,2026-06-05,15,Off-Peak,Day,333,348,20,66,3,3.39,2.09,0.6
Natete Junction,2026-06-05,16,Off-Peak,Day,465,480,29,73,5,2.1,2.09,0.77
Natete Junction,2026-06-05,16,Off-Peak,Day,422,493,22,48,12,3.2,2.34,0.75
Natete Junction,2026-06-05,16,Off-Peak,Day,500,523,23,90,3,2.71,2.68,0.74
Natete Junction,2026-06-05,16,Off-Peak,Day,425,517,16,79,2,3.71,2.31,0.69
Natete Junction,2026-06-05,17,Peak,Day,835,847,21,76,9,3.69,2.27,1.2
Natete Junction,2026-06-05,17,Peak,Day,795,926,39,88,6,3.48,2.53,1.18
Natete Junction,2026-06-05,17,Peak,Day,791,882,32,104,3,3.01,2.37,1.29
Natete Junction,2026-06-05,17,Peak,Day,771,922,25,96,9,2.81,2.71,1.26
Natete Junction,2026-06-05,18,Peak,Day,786,884,45,73,6,3.5,2.16,1.1
Natete Junction,2026-06-05,18,Peak,Day,825,856,15,75,12,2.53,2.61,1.16
Natete Junction,2026-06-05,18,Peak,Day,744,915,37,86,1,3.74,2.38,1.27
Natete Junction,2026-06-05,18,Peak,Day,839,903,38,74,5,3.58,2.37,1.28
Wandegeya Junction,2026-06-06,7,Peak,Day,788,844,8,72,10,1.9,2.67,1.26
Wandegeya Junction,2026-06-06,7,Peak,Day,761,841,14,84,6,3.07,2.66,1.08
Wandegeya Junction,2026-06-06,7,Peak,Day,702,877,34,69,9,3.39,2.86,1.14
Wandegeya Junction,2026-06-06,7,Peak,Day,720,844,16,105,5,4.3,2.46,1.27
Wandegeya Junction,2026-06-06,8,Peak,Day,802,927,26,68,8,2.99,2.4,1.34
Wandegeya Junction,2026-06-06,8,Peak,Day,839,940,15,86,8,3.55,2.49,1.29
Wandegeya Junction,2026-06-06,8,Peak,Day,834,974,31,93,9,3.51,3.02,1.35
Wandegeya Junction,2026-06-06,8,Peak,Day,762,982,33,87,8,3.13,2.59,1.31
Wandegeya Junction,2026-06-06,9,Off-Peak,Day,424,422,8,52,3,3.39,2.66,0.64
Wandegeya Junction,2026-06-06,9,Off-Peak,Day,323,452,5,74,2,3.44,2.5,0.67
Wandegeya Junction,2026-06-06,9,Off-Peak,Day,331,467,10,47,3,2.36,1.89,0.64
Wandegeya Junction,2026-06-06,9,Off-Peak,Day,390,446,13,53,13,3.18,2.18,0.62
Wandegeya Junction,2026-06-06,10,Off-Peak,Day,382,454,13,36,4,3.59,2.5,0.64
Wandegeya Junction,2026-06-06,10,Off-Peak,Day,332,468,16,66,1,2.78,2.77,0.56
Wandegeya Junction,2026-06-06,10,Off-Peak,Day,349,424,2,53,6,3.6,2.25,0.52
Wandegeya Junction,2026-06-06,10,Off-Peak,Day,369,410,10,54,3,3.3,1.95,0.57
Wandegeya Junction,2026-06-06,11,Off-Peak,Day,355,333,8,65,9,3.98,2.44,0.47
Wandegeya Junction,2026-06-06,11,Off-Peak,Day,324,421,15,56,2,2.57,2.58,0.51
Wandegeya Junction,2026-06-06,11,Off-Peak,Day,364,380,16,37,3,3.06,2.56,0.61
Wandegeya Junction,2026-06-06,11,Off-Peak,Day,353,366,3,63,7,3.24,2.28,0.52
Wandegeya Junction,2026-06-06,12,Off-Peak,Day,254,328,2,46,4,3.77,2.53,0.42
Wandegeya Junction,2026-06-06,12,Off-Peak,Day,222,163,15,46,0,3.15,3.13,0.3
Wandegeya Junction,2026-06-06,12,Off-Peak,Day,290,354,13,47,3,2.75,2.63,0.54
Wandegeya Junction,2026-06-06,12,Off-Peak,Day,292,328,2,62,0,3.71,2.63,0.44
Wandegeya Junction,2026-06-06,13,Off-Peak,Day,264,312,11,59,4,3.24,2.03,0.47
Wandegeya Junction,2026-06-06,13,Off-Peak,Day,316,427,17,32,7,3.38,2.89,0.49
Wandegeya Junction,2026-06-06,13,Off-Peak,Day,291,313,2,36,5,3.23,2.58,0.5
Wandegeya Junction,2026-06-06,13,Off-Peak,Day,298,292,11,58,5,2.9,2.32,0.48
Wandegeya Junction,2026-06-06,14,Off-Peak,Day,250,274,9,38,6,2.79,2.17,0.37
Wandegeya Junction,2026-06-06,14,Off-Peak,Day,291,428,6,58,7,2.8,2.01,0.6
Wandegeya Junction,2026-06-06,14,Off-Peak,Day,350,320,2,30,3,3.43,2.6,0.47
Wandegeya Junction,2026-06-06,14,Off-Peak,Day,327,316,4,43,6,3.02,2.74,0.45
Wandegeya Junction,2026-06-06,15,Off-Peak,Day,284,357,3,69,6,3.57,2.07,0.52
Wandegeya Junction,2026-06-06,15,Off-Peak,Day,297,348,11,46,5,3.33,2.01,0.47
Wandegeya Junction,2026-06-06,15,Off-Peak,Day,347,348,7,44,10,2.75,3.19,0.45
Wandegeya Junction,2026-06-06,15,Off-Peak,Day,289,287,10,50,6,3.23,2.37,0.39
Wandegeya Junction,2026-06-06,16,Off-Peak,Day,378,520,16,73,5,3.23,2.19,0.67
Wandegeya Junction,2026-06-06,16,Off-Peak,Day,408,534,11,74,9,2.74,2.48,0.73
Wandegeya Junction,2026-06-06,16,Off-Peak,Day,373,495,22,90,9,3.41,2.89,0.75
Wandegeya Junction,2026-06-06,16,Off-Peak,Day,445,496,8,66,10,3.21,2.54,0.68
Wandegeya Junction,2026-06-06,17,Peak,Day,757,774,17,90,8,2.88,2.41,1.11
Wandegeya Junction,2026-06-06,17,Peak,Day,768,814,31,67,10,3.33,2.55,1.13
Wandegeya Junction,2026-06-06,17,Peak,Day,779,792,28,54,6,4.31,3.23,1.23
Wandegeya Junction,2026-06-06,17,Peak,Day,686,749,24,70,7,3.73,2.59,1.12
Wandegeya Junction,2026-06-06,18,Peak,Day,715,853,19,85,9,3.63,2.67,1.11
Wandegeya Junction,2026-06-06,18,Peak,Day,721,870,17,74,12,3.06,2.5,1.19
Wandegeya Junction,2026-06-06,18,Peak,Day,723,806,26,85,10,4.06,2.28,1.17
Wandegeya Junction,2026-06-06,18,Peak,Day,717,802,39,56,6,3.56,2.6,1.09
Kibuye Roundabout,2026-06-06,7,Peak,Day,823,926,19,59,5,4.02,2.58,1.22
Kibuye Roundabout,2026-06-06,7,Peak,Day,784,989,34,96,2,3.55,2.76,1.28
Kibuye Roundabout,2026-06-06,7,Peak,Day,826,917,23,82,11,3.8,2.19,1.24
Kibuye Roundabout,2026-06-06,7,Peak,Day,865,978,22,91,4,3.71,2.52,1.33
Kibuye Roundabout,2026-06-06,8,Peak,Day,946,1017,23,111,13,3.98,2.53,1.35
Kibuye Roundabout,2026-06-06,8,Peak,Day,981,1056,38,86,3,3.71,2.88,1.35
Kibuye Roundabout,2026-06-06,8,Peak,Day,911,967,36,84,8,3.61,3.29,1.35
Kibuye Roundabout,2026-06-06,8,Peak,Day,922,1035,33,91,6,3.53,2.58,1.35
Kibuye Roundabout,2026-06-06,9,Off-Peak,Day,415,379,17,67,3,2.75,2.67,0.55
Kibuye Roundabout,2026-06-06,9,Off-Peak,Day,341,469,12,42,6,3.74,3.21,0.61
Kibuye Roundabout,2026-06-06,9,Off-Peak,Day,398,438,3,65,6,3.08,2.05,0.61
Kibuye Roundabout,2026-06-06,9,Off-Peak,Day,416,486,21,56,4,3.48,2.08,0.62
Kibuye Roundabout,2026-06-06,10,Off-Peak,Day,334,438,28,75,7,2.82,1.95,0.62
Kibuye Roundabout,2026-06-06,10,Off-Peak,Day,432,409,19,43,0,3.24,3.14,0.57
Kibuye Roundabout,2026-06-06,10,Off-Peak,Day,390,411,18,50,9,2.25,2.23,0.62
Kibuye Roundabout,2026-06-06,10,Off-Peak,Day,360,450,6,55,5,2.95,3.25,0.67
Kibuye Roundabout,2026-06-06,11,Off-Peak,Day,363,393,7,55,6,2.92,2.05,0.59
Kibuye Roundabout,2026-06-06,11,Off-Peak,Day,343,432,32,34,4,3.54,1.41,0.58
Kibuye Roundabout,2026-06-06,11,Off-Peak,Day,319,417,13,41,2,2.77,2.31,0.53
Kibuye Roundabout,2026-06-06,11,Off-Peak,Day,295,445,3,38,4,2.99,2.17,0.58
Kibuye Roundabout,2026-06-06,12,Off-Peak,Day,339,290,12,43,0,3.32,2.16,0.45
Kibuye Roundabout,2026-06-06,12,Off-Peak,Day,250,340,6,57,1,3.55,2.98,0.42
Kibuye Roundabout,2026-06-06,12,Off-Peak,Day,294,348,2,43,0,4.06,2.55,0.5
Kibuye Roundabout,2026-06-06,12,Off-Peak,Day,282,408,2,55,6,2.97,2.42,0.54
Kibuye Roundabout,2026-06-06,13,Off-Peak,Day,333,413,10,60,0,3.67,2.75,0.57
Kibuye Roundabout,2026-06-06,13,Off-Peak,Day,416,302,5,34,5,2.88,2.39,0.63
Kibuye Roundabout,2026-06-06,13,Off-Peak,Day,313,340,19,53,5,3.95,2.62,0.55
Kibuye Roundabout,2026-06-06,13,Off-Peak,Day,321,372,13,47,4,4.06,1.9,0.58
Kibuye Roundabout,2026-06-06,14,Off-Peak,Day,295,347,11,52,6,2.34,2.11,0.48
Kibuye Roundabout,2026-06-06,14,Off-Peak,Day,224,407,18,54,8,2.27,2.67,0.48
Kibuye Roundabout,2026-06-06,14,Off-Peak,Day,352,333,21,49,3,3.78,2.02,0.48
Kibuye Roundabout,2026-06-06,14,Off-Peak,Day,281,300,4,49,8,2.55,2.84,0.43
Kibuye Roundabout,2026-06-06,15,Off-Peak,Day,291,334,24,53,9,2.63,2.75,0.46
Kibuye Roundabout,2026-06-06,15,Off-Peak,Day,314,331,17,59,6,3.32,1.96,0.46
Kibuye Roundabout,2026-06-06,15,Off-Peak,Day,304,335,16,46,4,3.6,2.44,0.53
Kibuye Roundabout,2026-06-06,15,Off-Peak,Day,328,336,17,45,4,3.12,2.34,0.53
Kibuye Roundabout,2026-06-06,16,Off-Peak,Day,472,464,31,72,6,3.37,2.98,0.74
Kibuye Roundabout,2026-06-06,16,Off-Peak,Day,437,536,18,68,6,3.25,2.5,0.75
Kibuye Roundabout,2026-06-06,16,Off-Peak,Day,413,455,10,49,3,3.35,2.39,0.63
Kibuye Roundabout,2026-06-06,16,Off-Peak,Day,495,538,2,71,12,4.24,2.11,0.72
Kibuye Roundabout,2026-06-06,17,Peak,Day,798,949,31,86,7,3.35,2.29,1.33
Kibuye Roundabout,2026-06-06,17,Peak,Day,871,922,24,92,11,3.87,3.32,1.24
Kibuye Roundabout,2026-06-06,17,Peak,Day,864,989,31,78,8,3.37,2.7,1.29
Kibuye Roundabout,2026-06-06,17,Peak,Day,880,917,33,75,13,3.4,2.47,1.32
Kibuye Roundabout,2026-06-06,18,Peak,Day,899,927,22,68,6,2.97,2.11,1.23
Kibuye Roundabout,2026-06-06,18,Peak,Day,819,983,34,98,10,3.37,1.89,1.33
Kibuye Roundabout,2026-06-06,18,Peak,Day,812,976,28,112,9,3.12,2.55,1.24
Kibuye Roundabout,2026-06-06,18,Peak,Day,817,958,30,66,5,2.79,2.72,1.33
Bakuli Intersection,2026-06-06,7,Peak,Day,742,734,12,70,9,3.37,2.73,1.05
Bakuli Intersection,2026-06-06,7,Peak,Day,708,758,31,71,15,2.84,2.54,1.14
Bakuli Intersection,2026-06-06,7,Peak,Day,675,716,21,67,13,2.05,2.99,1.06
Bakuli Intersection,2026-06-06,7,Peak,Day,667,794,32,62,6,3.16,1.75,1.15
Bakuli Intersection,2026-06-06,8,Peak,Day,753,898,25,81,7,3.36,2.2,1.27
Bakuli Intersection,2026-06-06,8,Peak,Day,762,850,35,83,5,3.3,2.42,1.17
Bakuli Intersection,2026-06-06,8,Peak,Day,763,884,36,81,12,3.31,2.49,1.24
Bakuli Intersection,2026-06-06,8,Peak,Day,773,848,18,74,12,3.09,2.91,1.13
Bakuli Intersection,2026-06-06,9,Off-Peak,Day,358,415,15,56,1,4.11,2.24,0.57
Bakuli Intersection,2026-06-06,9,Off-Peak,Day,341,401,10,47,7,3.69,2.08,0.57
Bakuli Intersection,2026-06-06,9,Off-Peak,Day,352,423,9,44,8,2.81,2.3,0.64
Bakuli Intersection,2026-06-06,9,Off-Peak,Day,452,387,8,74,2,2.96,2.16,0.59
Bakuli Intersection,2026-06-06,10,Off-Peak,Day,317,351,9,65,9,3.56,2.54,0.57
Bakuli Intersection,2026-06-06,10,Off-Peak,Day,308,399,7,37,2,4.25,2.66,0.58
Bakuli Intersection,2026-06-06,10,Off-Peak,Day,333,331,20,58,7,3.18,2.88,0.52
Bakuli Intersection,2026-06-06,10,Off-Peak,Day,314,344,4,52,2,2.95,2.4,0.46
Bakuli Intersection,2026-06-06,11,Off-Peak,Day,327,414,2,50,10,3.69,2.53,0.62
Bakuli Intersection,2026-06-06,11,Off-Peak,Day,350,348,11,26,6,2.82,2.5,0.45
Bakuli Intersection,2026-06-06,11,Off-Peak,Day,274,371,10,60,2,2.52,3.35,0.56
Bakuli Intersection,2026-06-06,11,Off-Peak,Day,329,288,8,47,6,3.02,2.12,0.46
Bakuli Intersection,2026-06-06,12,Off-Peak,Day,271,365,18,34,3,2.49,2.01,0.52
Bakuli Intersection,2026-06-06,12,Off-Peak,Day,228,230,18,62,0,3.33,1.38,0.38
Bakuli Intersection,2026-06-06,12,Off-Peak,Day,285,317,7,51,3,2.96,1.94,0.49
Bakuli Intersection,2026-06-06,12,Off-Peak,Day,218,344,2,22,5,3.25,3.05,0.39
Bakuli Intersection,2026-06-06,13,Off-Peak,Day,304,319,6,40,11,3.94,2.76,0.4
Bakuli Intersection,2026-06-06,13,Off-Peak,Day,339,244,6,36,1,2.74,2.67,0.45
Bakuli Intersection,2026-06-06,13,Off-Peak,Day,265,333,8,39,1,3.06,1.61,0.59
Bakuli Intersection,2026-06-06,13,Off-Peak,Day,238,351,3,46,5,3.16,2.35,0.42
Bakuli Intersection,2026-06-06,14,Off-Peak,Day,317,337,9,49,6,3.44,2.64,0.54
Bakuli Intersection,2026-06-06,14,Off-Peak,Day,264,289,19,28,5,3.53,2.46,0.32
Bakuli Intersection,2026-06-06,14,Off-Peak,Day,264,315,19,56,8,3.39,2.62,0.42
Bakuli Intersection,2026-06-06,14,Off-Peak,Day,278,375,13,20,3,3.53,3.04,0.5
Bakuli Intersection,2026-06-06,15,Off-Peak,Day,272,370,19,33,7,3.91,2.54,0.57
Bakuli Intersection,2026-06-06,15,Off-Peak,Day,229,330,7,29,2,3.07,2.49,0.35
Bakuli Intersection,2026-06-06,15,Off-Peak,Day,261,360,12,39,2,4.28,2.63,0.48
Bakuli Intersection,2026-06-06,15,Off-Peak,Day,229,309,6,45,3,2.87,3.08,0.33
Bakuli Intersection,2026-06-06,16,Off-Peak,Day,364,472,25,45,10,3.77,1.81,0.64
Bakuli Intersection,2026-06-06,16,Off-Peak,Day,395,479,19,70,6,3.69,2.48,0.64
Bakuli Intersection,2026-06-06,16,Off-Peak,Day,363,386,6,53,9,3.04,2.82,0.57
Bakuli Intersection,2026-06-06,16,Off-Peak,Day,399,438,7,68,1,2.48,2.4,0.59
Bakuli Intersection,2026-06-06,17,Peak,Day,667,750,33,83,11,3.64,2.07,1.06
Bakuli Intersection,2026-06-06,17,Peak,Day,760,791,35,48,6,3.09,3.01,1.16
Bakuli Intersection,2026-06-06,17,Peak,Day,660,772,28,62,7,3.89,3.35,1.03
Bakuli Intersection,2026-06-06,17,Peak,Day,618,761,12,55,8,4.05,2.58,1.04
Bakuli Intersection,2026-06-06,18,Peak,Day,616,772,22,74,10,3.08,1.91,0.99
Bakuli Intersection,2026-06-06,18,Peak,Day,646,708,5,77,6,2.81,1.21,0.97
Bakuli Intersection,2026-06-06,18,Peak,Day,650,754,36,55,11,2.89,2.34,1.05
Bakuli Intersection,2026-06-06,18,Peak,Day,682,763,37,62,2,3.46,2.94,1.06
Bwaise Junction,2026-06-06,7,Peak,Day,602,698,4,71,7,3.5,2.14,0.95
Bwaise Junction,2026-06-06,7,Peak,Day,656,708,29,90,12,1.79,3.13,1.08
Bwaise Junction,2026-06-06,7,Peak,Day,711,771,28,90,10,4.3,2.59,1.18
Bwaise Junction,2026-06-06,7,Peak,Day,630,737,9,72,4,2.93,2.82,0.92
Bwaise Junction,2026-06-06,8,Peak,Day,744,844,37,78,3,3.17,2.3,1.15
Bwaise Junction,2026-06-06,8,Peak,Day,728,836,25,75,3,3.32,2.99,1.13
Bwaise Junction,2026-06-06,8,Peak,Day,730,813,20,79,11,3.01,2.5,1.11
Bwaise Junction,2026-06-06,8,Peak,Day,730,773,19,81,8,3.07,2.36,1.12
Bwaise Junction,2026-06-06,9,Off-Peak,Day,359,395,13,73,3,2.51,2.65,0.58
Bwaise Junction,2026-06-06,9,Off-Peak,Day,342,381,3,56,4,4.02,2.61,0.51
Bwaise Junction,2026-06-06,9,Off-Peak,Day,343,461,7,49,3,3.03,2.26,0.56
Bwaise Junction,2026-06-06,9,Off-Peak,Day,312,362,2,59,4,3.94,3.02,0.5
Bwaise Junction,2026-06-06,10,Off-Peak,Day,312,341,9,58,5,2.89,2.19,0.48
Bwaise Junction,2026-06-06,10,Off-Peak,Day,288,415,14,43,5,3.29,2.37,0.46
Bwaise Junction,2026-06-06,10,Off-Peak,Day,385,383,11,40,3,3.95,2.61,0.6
Bwaise Junction,2026-06-06,10,Off-Peak,Day,355,432,17,26,7,2.63,2.15,0.63
Bwaise Junction,2026-06-06,11,Off-Peak,Day,291,337,4,50,7,2.88,2.16,0.53
Bwaise Junction,2026-06-06,11,Off-Peak,Day,339,359,21,53,5,3.13,2.61,0.56
Bwaise Junction,2026-06-06,11,Off-Peak,Day,292,329,2,43,2,2.54,2.72,0.43
Bwaise Junction,2026-06-06,11,Off-Peak,Day,257,323,10,51,3,3.26,2.64,0.41
Bwaise Junction,2026-06-06,12,Off-Peak,Day,283,264,2,39,4,2.79,2.39,0.38
Bwaise Junction,2026-06-06,12,Off-Peak,Day,216,364,22,36,4,2.91,2.3,0.39
Bwaise Junction,2026-06-06,12,Off-Peak,Day,256,280,2,61,1,3.42,2.07,0.42
Bwaise Junction,2026-06-06,12,Off-Peak,Day,250,197,14,47,1,3.64,2.36,0.3
Bwaise Junction,2026-06-06,13,Off-Peak,Day,318,285,17,50,2,2.95,2.91,0.58
Bwaise Junction,2026-06-06,13,Off-Peak,Day,287,284,16,39,0,3.47,2.55,0.44
Bwaise Junction,2026-06-06,13,Off-Peak,Day,232,281,2,44,5,3.62,2.09,0.38
Bwaise Junction,2026-06-06,13,Off-Peak,Day,293,326,14,39,10,2.82,2.6,0.5
Bwaise Junction,2026-06-06,14,Off-Peak,Day,261,360,15,46,0,3.1,2.71,0.49
Bwaise Junction,2026-06-06,14,Off-Peak,Day,288,383,17,40,6,3.25,2.81,0.55
Bwaise Junction,2026-06-06,14,Off-Peak,Day,266,264,5,45,5,3.7,2.39,0.46
Bwaise Junction,2026-06-06,14,Off-Peak,Day,296,361,2,51,8,3.07,2.21,0.48
Bwaise Junction,2026-06-06,15,Off-Peak,Day,273,319,9,39,4,3.77,2.53,0.41
Bwaise Junction,2026-06-06,15,Off-Peak,Day,250,257,8,57,6,3.68,2.87,0.32
Bwaise Junction,2026-06-06,15,Off-Peak,Day,332,319,10,24,5,3.0,2.73,0.49
Bwaise Junction,2026-06-06,15,Off-Peak,Day,311,275,2,29,4,3.38,2.2,0.45
Bwaise Junction,2026-06-06,16,Off-Peak,Day,347,426,9,70,6,4.03,2.26,0.63
Bwaise Junction,2026-06-06,16,Off-Peak,Day,463,493,12,38,7,3.71,2.2,0.7
Bwaise Junction,2026-06-06,16,Off-Peak,Day,363,412,6,67,3,2.41,2.9,0.56
Bwaise Junction,2026-06-06,16,Off-Peak,Day,375,423,23,63,11,2.95,1.85,0.64
Bwaise Junction,2026-06-06,17,Peak,Day,648,700,13,74,6,2.71,3.12,0.94
Bwaise Junction,2026-06-06,17,Peak,Day,706,748,29,66,12,3.41,2.48,1.07
Bwaise Junction,2026-06-06,17,Peak,Day,702,746,2,75,7,3.0,2.75,1.06
Bwaise Junction,2026-06-06,17,Peak,Day,652,749,12,69,9,2.82,2.59,0.98
Bwaise Junction,2026-06-06,18,Peak,Day,580,747,28,65,7,2.87,2.89,0.92
Bwaise Junction,2026-06-06,18,Peak,Day,632,722,22,77,9,3.85,2.89,1.0
Bwaise Junction,2026-06-06,18,Peak,Day,648,753,25,75,11,2.79,2.07,1.09
Bwaise Junction,2026-06-06,18,Peak,Day,680,663,17,76,9,3.39,1.96,1.05
Natete Junction,2026-06-06,7,Peak,Day,752,871,20,77,4,2.64,3.04,1.26
Natete Junction,2026-06-06,7,Peak,Day,825,865,37,83,4,3.26,2.34,1.3
Natete Junction,2026-06-06,7,Peak,Day,707,851,17,92,6,3.63,3.22,1.15
Natete Junction,2026-06-06,7,Peak,Day,759,815,38,107,14,2.66,2.89,1.2
Natete Junction,2026-06-06,8,Peak,Day,878,1028,30,92,5,3.63,2.7,1.35
Natete Junction,2026-06-06,8,Peak,Day,914,977,32,90,0,3.68,2.34,1.35
Natete Junction,2026-06-06,8,Peak,Day,845,1032,27,94,11,3.22,2.39,1.3
Natete Junction,2026-06-06,8,Peak,Day,860,978,28,98,3,3.54,2.48,1.35
Natete Junction,2026-06-06,9,Off-Peak,Day,341,414,20,57,10,3.53,2.26,0.58
Natete Junction,2026-06-06,9,Off-Peak,Day,450,480,17,57,8,3.55,2.94,0.73
Natete Junction,2026-06-06,9,Off-Peak,Day,387,466,22,54,3,3.26,1.84,0.63
Natete Junction,2026-06-06,9,Off-Peak,Day,295,549,20,76,5,3.45,2.26,0.65
Natete Junction,2026-06-06,10,Off-Peak,Day,367,415,14,58,1,3.38,2.55,0.59
Natete Junction,2026-06-06,10,Off-Peak,Day,412,404,11,58,9,3.41,2.46,0.61
Natete Junction,2026-06-06,10,Off-Peak,Day,363,470,22,54,3,3.15,2.75,0.66
Natete Junction,2026-06-06,10,Off-Peak,Day,372,400,2,43,4,3.28,1.95,0.54
Natete Junction,2026-06-06,11,Off-Peak,Day,400,408,14,62,8,4.24,2.3,0.68
Natete Junction,2026-06-06,11,Off-Peak,Day,380,425,6,62,11,3.51,2.11,0.61
Natete Junction,2026-06-06,11,Off-Peak,Day,341,384,29,48,3,3.04,1.95,0.52
Natete Junction,2026-06-06,11,Off-Peak,Day,421,426,6,64,8,2.41,2.01,0.73
Natete Junction,2026-06-06,12,Off-Peak,Day,277,318,3,38,5,2.94,1.63,0.44
Natete Junction,2026-06-06,12,Off-Peak,Day,274,320,2,30,3,3.24,2.07,0.38
Natete Junction,2026-06-06,12,Off-Peak,Day,248,324,3,33,7,3.27,2.18,0.44
Natete Junction,2026-06-06,12,Off-Peak,Day,318,336,13,63,5,3.37,2.77,0.55
Natete Junction,2026-06-06,13,Off-Peak,Day,291,360,4,50,6,2.59,2.11,0.55
Natete Junction,2026-06-06,13,Off-Peak,Day,282,481,12,52,4,3.06,2.51,0.55
Natete Junction,2026-06-06,13,Off-Peak,Day,291,335,11,62,8,2.63,2.72,0.5
Natete Junction,2026-06-06,13,Off-Peak,Day,355,375,23,63,4,2.96,2.62,0.6
Natete Junction,2026-06-06,14,Off-Peak,Day,292,318,21,48,4,3.07,3.19,0.5
Natete Junction,2026-06-06,14,Off-Peak,Day,357,322,2,25,5,2.75,1.83,0.48
Natete Junction,2026-06-06,14,Off-Peak,Day,347,376,10,47,6,2.59,1.93,0.54
Natete Junction,2026-06-06,14,Off-Peak,Day,307,386,9,56,6,2.61,2.66,0.51
Natete Junction,2026-06-06,15,Off-Peak,Day,224,312,14,37,5,3.28,2.42,0.37
Natete Junction,2026-06-06,15,Off-Peak,Day,282,320,9,33,5,2.91,3.11,0.48
Natete Junction,2026-06-06,15,Off-Peak,Day,361,320,8,21,5,3.32,2.24,0.51
Natete Junction,2026-06-06,15,Off-Peak,Day,289,334,10,56,5,3.18,2.36,0.51
Natete Junction,2026-06-06,16,Off-Peak,Day,418,352,5,57,6,3.17,2.64,0.61
Natete Junction,2026-06-06,16,Off-Peak,Day,429,417,2,50,6,3.49,2.51,0.69
Natete Junction,2026-06-06,16,Off-Peak,Day,406,463,14,69,2,3.11,2.83,0.69
Natete Junction,2026-06-06,16,Off-Peak,Day,372,461,22,54,1,4.52,2.74,0.58
Natete Junction,2026-06-06,17,Peak,Day,828,869,43,75,9,3.01,1.9,1.28
Natete Junction,2026-06-06,17,Peak,Day,794,886,54,81,7,3.94,2.45,1.26
Natete Junction,2026-06-06,17,Peak,Day,793,880,18,97,11,2.66,2.01,1.25
Natete Junction,2026-06-06,17,Peak,Day,811,884,28,74,6,2.11,2.06,1.24
Natete Junction,2026-06-06,18,Peak,Day,841,866,22,82,8,3.93,2.48,1.32
Natete Junction,2026-06-06,18,Peak,Day,776,889,24,74,9,3.6,3.0,1.24
Natete Junction,2026-06-06,18,Peak,Day,803,943,42,75,11,3.8,2.54,1.35
Natete Junction,2026-06-06,18,Peak,Day,750,897,22,98,7,3.72,2.39,1.26
Wandegeya Junction,2026-06-07,7,Peak,Day,642,787,36,65,5,3.45,2.66,1.08
Wandegeya Junction,2026-06-07,7,Peak,Day,710,788,30,81,6,3.79,3.06,1.04
Wandegeya Junction,2026-06-07,7,Peak,Day,750,861,38,93,6,3.44,2.87,1.26
Wandegeya Junction,2026-06-07,7,Peak,Day,789,845,27,59,12,3.93,2.46,1.15
Wandegeya Junction,2026-06-07,8,Peak,Day,866,947,38,91,10,3.36,2.05,1.25
Wandegeya Junction,2026-06-07,8,Peak,Day,786,882,30,104,12,3.39,2.4,1.25
Wandegeya Junction,2026-06-07,8,Peak,Day,802,969,33,82,7,3.0,2.63,1.31
Wandegeya Junction,2026-06-07,8,Peak,Day,842,978,24,76,8,3.08,2.69,1.35
Wandegeya Junction,2026-06-07,9,Off-Peak,Day,417,403,17,45,5,3.58,2.04,0.56
Wandegeya Junction,2026-06-07,9,Off-Peak,Day,425,428,31,67,1,3.0,2.45,0.78
Wandegeya Junction,2026-06-07,9,Off-Peak,Day,397,383,2,58,4,2.9,2.59,0.53
Wandegeya Junction,2026-06-07,9,Off-Peak,Day,353,454,3,88,7,3.12,2.51,0.58
Wandegeya Junction,2026-06-07,10,Off-Peak,Day,392,414,9,65,4,3.22,2.11,0.68
Wandegeya Junction,2026-06-07,10,Off-Peak,Day,297,376,30,46,13,4.05,2.37,0.62
Wandegeya Junction,2026-06-07,10,Off-Peak,Day,373,445,32,56,5,3.2,2.74,0.62
Wandegeya Junction,2026-06-07,10,Off-Peak,Day,359,466,15,18,7,3.87,2.47,0.63
Wandegeya Junction,2026-06-07,11,Off-Peak,Day,376,444,13,47,6,2.24,2.22,0.69
Wandegeya Junction,2026-06-07,11,Off-Peak,Day,380,405,23,45,2,4.07,2.25,0.56
Wandegeya Junction,2026-06-07,11,Off-Peak,Day,315,418,12,44,5,2.49,2.5,0.46
Wandegeya Junction,2026-06-07,11,Off-Peak,Day,415,302,2,41,5,2.75,2.12,0.51
Wandegeya Junction,2026-06-07,12,Off-Peak,Day,274,398,2,43,8,3.86,1.38,0.53
Wandegeya Junction,2026-06-07,12,Off-Peak,Day,330,297,7,63,8,3.05,2.09,0.46
Wandegeya Junction,2026-06-07,12,Off-Peak,Day,241,337,4,25,6,2.47,3.12,0.45
Wandegeya Junction,2026-06-07,12,Off-Peak,Day,311,290,14,50,7,4.3,2.52,0.46
Wandegeya Junction,2026-06-07,13,Off-Peak,Day,308,359,19,24,5,2.88,3.2,0.46
Wandegeya Junction,2026-06-07,13,Off-Peak,Day,263,321,8,29,9,3.56,3.04,0.4
Wandegeya Junction,2026-06-07,13,Off-Peak,Day,317,294,6,74,7,2.91,2.45,0.47
Wandegeya Junction,2026-06-07,13,Off-Peak,Day,366,286,7,46,4,3.25,2.45,0.48
Wandegeya Junction,2026-06-07,14,Off-Peak,Day,325,358,17,9,5,3.62,3.09,0.41
Wandegeya Junction,2026-06-07,14,Off-Peak,Day,294,318,3,60,5,3.51,2.6,0.56
Wandegeya Junction,2026-06-07,14,Off-Peak,Day,332,272,11,46,4,3.21,2.08,0.49
Wandegeya Junction,2026-06-07,14,Off-Peak,Day,266,264,10,54,6,3.95,2.23,0.44
Wandegeya Junction,2026-06-07,15,Off-Peak,Day,295,321,2,34,4,2.38,2.32,0.42
Wandegeya Junction,2026-06-07,15,Off-Peak,Day,306,309,2,58,9,2.52,3.1,0.51
Wandegeya Junction,2026-06-07,15,Off-Peak,Day,299,388,23,38,0,4.16,1.9,0.48
Wandegeya Junction,2026-06-07,15,Off-Peak,Day,299,315,10,39,4,2.59,2.59,0.43
Wandegeya Junction,2026-06-07,16,Off-Peak,Day,448,437,23,47,5,3.62,2.78,0.74
Wandegeya Junction,2026-06-07,16,Off-Peak,Day,432,475,21,70,4,3.66,3.0,0.62
Wandegeya Junction,2026-06-07,16,Off-Peak,Day,446,537,5,62,4,3.02,2.25,0.73
Wandegeya Junction,2026-06-07,16,Off-Peak,Day,361,412,18,62,6,4.24,2.54,0.61
Wandegeya Junction,2026-06-07,17,Peak,Day,715,873,31,71,8,3.82,1.98,1.17
Wandegeya Junction,2026-06-07,17,Peak,Day,741,861,7,79,11,3.02,1.57,1.19
Wandegeya Junction,2026-06-07,17,Peak,Day,785,827,24,77,9,3.61,3.15,1.14
Wandegeya Junction,2026-06-07,17,Peak,Day,709,840,24,50,9,4.14,2.42,1.15
Wandegeya Junction,2026-06-07,18,Peak,Day,719,828,29,59,7,3.45,2.25,1.12
Wandegeya Junction,2026-06-07,18,Peak,Day,737,829,26,78,8,3.24,2.36,1.2
Wandegeya Junction,2026-06-07,18,Peak,Day,724,828,24,101,5,3.11,2.4,1.15
Wandegeya Junction,2026-06-07,18,Peak,Day,759,774,23,89,10,2.17,2.11,1.08
Kibuye Roundabout,2026-06-07,7,Peak,Day,927,963,27,59,6,3.43,1.97,1.35
Kibuye Roundabout,2026-06-07,7,Peak,Day,811,897,28,84,10,3.59,2.3,1.3
Kibuye Roundabout,2026-06-07,7,Peak,Day,847,946,35,73,6,4.52,2.62,1.32
Kibuye Roundabout,2026-06-07,7,Peak,Day,807,921,24,107,6,3.11,2.6,1.33
Kibuye Roundabout,2026-06-07,8,Peak,Day,909,1020,38,109,11,3.69,2.68,1.35
Kibuye Roundabout,2026-06-07,8,Peak,Day,931,1069,48,72,6,3.94,1.48,1.35
Kibuye Roundabout,2026-06-07,8,Peak,Day,825,1012,29,84,13,2.88,2.93,1.35
Kibuye Roundabout,2026-06-07,8,Peak,Day,931,998,32,78,6,3.34,3.12,1.35
Kibuye Roundabout,2026-06-07,9,Off-Peak,Day,305,460,17,42,3,2.97,1.95,0.53
Kibuye Roundabout,2026-06-07,9,Off-Peak,Day,350,464,15,86,2,2.04,2.38,0.62
Kibuye Roundabout,2026-06-07,9,Off-Peak,Day,425,453,19,70,13,3.04,1.92,0.76
Kibuye Roundabout,2026-06-07,9,Off-Peak,Day,366,468,10,45,5,3.25,2.12,0.66
Kibuye Roundabout,2026-06-07,10,Off-Peak,Day,314,414,22,56,5,3.61,2.49,0.57
Kibuye Roundabout,2026-06-07,10,Off-Peak,Day,365,403,10,66,3,3.31,2.29,0.63
Kibuye Roundabout,2026-06-07,10,Off-Peak,Day,354,453,18,59,3,3.57,2.96,0.64
Kibuye Roundabout,2026-06-07,10,Off-Peak,Day,397,382,21,86,1,3.52,2.03,0.66
Kibuye Roundabout,2026-06-07,11,Off-Peak,Day,357,457,11,45,4,4.17,2.07,0.49
Kibuye Roundabout,2026-06-07,11,Off-Peak,Day,356,401,15,63,10,3.63,2.63,0.6
Kibuye Roundabout,2026-06-07,11,Off-Peak,Day,343,448,20,67,8,3.22,2.6,0.58
Kibuye Roundabout,2026-06-07,11,Off-Peak,Day,415,404,2,57,3,3.0,2.59,0.54
Kibuye Roundabout,2026-06-07,12,Off-Peak,Day,305,351,15,40,5,3.65,2.82,0.57
Kibuye Roundabout,2026-06-07,12,Off-Peak,Day,247,295,12,50,4,4.14,2.79,0.44
Kibuye Roundabout,2026-06-07,12,Off-Peak,Day,303,305,20,44,2,3.7,2.71,0.54
Kibuye Roundabout,2026-06-07,12,Off-Peak,Day,229,361,20,29,4,3.63,2.59,0.43
Kibuye Roundabout,2026-06-07,13,Off-Peak,Day,293,381,21,49,0,3.23,2.94,0.47
Kibuye Roundabout,2026-06-07,13,Off-Peak,Day,273,347,14,71,5,3.55,2.81,0.47
Kibuye Roundabout,2026-06-07,13,Off-Peak,Day,331,340,7,55,5,2.92,2.17,0.53
Kibuye Roundabout,2026-06-07,13,Off-Peak,Day,311,364,18,43,7,3.23,2.81,0.48
Kibuye Roundabout,2026-06-07,14,Off-Peak,Day,301,438,20,51,1,3.11,2.67,0.58
Kibuye Roundabout,2026-06-07,14,Off-Peak,Day,322,323,10,59,1,3.48,3.14,0.44
Kibuye Roundabout,2026-06-07,14,Off-Peak,Day,344,402,8,57,3,2.2,2.39,0.51
Kibuye Roundabout,2026-06-07,14,Off-Peak,Day,280,388,20,36,5,2.97,2.57,0.54
Kibuye Roundabout,2026-06-07,15,Off-Peak,Day,338,362,7,47,9,2.95,2.47,0.56
Kibuye Roundabout,2026-06-07,15,Off-Peak,Day,316,454,10,51,0,2.33,2.37,0.55
Kibuye Roundabout,2026-06-07,15,Off-Peak,Day,283,292,2,51,4,3.25,1.94,0.45
Kibuye Roundabout,2026-06-07,15,Off-Peak,Day,381,369,15,42,0,3.53,2.93,0.51
Kibuye Roundabout,2026-06-07,16,Off-Peak,Day,467,523,17,72,4,2.88,2.51,0.76
Kibuye Roundabout,2026-06-07,16,Off-Peak,Day,498,442,18,71,11,3.72,2.74,0.76
Kibuye Roundabout,2026-06-07,16,Off-Peak,Day,401,439,25,65,0,3.91,2.33,0.7
Kibuye Roundabout,2026-06-07,16,Off-Peak,Day,437,497,12,67,8,3.77,2.68,0.7
Kibuye Roundabout,2026-06-07,17,Peak,Day,889,894,24,80,11,3.45,2.72,1.27
Kibuye Roundabout,2026-06-07,17,Peak,Day,840,942,22,74,15,3.8,2.34,1.27
Kibuye Roundabout,2026-06-07,17,Peak,Day,846,974,20,92,12,3.43,2.23,1.35
Kibuye Roundabout,2026-06-07,17,Peak,Day,833,985,33,66,15,2.46,2.22,1.35
Kibuye Roundabout,2026-06-07,18,Peak,Day,884,897,36,90,2,3.86,2.28,1.31
Kibuye Roundabout,2026-06-07,18,Peak,Day,848,924,17,89,5,2.29,2.57,1.26
Kibuye Roundabout,2026-06-07,18,Peak,Day,801,956,28,93,7,3.44,2.02,1.31
Kibuye Roundabout,2026-06-07,18,Peak,Day,826,974,45,90,7,3.42,1.93,1.35
Bakuli Intersection,2026-06-07,7,Peak,Day,658,746,21,57,11,3.79,3.01,1.11
Bakuli Intersection,2026-06-07,7,Peak,Day,658,734,21,80,8,3.95,2.66,1.03
Bakuli Intersection,2026-06-07,7,Peak,Day,656,792,17,85,9,4.12,2.68,1.17
Bakuli Intersection,2026-06-07,7,Peak,Day,634,749,17,81,13,3.88,2.4,1.05
Bakuli Intersection,2026-06-07,8,Peak,Day,784,771,31,76,11,2.7,1.53,1.17
Bakuli Intersection,2026-06-07,8,Peak,Day,753,815,23,82,10,2.12,1.97,1.19
Bakuli Intersection,2026-06-07,8,Peak,Day,776,870,24,86,7,2.94,2.81,1.2
Bakuli Intersection,2026-06-07,8,Peak,Day,785,858,19,80,7,2.98,2.37,1.14
Bakuli Intersection,2026-06-07,9,Off-Peak,Day,353,441,2,60,4,3.02,2.56,0.6
Bakuli Intersection,2026-06-07,9,Off-Peak,Day,393,425,24,48,8,3.17,2.73,0.53
Bakuli Intersection,2026-06-07,9,Off-Peak,Day,383,416,18,51,7,2.88,2.52,0.56
Bakuli Intersection,2026-06-07,9,Off-Peak,Day,296,423,13,63,5,2.96,2.36,0.67
Bakuli Intersection,2026-06-07,10,Off-Peak,Day,339,371,8,34,4,3.91,3.38,0.52
Bakuli Intersection,2026-06-07,10,Off-Peak,Day,314,356,22,49,11,2.64,2.3,0.51
Bakuli Intersection,2026-06-07,10,Off-Peak,Day,366,376,18,59,0,3.73,2.17,0.57
Bakuli Intersection,2026-06-07,10,Off-Peak,Day,276,448,5,42,6,4.06,2.44,0.57
Bakuli Intersection,2026-06-07,11,Off-Peak,Day,330,415,7,46,2,2.69,2.85,0.47
Bakuli Intersection,2026-06-07,11,Off-Peak,Day,302,335,8,49,4,3.97,3.12,0.47
Bakuli Intersection,2026-06-07,11,Off-Peak,Day,335,333,2,45,6,3.42,2.77,0.49
Bakuli Intersection,2026-06-07,11,Off-Peak,Day,301,339,13,31,2,2.9,2.02,0.57
Bakuli Intersection,2026-06-07,12,Off-Peak,Day,266,295,12,57,6,3.09,2.3,0.41
Bakuli Intersection,2026-06-07,12,Off-Peak,Day,259,232,16,39,0,2.82,2.44,0.49
Bakuli Intersection,2026-06-07,12,Off-Peak,Day,259,292,11,45,9,4.04,2.08,0.46
Bakuli Intersection,2026-06-07,12,Off-Peak,Day,275,317,11,57,3,3.57,1.79,0.44
Bakuli Intersection,2026-06-07,13,Off-Peak,Day,278,281,8,55,1,3.45,3.04,0.42
Bakuli Intersection,2026-06-07,13,Off-Peak,Day,315,346,9,43,1,3.35,2.28,0.42
Bakuli Intersection,2026-06-07,13,Off-Peak,Day,308,310,17,28,6,2.92,2.11,0.41
Bakuli Intersection,2026-06-07,13,Off-Peak,Day,323,317,8,37,0,2.91,2.55,0.5
Bakuli Intersection,2026-06-07,14,Off-Peak,Day,317,317,7,42,6,3.74,2.46,0.58
Bakuli Intersection,2026-06-07,14,Off-Peak,Day,269,286,10,36,2,2.76,3.03,0.45
Bakuli Intersection,2026-06-07,14,Off-Peak,Day,288,324,16,36,5,2.95,1.89,0.52
Bakuli Intersection,2026-06-07,14,Off-Peak,Day,299,279,15,34,2,3.14,2.39,0.4
Bakuli Intersection,2026-06-07,15,Off-Peak,Day,256,308,4,44,3,3.55,1.86,0.48
Bakuli Intersection,2026-06-07,15,Off-Peak,Day,303,300,14,24,4,2.74,1.92,0.44
Bakuli Intersection,2026-06-07,15,Off-Peak,Day,274,301,9,41,1,3.57,2.36,0.41
Bakuli Intersection,2026-06-07,15,Off-Peak,Day,266,275,2,45,5,3.68,2.06,0.33
Bakuli Intersection,2026-06-07,16,Off-Peak,Day,394,395,26,45,7,3.25,3.15,0.58
Bakuli Intersection,2026-06-07,16,Off-Peak,Day,398,502,8,62,1,2.72,3.06,0.69
Bakuli Intersection,2026-06-07,16,Off-Peak,Day,499,504,7,49,6,3.69,2.68,0.77
Bakuli Intersection,2026-06-07,16,Off-Peak,Day,391,430,23,55,9,3.45,2.82,0.64
Bakuli Intersection,2026-06-07,17,Peak,Day,696,779,7,93,3,3.34,2.7,1.17
Bakuli Intersection,2026-06-07,17,Peak,Day,704,787,37,76,6,2.94,2.48,1.11
Bakuli Intersection,2026-06-07,17,Peak,Day,700,766,5,69,8,4.26,2.46,1.0
Bakuli Intersection,2026-06-07,17,Peak,Day,651,771,22,90,11,3.57,2.36,1.11
Bakuli Intersection,2026-06-07,18,Peak,Day,678,761,12,86,9,3.9,2.32,1.15
Bakuli Intersection,2026-06-07,18,Peak,Day,733,825,9,57,12,3.38,3.15,1.15
Bakuli Intersection,2026-06-07,18,Peak,Day,708,789,34,80,6,2.85,2.37,1.11
Bakuli Intersection,2026-06-07,18,Peak,Day,663,776,21,69,9,3.24,2.55,0.98
Bwaise Junction,2026-06-07,7,Peak,Day,635,658,19,75,10,3.82,2.58,0.99
Bwaise Junction,2026-06-07,7,Peak,Day,646,749,26,52,5,2.07,2.44,1.1
Bwaise Junction,2026-06-07,7,Peak,Day,638,705,31,72,7,2.96,2.94,1.0
Bwaise Junction,2026-06-07,7,Peak,Day,636,666,33,64,7,2.8,2.19,0.99
Bwaise Junction,2026-06-07,8,Peak,Day,745,777,29,63,18,3.17,2.85,1.16
Bwaise Junction,2026-06-07,8,Peak,Day,743,808,23,80,8,4.27,2.12,1.07
Bwaise Junction,2026-06-07,8,Peak,Day,705,763,14,78,11,3.71,2.38,1.13
Bwaise Junction,2026-06-07,8,Peak,Day,727,731,25,86,4,3.1,2.43,1.19
Bwaise Junction,2026-06-07,9,Off-Peak,Day,329,486,6,64,1,3.9,2.39,0.69
Bwaise Junction,2026-06-07,9,Off-Peak,Day,351,474,14,43,6,2.58,3.38,0.59
Bwaise Junction,2026-06-07,9,Off-Peak,Day,359,326,2,48,7,3.59,2.39,0.47
Bwaise Junction,2026-06-07,9,Off-Peak,Day,399,372,21,53,6,3.31,2.58,0.62
Bwaise Junction,2026-06-07,10,Off-Peak,Day,338,428,9,57,7,3.22,2.63,0.61
Bwaise Junction,2026-06-07,10,Off-Peak,Day,378,264,3,49,9,3.5,2.23,0.42
Bwaise Junction,2026-06-07,10,Off-Peak,Day,367,384,8,25,2,3.52,3.2,0.59
Bwaise Junction,2026-06-07,10,Off-Peak,Day,322,476,25,50,2,2.17,3.14,0.57
Bwaise Junction,2026-06-07,11,Off-Peak,Day,281,347,23,48,2,3.19,2.37,0.4
Bwaise Junction,2026-06-07,11,Off-Peak,Day,324,413,7,43,5,3.58,2.25,0.58
Bwaise Junction,2026-06-07,11,Off-Peak,Day,335,311,11,62,9,3.4,2.76,0.47
Bwaise Junction,2026-06-07,11,Off-Peak,Day,333,362,6,29,6,3.77,2.23,0.45
Bwaise Junction,2026-06-07,12,Off-Peak,Day,312,316,7,26,1,3.5,2.64,0.43
Bwaise Junction,2026-06-07,12,Off-Peak,Day,223,308,2,37,10,4.21,2.03,0.4
Bwaise Junction,2026-06-07,12,Off-Peak,Day,224,344,2,60,2,2.72,1.78,0.41
Bwaise Junction,2026-06-07,12,Off-Peak,Day,271,297,14,22,9,3.57,1.92,0.4
Bwaise Junction,2026-06-07,13,Off-Peak,Day,286,324,8,43,6,3.4,2.55,0.4
Bwaise Junction,2026-06-07,13,Off-Peak,Day,278,260,11,25,0,3.71,2.84,0.44
Bwaise Junction,2026-06-07,13,Off-Peak,Day,201,269,12,43,5,3.48,2.5,0.35
Bwaise Junction,2026-06-07,13,Off-Peak,Day,254,350,10,36,0,3.13,2.9,0.41
Bwaise Junction,2026-06-07,14,Off-Peak,Day,275,266,9,51,2,4.04,2.7,0.41
Bwaise Junction,2026-06-07,14,Off-Peak,Day,219,314,2,27,6,3.38,2.22,0.39
Bwaise Junction,2026-06-07,14,Off-Peak,Day,381,305,23,46,5,2.88,2.07,0.51
Bwaise Junction,2026-06-07,14,Off-Peak,Day,295,296,2,11,6,3.97,2.65,0.42
Bwaise Junction,2026-06-07,15,Off-Peak,Day,198,282,2,33,7,3.87,1.97,0.36
Bwaise Junction,2026-06-07,15,Off-Peak,Day,301,230,17,57,4,2.87,3.01,0.44
Bwaise Junction,2026-06-07,15,Off-Peak,Day,305,343,2,29,10,3.63,1.89,0.49
Bwaise Junction,2026-06-07,15,Off-Peak,Day,233,351,26,29,2,3.81,1.99,0.48
Bwaise Junction,2026-06-07,16,Off-Peak,Day,423,398,22,77,2,3.54,2.16,0.6
Bwaise Junction,2026-06-07,16,Off-Peak,Day,395,428,15,68,5,3.87,2.82,0.64
Bwaise Junction,2026-06-07,16,Off-Peak,Day,346,456,19,47,2,2.85,2.82,0.6
Bwaise Junction,2026-06-07,16,Off-Peak,Day,320,402,20,40,5,3.18,2.26,0.57
Bwaise Junction,2026-06-07,17,Peak,Day,565,776,33,65,7,4.07,2.01,0.97
Bwaise Junction,2026-06-07,17,Peak,Day,664,662,22,60,7,2.89,2.36,0.93
Bwaise Junction,2026-06-07,17,Peak,Day,634,770,27,59,4,2.97,1.98,1.13
Bwaise Junction,2026-06-07,17,Peak,Day,683,713,8,68,7,3.21,3.44,1.07
Bwaise Junction,2026-06-07,18,Peak,Day,683,759,23,71,6,3.56,2.27,1.08
Bwaise Junction,2026-06-07,18,Peak,Day,689,809,23,82,13,3.65,3.04,1.08
Bwaise Junction,2026-06-07,18,Peak,Day,629,796,15,60,4,3.9,2.67,1.11
Bwaise Junction,2026-06-07,18,Peak,Day,630,738,22,90,8,2.85,2.49,1.13
Natete Junction,2026-06-07,7,Peak,Day,755,886,24,84,9,3.53,2.96,1.32
Natete Junction,2026-06-07,7,Peak,Day,852,988,28,85,5,3.44,2.68,1.32
Natete Junction,2026-06-07,7,Peak,Day,809,893,33,71,9,3.81,2.71,1.34
Natete Junction,2026-06-07,7,Peak,Day,780,872,36,70,7,3.9,2.31,1.2
Natete Junction,2026-06-07,8,Peak,Day,949,974,24,90,10,3.92,2.75,1.35
Natete Junction,2026-06-07,8,Peak,Day,858,996,43,88,9,3.36,1.93,1.3
Natete Junction,2026-06-07,8,Peak,Day,807,918,33,98,7,3.94,2.63,1.24
Natete Junction,2026-06-07,8,Peak,Day,876,1099,37,80,14,2.47,2.69,1.35
Natete Junction,2026-06-07,9,Off-Peak,Day,355,404,16,58,7,3.83,2.3,0.46
Natete Junction,2026-06-07,9,Off-Peak,Day,424,440,3,73,7,3.22,2.69,0.65
Natete Junction,2026-06-07,9,Off-Peak,Day,362,465,10,57,6,3.24,2.51,0.68
Natete Junction,2026-06-07,9,Off-Peak,Day,407,454,8,69,4,3.7,2.6,0.63
Natete Junction,2026-06-07,10,Off-Peak,Day,418,351,5,65,1,2.53,2.96,0.67
Natete Junction,2026-06-07,10,Off-Peak,Day,359,426,12,63,2,3.62,1.82,0.55
Natete Junction,2026-06-07,10,Off-Peak,Day,478,380,8,69,3,3.63,2.95,0.67
Natete Junction,2026-06-07,10,Off-Peak,Day,442,395,11,58,6,3.16,2.56,0.57
Natete Junction,2026-06-07,11,Off-Peak,Day,438,363,8,67,7,2.87,2.19,0.61
Natete Junction,2026-06-07,11,Off-Peak,Day,290,356,8,35,9,3.69,2.74,0.51
Natete Junction,2026-06-07,11,Off-Peak,Day,403,372,13,54,7,4.85,2.51,0.52
Natete Junction,2026-06-07,11,Off-Peak,Day,396,433,13,53,5,3.02,2.71,0.55
Natete Junction,2026-06-07,12,Off-Peak,Day,336,325,13,27,7,3.75,2.43,0.56
Natete Junction,2026-06-07,12,Off-Peak,Day,414,335,18,28,2,2.5,2.57,0.58
Natete Junction,2026-06-07,12,Off-Peak,Day,347,383,13,54,0,3.65,2.6,0.6
Natete Junction,2026-06-07,12,Off-Peak,Day,266,284,2,19,4,4.61,2.43,0.36
Natete Junction,2026-06-07,13,Off-Peak,Day,252,325,21,47,1,3.19,2.41,0.42
Natete Junction,2026-06-07,13,Off-Peak,Day,321,365,25,52,6,3.14,2.57,0.53
Natete Junction,2026-06-07,13,Off-Peak,Day,347,336,20,55,4,3.06,2.43,0.53
Natete Junction,2026-06-07,13,Off-Peak,Day,311,351,21,28,3,2.89,2.51,0.48
Natete Junction,2026-06-07,14,Off-Peak,Day,316,357,7,35,3,3.89,2.6,0.5
Natete Junction,2026-06-07,14,Off-Peak,Day,327,421,5,58,6,4.02,2.93,0.6
Natete Junction,2026-06-07,14,Off-Peak,Day,351,309,15,29,5,3.03,2.83,0.49
Natete Junction,2026-06-07,14,Off-Peak,Day,294,333,2,27,9,3.01,2.86,0.39
Natete Junction,2026-06-07,15,Off-Peak,Day,269,373,15,49,11,3.23,2.16,0.51
Natete Junction,2026-06-07,15,Off-Peak,Day,278,401,4,46,6,2.12,3.01,0.58
Natete Junction,2026-06-07,15,Off-Peak,Day,323,313,11,37,6,3.8,3.01,0.6
Natete Junction,2026-06-07,15,Off-Peak,Day,286,315,9,40,0,3.02,2.43,0.41
Natete Junction,2026-06-07,16,Off-Peak,Day,443,484,16,57,0,2.81,2.69,0.66
Natete Junction,2026-06-07,16,Off-Peak,Day,464,515,22,63,5,2.55,2.9,0.7
Natete Junction,2026-06-07,16,Off-Peak,Day,387,452,13,54,6,3.13,1.6,0.68
Natete Junction,2026-06-07,16,Off-Peak,Day,425,476,13,57,7,3.29,2.67,0.68
Natete Junction,2026-06-07,17,Peak,Day,782,954,24,86,10,3.56,2.87,1.34
Natete Junction,2026-06-07,17,Peak,Day,806,892,15,100,10,3.49,2.57,1.23
Natete Junction,2026-06-07,17,Peak,Day,763,913,31,77,9,3.01,2.97,1.2
Natete Junction,2026-06-07,17,Peak,Day,765,897,19,70,5,2.55,2.1,1.22
Natete Junction,2026-06-07,18,Peak,Day,815,869,44,84,9,3.24,2.89,1.31
Natete Junction,2026-06-07,18,Peak,Day,762,906,11,83,5,2.99,2.39,1.23
Natete Junction,2026-06-07,18,Peak,Day,831,859,36,67,6,2.97,2.92,1.24
Natete Junction,2026-06-07,18,Peak,Day,813,848,30,93,0,3.77,2.33,1.27
Wandegeya Junction,2026-06-03,19,Night,Night,45,33,6,3,0,5.87,4.05,0.07
Wandegeya Junction,2026-06-03,19,Night,Night,39,38,5,3,2,5.93,5.03,0.04
Wandegeya Junction,2026-06-03,19,Night,Night,27,50,0,0,2,5.3,4.64,0.05
Wandegeya Junction,2026-06-03,19,Night,Night,45,46,2,3,2,5.39,4.8,0.06
Wandegeya Junction,2026-06-03,20,Night,Night,35,34,5,3,1,6.07,4.79,0.07
Wandegeya Junction,2026-06-03,20,Night,Night,30,20,2,3,1,6.03,4.3,0.02
Wandegeya Junction,2026-06-03,20,Night,Night,28,42,2,0,2,6.08,4.76,0.08
Wandegeya Junction,2026-06-03,20,Night,Night,40,26,1,1,0,5.48,4.94,0.05
Wandegeya Junction,2026-06-03,21,Night,Night,27,24,3,0,2,5.59,3.79,0.02
Wandegeya Junction,2026-06-03,21,Night,Night,18,16,0,0,2,5.5,3.67,0.02
Wandegeya Junction,2026-06-03,21,Night,Night,34,27,1,0,0,5.34,3.31,0.04
Wandegeya Junction,2026-06-03,21,Night,Night,23,14,0,6,0,5.82,4.3,0.05
Wandegeya Junction,2026-06-03,22,Night,Night,32,31,1,4,2,6.38,4.32,0.06
Wandegeya Junction,2026-06-03,22,Night,Night,19,22,6,0,0,6.52,4.63,0.02
Wandegeya Junction,2026-06-03,22,Night,Night,21,2,4,0,0,5.79,3.61,0.04
Wandegeya Junction,2026-06-03,22,Night,Night,14,5,1,0,3,5.81,3.68,0.02
Wandegeya Junction,2026-06-03,23,Night,Night,18,12,0,7,2,5.9,5.08,0.03
Wandegeya Junction,2026-06-03,23,Night,Night,26,15,4,5,4,7.04,4.49,0.04
Wandegeya Junction,2026-06-03,23,Night,Night,1,18,1,0,2,6.54,4.86,0.03
Wandegeya Junction,2026-06-03,23,Night,Night,10,7,5,1,1,5.32,4.67,0.03
Wandegeya Junction,2026-06-03,0,Night,Night,1,12,3,0,1,5.27,4.82,0.02
Wandegeya Junction,2026-06-03,0,Night,Night,1,19,0,0,0,5.45,4.8,0.05
Wandegeya Junction,2026-06-03,0,Night,Night,20,1,0,3,1,6.36,4.46,0.03
Wandegeya Junction,2026-06-03,0,Night,Night,3,1,0,2,4,5.7,4.48,0.02
Wandegeya Junction,2026-06-03,1,Night,Night,14,8,0,6,1,5.68,4.52,0.02
Wandegeya Junction,2026-06-03,1,Night,Night,1,7,1,2,0,5.59,4.28,0.02
Wandegeya Junction,2026-06-03,1,Night,Night,3,18,0,0,0,5.65,4.17,0.03
Wandegeya Junction,2026-06-03,1,Night,Night,14,22,0,0,0,7.02,4.31,0.02
Wandegeya Junction,2026-06-03,2,Night,Night,24,9,2,1,0,5.28,4.53,0.02
Wandegeya Junction,2026-06-03,2,Night,Night,14,27,0,4,2,5.91,3.97,0.03
Wandegeya Junction,2026-06-03,2,Night,Night,15,8,4,0,1,5.85,4.56,0.04
Wandegeya Junction,2026-06-03,2,Night,Night,17,1,1,0,3,5.72,4.6,0.02
Wandegeya Junction,2026-06-03,3,Night,Night,1,10,3,2,3,5.95,4.77,0.02
Wandegeya Junction,2026-06-03,3,Night,Night,6,1,1,0,0,5.22,4.15,0.02
Wandegeya Junction,2026-06-03,3,Night,Night,3,4,0,2,2,5.76,4.69,0.02
Wandegeya Junction,2026-06-03,3,Night,Night,6,8,0,0,0,5.73,4.33,0.02
Wandegeya Junction,2026-06-03,4,Night,Night,11,7,0,0,0,6.81,4.86,0.02
Wandegeya Junction,2026-06-03,4,Night,Night,1,23,0,0,0,5.42,4.38,0.02
Wandegeya Junction,2026-06-03,4,Night,Night,15,3,1,0,0,5.97,5.81,0.02
Wandegeya Junction,2026-06-03,4,Night,Night,25,6,4,1,0,6.58,4.52,0.04
Wandegeya Junction,2026-06-03,5,Night,Night,23,23,1,0,0,6.17,4.56,0.03
Wandegeya Junction,2026-06-03,5,Night,Night,17,28,0,0,1,6.01,4.24,0.03
Wandegeya Junction,2026-06-03,5,Night,Night,20,3,0,0,1,5.61,4.58,0.02
Wandegeya Junction,2026-06-03,5,Night,Night,11,15,6,0,0,5.54,5.27,0.05
Wandegeya Junction,2026-06-03,6,Night,Night,17,20,2,0,0,6.31,3.77,0.02
Wandegeya Junction,2026-06-03,6,Night,Night,24,31,4,0,0,6.41,4.35,0.03
Wandegeya Junction,2026-06-03,6,Night,Night,21,14,0,0,0,5.32,4.61,0.02
Wandegeya Junction,2026-06-03,6,Night,Night,14,40,5,0,2,5.36,4.2,0.03
Kibuye Roundabout,2026-06-03,19,Night,Night,43,44,2,0,2,5.55,4.33,0.1
Kibuye Roundabout,2026-06-03,19,Night,Night,39,40,5,1,4,5.47,4.28,0.04
Kibuye Roundabout,2026-06-03,19,Night,Night,49,54,3,3,2,5.59,4.9,0.04
Kibuye Roundabout,2026-06-03,19,Night,Night,26,39,6,1,1,4.52,4.65,0.04
Kibuye Roundabout,2026-06-03,20,Night,Night,45,34,3,9,0,5.12,4.61,0.06
Kibuye Roundabout,2026-06-03,20,Night,Night,42,43,4,0,0,5.72,4.27,0.07
Kibuye Roundabout,2026-06-03,20,Night,Night,43,41,8,2,0,5.55,4.73,0.08
Kibuye Roundabout,2026-06-03,20,Night,Night,35,40,5,7,0,6.02,4.71,0.06
Kibuye Roundabout,2026-06-03,21,Night,Night,11,17,6,6,0,5.56,4.58,0.02
Kibuye Roundabout,2026-06-03,21,Night,Night,22,7,3,0,3,5.64,4.95,0.03
Kibuye Roundabout,2026-06-03,21,Night,Night,12,26,2,0,1,5.66,4.03,0.05
Kibuye Roundabout,2026-06-03,21,Night,Night,22,31,4,0,0,6.18,5.07,0.03
Kibuye Roundabout,2026-06-03,22,Night,Night,34,18,5,0,1,5.7,4.0,0.05
Kibuye Roundabout,2026-06-03,22,Night,Night,20,16,3,0,0,6.14,4.64,0.02
Kibuye Roundabout,2026-06-03,22,Night,Night,11,28,2,7,0,6.41,4.91,0.05
Kibuye Roundabout,2026-06-03,22,Night,Night,16,25,2,4,1,5.71,4.88,0.02
Kibuye Roundabout,2026-06-03,23,Night,Night,21,19,0,0,3,5.6,4.35,0.03
Kibuye Roundabout,2026-06-03,23,Night,Night,11,9,0,0,0,5.63,4.15,0.02
Kibuye Roundabout,2026-06-03,23,Night,Night,13,10,0,0,0,5.81,4.51,0.02
Kibuye Roundabout,2026-06-03,23,Night,Night,20,21,3,5,0,6.68,4.4,0.03
Kibuye Roundabout,2026-06-03,0,Night,Night,12,8,0,0,0,6.34,4.44,0.02
Kibuye Roundabout,2026-06-03,0,Night,Night,11,1,1,0,0,6.33,4.22,0.02
Kibuye Roundabout,2026-06-03,0,Night,Night,9,12,4,0,0,5.91,4.18,0.02
Kibuye Roundabout,2026-06-03,0,Night,Night,1,3,3,0,3,6.18,4.81,0.04
Kibuye Roundabout,2026-06-03,1,Night,Night,22,14,0,5,0,5.51,4.54,0.02
Kibuye Roundabout,2026-06-03,1,Night,Night,4,23,1,0,0,5.77,3.98,0.02
Kibuye Roundabout,2026-06-03,1,Night,Night,2,20,0,1,0,5.54,4.32,0.02
Kibuye Roundabout,2026-06-03,1,Night,Night,2,7,1,0,0,5.58,4.18,0.04
Kibuye Roundabout,2026-06-03,2,Night,Night,11,29,1,1,0,5.23,5.0,0.02
Kibuye Roundabout,2026-06-03,2,Night,Night,2,11,0,4,0,5.75,4.82,0.02
Kibuye Roundabout,2026-06-03,2,Night,Night,1,14,0,1,0,5.33,5.21,0.04
Kibuye Roundabout,2026-06-03,2,Night,Night,8,2,0,2,1,5.45,4.8,0.02
Kibuye Roundabout,2026-06-03,3,Night,Night,9,23,0,0,0,5.74,4.22,0.03
Kibuye Roundabout,2026-06-03,3,Night,Night,15,20,2,0,1,6.07,4.37,0.04
Kibuye Roundabout,2026-06-03,3,Night,Night,2,5,0,0,1,5.57,5.03,0.02
Kibuye Roundabout,2026-06-03,3,Night,Night,20,10,3,2,3,5.64,4.51,0.02
Kibuye Roundabout,2026-06-03,4,Night,Night,1,1,0,1,3,5.91,4.97,0.02
Kibuye Roundabout,2026-06-03,4,Night,Night,13,27,0,3,0,4.96,5.03,0.02
Kibuye Roundabout,2026-06-03,4,Night,Night,2,10,0,0,1,4.84,4.41,0.02
Kibuye Roundabout,2026-06-03,4,Night,Night,14,18,0,0,0,5.92,4.38,0.02
Kibuye Roundabout,2026-06-03,5,Night,Night,6,12,2,4,0,4.9,4.56,0.02
Kibuye Roundabout,2026-06-03,5,Night,Night,21,1,2,7,0,5.67,5.1,0.02
Kibuye Roundabout,2026-06-03,5,Night,Night,12,32,4,5,1,6.92,4.43,0.06
Kibuye Roundabout,2026-06-03,5,Night,Night,29,11,0,0,0,6.1,4.48,0.02
Kibuye Roundabout,2026-06-03,6,Night,Night,6,19,2,1,4,5.34,5.47,0.04
Kibuye Roundabout,2026-06-03,6,Night,Night,39,25,0,0,1,6.11,4.98,0.05
Kibuye Roundabout,2026-06-03,6,Night,Night,19,15,6,2,0,5.38,4.34,0.04
Kibuye Roundabout,2026-06-03,6,Night,Night,27,32,0,5,0,5.57,4.26,0.05
Bakuli Intersection,2026-06-03,19,Night,Night,39,19,5,3,0,5.08,4.36,0.06
Bakuli Intersection,2026-06-03,19,Night,Night,46,44,4,2,0,6.59,5.05,0.06
Bakuli Intersection,2026-06-03,19,Night,Night,42,45,4,3,0,6.95,4.65,0.06
Bakuli Intersection,2026-06-03,19,Night,Night,45,37,3,0,2,5.19,4.17,0.05
Bakuli Intersection,2026-06-03,20,Night,Night,35,10,3,2,0,5.73,4.51,0.05
Bakuli Intersection,2026-06-03,20,Night,Night,32,25,1,3,0,6.7,4.68,0.03
Bakuli Intersection,2026-06-03,20,Night,Night,37,24,4,5,0,5.28,4.45,0.07
Bakuli Intersection,2026-06-03,20,Night,Night,37,33,4,1,0,5.92,4.44,0.05
Bakuli Intersection,2026-06-03,21,Night,Night,5,16,1,0,2,5.82,4.71,0.02
Bakuli Intersection,2026-06-03,21,Night,Night,24,13,0,0,4,4.87,4.19,0.04
Bakuli Intersection,2026-06-03,21,Night,Night,30,24,2,2,3,5.38,4.75,0.06
Bakuli Intersection,2026-06-03,21,Night,Night,15,22,2,3,0,6.49,4.69,0.03
Bakuli Intersection,2026-06-03,22,Night,Night,1,1,1,3,0,5.86,4.43,0.02
Bakuli Intersection,2026-06-03,22,Night,Night,14,25,0,0,2,6.23,4.71,0.05
Bakuli Intersection,2026-06-03,22,Night,Night,23,17,0,0,0,6.3,4.86,0.03
Bakuli Intersection,2026-06-03,22,Night,Night,11,10,4,0,1,5.42,4.74,0.02
Bakuli Intersection,2026-06-03,23,Night,Night,8,11,1,0,2,6.2,5.02,0.02
Bakuli Intersection,2026-06-03,23,Night,Night,2,22,3,6,0,5.73,3.61,0.02
Bakuli Intersection,2026-06-03,23,Night,Night,1,14,2,8,0,6.77,4.94,0.02
Bakuli Intersection,2026-06-03,23,Night,Night,13,6,0,0,0,5.84,4.37,0.04
Bakuli Intersection,2026-06-03,0,Night,Night,11,10,0,0,0,5.94,4.75,0.02
Bakuli Intersection,2026-06-03,0,Night,Night,29,10,0,2,1,6.45,4.38,0.03
Bakuli Intersection,2026-06-03,0,Night,Night,1,5,1,0,5,5.8,4.96,0.02
Bakuli Intersection,2026-06-03,0,Night,Night,9,5,1,0,2,5.36,4.44,0.03
Bakuli Intersection,2026-06-03,1,Night,Night,17,3,0,0,0,6.58,4.87,0.02
Bakuli Intersection,2026-06-03,1,Night,Night,5,14,0,0,2,6.05,4.0,0.02
Bakuli Intersection,2026-06-03,1,Night,Night,12,23,0,0,2,5.13,4.05,0.03
Bakuli Intersection,2026-06-03,1,Night,Night,7,3,1,1,2,5.74,4.87,0.02
Bakuli Intersection,2026-06-03,2,Night,Night,22,1,0,5,0,5.56,4.58,0.03
Bakuli Intersection,2026-06-03,2,Night,Night,11,17,0,5,0,4.95,4.92,0.02
Bakuli Intersection,2026-06-03,2,Night,Night,1,8,1,0,1,4.72,4.17,0.02
Bakuli Intersection,2026-06-03,2,Night,Night,13,14,0,0,3,6.26,3.89,0.02
Bakuli Intersection,2026-06-03,3,Night,Night,22,9,0,0,0,5.49,4.36,0.02
Bakuli Intersection,2026-06-03,3,Night,Night,12,7,1,0,1,5.67,3.88,0.02
Bakuli Intersection,2026-06-03,3,Night,Night,3,15,4,1,2,5.3,3.81,0.03
Bakuli Intersection,2026-06-03,3,Night,Night,4,13,3,0,0,5.25,4.51,0.02
Bakuli Intersection,2026-06-03,4,Night,Night,1,28,0,2,0,5.55,4.79,0.02
Bakuli Intersection,2026-06-03,4,Night,Night,14,11,5,2,0,5.6,3.72,0.04
Bakuli Intersection,2026-06-03,4,Night,Night,11,10,2,0,0,6.2,4.46,0.02
Bakuli Intersection,2026-06-03,4,Night,Night,15,1,2,2,1,6.05,4.68,0.02
Bakuli Intersection,2026-06-03,5,Night,Night,16,29,3,0,0,6.24,4.57,0.04
Bakuli Intersection,2026-06-03,5,Night,Night,13,11,2,0,0,5.7,4.34,0.02
Bakuli Intersection,2026-06-03,5,Night,Night,17,23,6,2,1,5.25,4.65,0.04
Bakuli Intersection,2026-06-03,5,Night,Night,16,9,2,0,2,5.23,3.89,0.04
Bakuli Intersection,2026-06-03,6,Night,Night,21,31,5,4,0,5.82,4.54,0.04
Bakuli Intersection,2026-06-03,6,Night,Night,20,21,2,0,2,5.17,3.91,0.04
Bakuli Intersection,2026-06-03,6,Night,Night,14,12,3,0,0,5.85,3.58,0.02
Bakuli Intersection,2026-06-03,6,Night,Night,10,19,2,3,0,5.79,4.42,0.02
Bwaise Junction,2026-06-03,19,Night,Night,29,34,2,4,1,6.03,4.31,0.09
Bwaise Junction,2026-06-03,19,Night,Night,26,48,2,0,0,5.03,4.65,0.04
Bwaise Junction,2026-06-03,19,Night,Night,29,41,6,1,3,4.98,4.34,0.03
Bwaise Junction,2026-06-03,19,Night,Night,30,27,1,0,0,5.52,4.89,0.04
Bwaise Junction,2026-06-03,20,Night,Night,17,43,0,2,1,5.98,4.96,0.02
Bwaise Junction,2026-06-03,20,Night,Night,19,37,0,4,0,5.85,4.81,0.05
Bwaise Junction,2026-06-03,20,Night,Night,41,28,1,0,0,6.18,3.97,0.05
Bwaise Junction,2026-06-03,20,Night,Night,36,29,2,4,0,5.4,4.99,0.05
Bwaise Junction,2026-06-03,21,Night,Night,29,11,1,1,0,5.79,4.44,0.04
Bwaise Junction,2026-06-03,21,Night,Night,12,18,0,6,0,5.91,4.35,0.05
Bwaise Junction,2026-06-03,21,Night,Night,25,28,0,6,1,6.22,4.84,0.04
Bwaise Junction,2026-06-03,21,Night,Night,24,24,0,3,0,6.24,4.26,0.06
Bwaise Junction,2026-06-03,22,Night,Night,7,14,4,1,2,4.96,4.37,0.04
Bwaise Junction,2026-06-03,22,Night,Night,37,18,0,1,0,5.72,3.74,0.04
Bwaise Junction,2026-06-03,22,Night,Night,14,25,1,6,3,5.77,4.61,0.02
Bwaise Junction,2026-06-03,22,Night,Night,4,18,0,6,0,6.15,4.58,0.03
Bwaise Junction,2026-06-03,23,Night,Night,11,7,3,0,1,6.33,4.74,0.04
Bwaise Junction,2026-06-03,23,Night,Night,14,5,1,0,0,5.41,4.36,0.02
Bwaise Junction,2026-06-03,23,Night,Night,1,9,1,3,0,6.38,3.18,0.02
Bwaise Junction,2026-06-03,23,Night,Night,14,4,5,5,0,4.65,5.22,0.02
Bwaise Junction,2026-06-03,0,Night,Night,8,2,1,0,0,5.06,3.96,0.02
Bwaise Junction,2026-06-03,0,Night,Night,5,1,0,4,0,6.0,3.53,0.03
Bwaise Junction,2026-06-03,0,Night,Night,1,6,3,1,1,5.29,4.21,0.02
Bwaise Junction,2026-06-03,0,Night,Night,14,30,0,0,1,5.74,4.51,0.02
Bwaise Junction,2026-06-03,1,Night,Night,16,2,1,0,0,6.16,5.3,0.02
Bwaise Junction,2026-06-03,1,Night,Night,13,11,0,0,0,4.59,4.59,0.02
Bwaise Junction,2026-06-03,1,Night,Night,1,2,0,0,0,5.47,4.59,0.02
Bwaise Junction,2026-06-03,1,Night,Night,19,3,3,1,0,5.43,4.28,0.02
Bwaise Junction,2026-06-03,2,Night,Night,12,28,1,3,0,5.95,4.63,0.02
Bwaise Junction,2026-06-03,2,Night,Night,5,6,0,0,2,5.96,4.67,0.02
Bwaise Junction,2026-06-03,2,Night,Night,1,1,0,5,1,5.47,4.86,0.02
Bwaise Junction,2026-06-03,2,Night,Night,11,1,2,0,0,6.49,3.54,0.02
Bwaise Junction,2026-06-03,3,Night,Night,19,21,0,1,0,4.47,3.94,0.03
Bwaise Junction,2026-06-03,3,Night,Night,14,16,3,0,2,6.06,4.65,0.03
Bwaise Junction,2026-06-03,3,Night,Night,13,4,2,4,0,6.02,4.49,0.04
Bwaise Junction,2026-06-03,3,Night,Night,11,19,0,0,3,5.31,4.8,0.02
Bwaise Junction,2026-06-03,4,Night,Night,1,14,0,0,0,5.2,3.57,0.03
Bwaise Junction,2026-06-03,4,Night,Night,20,1,0,2,1,5.29,4.91,0.02
Bwaise Junction,2026-06-03,4,Night,Night,4,5,4,1,1,4.97,4.83,0.04
Bwaise Junction,2026-06-03,4,Night,Night,1,1,4,0,4,5.78,5.07,0.02
Bwaise Junction,2026-06-03,5,Night,Night,18,7,5,1,0,8.04,4.91,0.02
Bwaise Junction,2026-06-03,5,Night,Night,1,3,4,0,0,5.52,5.33,0.02
Bwaise Junction,2026-06-03,5,Night,Night,11,7,0,1,0,6.06,4.01,0.02
Bwaise Junction,2026-06-03,5,Night,Night,12,9,0,3,0,5.45,4.94,0.02
Bwaise Junction,2026-06-03,6,Night,Night,25,17,5,3,0,5.5,5.4,0.02
Bwaise Junction,2026-06-03,6,Night,Night,22,5,3,0,3,6.39,4.44,0.02
Bwaise Junction,2026-06-03,6,Night,Night,4,17,2,0,0,5.52,5.05,0.02
Bwaise Junction,2026-06-03,6,Night,Night,12,7,1,1,0,6.13,4.94,0.02
Natete Junction,2026-06-03,19,Night,Night,38,57,6,4,0,6.02,4.13,0.09
Natete Junction,2026-06-03,19,Night,Night,46,39,5,5,3,5.09,4.73,0.06
Natete Junction,2026-06-03,19,Night,Night,37,52,6,9,0,7.17,4.53,0.08
Natete Junction,2026-06-03,19,Night,Night,38,54,0,2,0,5.37,4.01,0.08
Natete Junction,2026-06-03,20,Night,Night,33,42,2,6,0,6.08,4.85,0.07
Natete Junction,2026-06-03,20,Night,Night,42,34,2,3,4,5.18,4.27,0.07
Natete Junction,2026-06-03,20,Night,Night,36,60,5,5,0,5.31,4.63,0.06
Natete Junction,2026-06-03,20,Night,Night,46,32,2,6,2,5.45,4.46,0.06
Natete Junction,2026-06-03,21,Night,Night,15,12,3,3,0,5.72,3.88,0.04
Natete Junction,2026-06-03,21,Night,Night,15,21,1,5,4,6.35,4.6,0.02
Natete Junction,2026-06-03,21,Night,Night,12,29,0,2,2,5.59,4.47,0.04
Natete Junction,2026-06-03,21,Night,Night,33,24,0,2,0,5.87,4.82,0.02
Natete Junction,2026-06-03,22,Night,Night,9,24,6,0,2,5.61,4.95,0.05
Natete Junction,2026-06-03,22,Night,Night,25,30,1,1,3,6.22,4.29,0.06
Natete Junction,2026-06-03,22,Night,Night,25,20,0,5,2,6.53,4.56,0.06
Natete Junction,2026-06-03,22,Night,Night,17,24,0,0,0,5.35,4.39,0.03
Natete Junction,2026-06-03,23,Night,Night,14,26,0,0,2,5.41,4.23,0.05
Natete Junction,2026-06-03,23,Night,Night,21,11,0,0,0,6.64,4.27,0.02
Natete Junction,2026-06-03,23,Night,Night,3,31,0,2,0,6.05,4.89,0.02
Natete Junction,2026-06-03,23,Night,Night,21,20,1,0,0,6.71,4.16,0.02
Natete Junction,2026-06-03,0,Night,Night,2,34,1,0,0,5.57,5.17,0.05
Natete Junction,2026-06-03,0,Night,Night,19,1,0,0,0,5.82,4.43,0.02
Natete Junction,2026-06-03,0,Night,Night,4,15,0,0,0,5.74,4.02,0.03
Natete Junction,2026-06-03,0,Night,Night,8,8,4,0,0,6.58,4.17,0.03
Natete Junction,2026-06-03,1,Night,Night,1,7,2,0,0,5.8,5.14,0.02
Natete Junction,2026-06-03,1,Night,Night,17,6,1,0,0,5.2,3.97,0.02
Natete Junction,2026-06-03,1,Night,Night,1,4,3,3,1,5.23,4.23,0.02
Natete Junction,2026-06-03,1,Night,Night,17,1,0,5,0,5.0,4.78,0.02
Natete Junction,2026-06-03,2,Night,Night,3,1,0,8,0,4.91,3.7,0.02
Natete Junction,2026-06-03,2,Night,Night,21,17,0,0,0,5.63,4.81,0.03
Natete Junction,2026-06-03,2,Night,Night,1,12,1,2,0,5.59,4.41,0.02
Natete Junction,2026-06-03,2,Night,Night,15,9,0,1,0,4.52,3.93,0.03
Natete Junction,2026-06-03,3,Night,Night,11,18,0,0,0,4.59,4.56,0.02
Natete Junction,2026-06-03,3,Night,Night,10,12,2,4,0,6.62,4.42,0.02
Natete Junction,2026-06-03,3,Night,Night,3,1,1,1,0,5.46,4.19,0.02
Natete Junction,2026-06-03,3,Night,Night,16,17,0,2,0,6.25,5.15,0.03
Natete Junction,2026-06-03,4,Night,Night,22,11,2,7,0,5.4,3.74,0.04
Natete Junction,2026-06-03,4,Night,Night,18,12,0,3,0,5.19,3.98,0.02
Natete Junction,2026-06-03,4,Night,Night,16,1,1,0,1,6.47,4.64,0.02
Natete Junction,2026-06-03,4,Night,Night,20,18,1,6,0,5.71,4.67,0.02
Natete Junction,2026-06-03,5,Night,Night,20,25,3,0,0,5.03,4.39,0.03
Natete Junction,2026-06-03,5,Night,Night,15,39,0,0,2,5.06,4.62,0.05
Natete Junction,2026-06-03,5,Night,Night,25,33,1,5,2,5.6,4.58,0.03
Natete Junction,2026-06-03,5,Night,Night,23,11,0,0,1,6.04,4.51,0.04
Natete Junction,2026-06-03,6,Night,Night,21,28,2,0,1,6.71,4.53,0.03
Natete Junction,2026-06-03,6,Night,Night,14,26,0,0,1,5.76,5.33,0.05
Natete Junction,2026-06-03,6,Night,Night,20,36,0,2,0,6.64,4.25,0.02
Natete Junction,2026-06-03,6,Night,Night,22,25,0,2,3,6.23,4.06,0.02
Wandegeya Junction,2026-06-06,19,Night,Night,33,48,4,4,4,6.06,5.06,0.07
Wandegeya Junction,2026-06-06,19,Night,Night,56,42,6,4,0,5.19,3.48,0.09
Wandegeya Junction,2026-06-06,19,Night,Night,47,27,6,1,0,5.19,4.46,0.07
Wandegeya Junction,2026-06-06,19,Night,Night,36,32,8,4,1,6.92,4.36,0.03
Wandegeya Junction,2026-06-06,20,Night,Night,35,24,7,0,1,5.63,4.83,0.07
Wandegeya Junction,2026-06-06,20,Night,Night,36,45,3,0,2,6.79,4.18,0.05
Wandegeya Junction,2026-06-06,20,Night,Night,47,43,1,6,0,5.9,4.95,0.07
Wandegeya Junction,2026-06-06,20,Night,Night,37,22,2,5,0,5.92,4.92,0.04
Wandegeya Junction,2026-06-06,21,Night,Night,8,15,1,2,0,5.64,4.15,0.02
Wandegeya Junction,2026-06-06,21,Night,Night,10,46,0,0,0,5.98,4.71,0.05
Wandegeya Junction,2026-06-06,21,Night,Night,21,22,4,4,2,4.92,4.86,0.06
Wandegeya Junction,2026-06-06,21,Night,Night,28,13,3,1,1,5.36,4.45,0.02
Wandegeya Junction,2026-06-06,22,Night,Night,15,29,0,3,0,5.61,4.54,0.03
Wandegeya Junction,2026-06-06,22,Night,Night,18,16,2,0,3,5.93,4.3,0.02
Wandegeya Junction,2026-06-06,22,Night,Night,16,19,5,7,2,5.49,4.88,0.02
Wandegeya Junction,2026-06-06,22,Night,Night,29,16,0,0,0,5.28,4.27,0.03
Wandegeya Junction,2026-06-06,23,Night,Night,25,15,0,2,1,5.76,4.92,0.03
Wandegeya Junction,2026-06-06,23,Night,Night,24,11,0,0,1,5.95,5.26,0.02
Wandegeya Junction,2026-06-06,23,Night,Night,31,15,0,1,0,5.22,5.37,0.04
Wandegeya Junction,2026-06-06,23,Night,Night,6,9,2,0,0,4.84,4.76,0.03
Wandegeya Junction,2026-06-06,0,Night,Night,1,18,1,4,0,6.21,4.77,0.05
Wandegeya Junction,2026-06-06,0,Night,Night,2,1,1,3,0,5.97,4.63,0.02
Wandegeya Junction,2026-06-06,0,Night,Night,9,1,1,1,1,6.07,4.38,0.02
Wandegeya Junction,2026-06-06,0,Night,Night,13,31,0,0,1,5.31,4.23,0.02
Wandegeya Junction,2026-06-06,1,Night,Night,19,10,0,0,0,5.78,4.57,0.02
Wandegeya Junction,2026-06-06,1,Night,Night,13,12,1,0,2,6.26,5.01,0.03
Wandegeya Junction,2026-06-06,1,Night,Night,4,23,0,1,0,7.29,4.05,0.03
Wandegeya Junction,2026-06-06,1,Night,Night,9,4,0,1,2,6.24,4.93,0.02
Wandegeya Junction,2026-06-06,2,Night,Night,11,15,2,0,3,5.25,4.32,0.02
Wandegeya Junction,2026-06-06,2,Night,Night,9,18,0,1,0,5.52,4.52,0.02
Wandegeya Junction,2026-06-06,2,Night,Night,24,13,2,0,1,6.03,3.81,0.02
Wandegeya Junction,2026-06-06,2,Night,Night,13,1,0,0,0,5.14,4.7,0.02
Wandegeya Junction,2026-06-06,3,Night,Night,1,1,1,0,0,6.12,4.6,0.02
Wandegeya Junction,2026-06-06,3,Night,Night,9,18,0,7,1,5.63,4.57,0.03
Wandegeya Junction,2026-06-06,3,Night,Night,3,18,1,0,0,5.62,4.59,0.02
Wandegeya Junction,2026-06-06,3,Night,Night,9,13,2,2,0,5.67,4.45,0.02
Wandegeya Junction,2026-06-06,4,Night,Night,11,11,0,1,0,6.11,4.39,0.02
Wandegeya Junction,2026-06-06,4,Night,Night,5,12,2,2,0,7.01,4.29,0.02
Wandegeya Junction,2026-06-06,4,Night,Night,17,16,0,0,0,6.29,4.55,0.02
Wandegeya Junction,2026-06-06,4,Night,Night,7,9,2,2,1,5.65,4.75,0.03
Wandegeya Junction,2026-06-06,5,Night,Night,15,1,2,4,0,6.06,4.71,0.02
Wandegeya Junction,2026-06-06,5,Night,Night,15,20,1,1,0,6.4,3.99,0.06
Wandegeya Junction,2026-06-06,5,Night,Night,13,12,0,1,0,6.11,4.68,0.02
Wandegeya Junction,2026-06-06,5,Night,Night,18,19,0,1,0,5.58,5.22,0.02
Wandegeya Junction,2026-06-06,6,Night,Night,23,36,1,4,5,6.64,4.18,0.04
Wandegeya Junction,2026-06-06,6,Night,Night,33,8,0,7,2,5.6,4.3,0.03
Wandegeya Junction,2026-06-06,6,Night,Night,16,19,0,0,0,5.95,4.17,0.06
Wandegeya Junction,2026-06-06,6,Night,Night,1,32,1,0,0,6.06,4.66,0.02
Kibuye Roundabout,2026-06-06,19,Night,Night,47,48,6,4,0,5.82,4.96,0.06
Kibuye Roundabout,2026-06-06,19,Night,Night,44,34,2,2,4,5.34,4.47,0.07
Kibuye Roundabout,2026-06-06,19,Night,Night,45,52,6,2,0,6.3,4.4,0.09
Kibuye Roundabout,2026-06-06,19,Night,Night,52,55,4,7,0,6.36,4.26,0.07
Kibuye Roundabout,2026-06-06,20,Night,Night,35,54,4,3,0,5.76,4.11,0.05
Kibuye Roundabout,2026-06-06,20,Night,Night,43,31,2,2,2,5.46,4.98,0.06
Kibuye Roundabout,2026-06-06,20,Night,Night,44,41,4,0,2,6.09,4.45,0.07
Kibuye Roundabout,2026-06-06,20,Night,Night,42,45,4,0,3,5.48,4.2,0.07
Kibuye Roundabout,2026-06-06,21,Night,Night,22,32,1,7,0,6.57,3.79,0.03
Kibuye Roundabout,2026-06-06,21,Night,Night,34,38,1,1,0,6.16,4.6,0.08
Kibuye Roundabout,2026-06-06,21,Night,Night,21,37,0,0,3,5.77,4.27,0.06
Kibuye Roundabout,2026-06-06,21,Night,Night,25,14,2,2,3,6.21,5.05,0.02
Kibuye Roundabout,2026-06-06,22,Night,Night,15,27,1,4,0,6.0,4.67,0.02
Kibuye Roundabout,2026-06-06,22,Night,Night,11,12,3,4,1,6.19,4.33,0.03
Kibuye Roundabout,2026-06-06,22,Night,Night,22,28,3,0,1,5.12,4.84,0.05
Kibuye Roundabout,2026-06-06,22,Night,Night,15,23,0,4,4,5.32,4.95,0.05
Kibuye Roundabout,2026-06-06,23,Night,Night,7,21,0,3,0,5.67,4.38,0.04
Kibuye Roundabout,2026-06-06,23,Night,Night,6,4,0,0,0,6.13,4.59,0.02
Kibuye Roundabout,2026-06-06,23,Night,Night,22,2,1,0,3,6.23,4.71,0.04
Kibuye Roundabout,2026-06-06,23,Night,Night,3,12,7,0,0,5.75,3.72,0.02
Kibuye Roundabout,2026-06-06,0,Night,Night,9,16,1,4,0,6.25,3.93,0.02
Kibuye Roundabout,2026-06-06,0,Night,Night,2,16,0,0,0,5.07,4.85,0.02
Kibuye Roundabout,2026-06-06,0,Night,Night,1,8,6,1,0,5.37,4.56,0.02
Kibuye Roundabout,2026-06-06,0,Night,Night,10,1,0,0,1,5.53,4.7,0.02
Kibuye Roundabout,2026-06-06,1,Night,Night,21,18,1,0,2,5.6,4.61,0.03
Kibuye Roundabout,2026-06-06,1,Night,Night,8,10,0,2,1,5.86,4.79,0.02
Kibuye Roundabout,2026-06-06,1,Night,Night,12,13,2,2,1,6.32,4.07,0.02
Kibuye Roundabout,2026-06-06,1,Night,Night,4,25,2,0,0,5.82,4.56,0.02
Kibuye Roundabout,2026-06-06,2,Night,Night,1,15,4,1,0,5.22,5.16,0.02
Kibuye Roundabout,2026-06-06,2,Night,Night,5,1,3,0,4,5.71,4.05,0.02
Kibuye Roundabout,2026-06-06,2,Night,Night,20,13,0,1,0,6.8,4.18,0.02
Kibuye Roundabout,2026-06-06,2,Night,Night,12,1,1,0,0,5.2,4.8,0.02
Kibuye Roundabout,2026-06-06,3,Night,Night,10,12,0,0,0,5.39,4.79,0.02
Kibuye Roundabout,2026-06-06,3,Night,Night,31,3,2,1,3,4.82,4.5,0.05
Kibuye Roundabout,2026-06-06,3,Night,Night,15,2,5,0,0,5.35,4.25,0.02
Kibuye Roundabout,2026-06-06,3,Night,Night,8,11,1,0,2,5.53,4.92,0.02
Kibuye Roundabout,2026-06-06,4,Night,Night,7,21,3,0,0,6.08,4.12,0.02
Kibuye Roundabout,2026-06-06,4,Night,Night,19,16,0,2,3,5.74,4.63,0.02
Kibuye Roundabout,2026-06-06,4,Night,Night,20,18,0,0,0,5.4,4.92,0.02
Kibuye Roundabout,2026-06-06,4,Night,Night,11,6,0,0,0,6.43,4.87,0.02
Kibuye Roundabout,2026-06-06,5,Night,Night,28,24,2,5,0,6.01,4.96,0.04
Kibuye Roundabout,2026-06-06,5,Night,Night,1,18,0,6,1,5.82,4.44,0.03
Kibuye Roundabout,2026-06-06,5,Night,Night,30,21,2,0,0,6.06,4.12,0.07
Kibuye Roundabout,2026-06-06,5,Night,Night,21,19,4,0,4,5.35,3.81,0.04
Kibuye Roundabout,2026-06-06,6,Night,Night,28,37,2,4,0,5.83,3.97,0.05
Kibuye Roundabout,2026-06-06,6,Night,Night,29,28,0,1,0,5.8,4.19,0.04
Kibuye Roundabout,2026-06-06,6,Night,Night,13,8,2,0,1,5.62,5.35,0.02
Kibuye Roundabout,2026-06-06,6,Night,Night,23,20,4,2,0,5.74,4.1,0.02
Bakuli Intersection,2026-06-06,19,Night,Night,39,39,4,1,0,4.95,4.39,0.06
Bakuli Intersection,2026-06-06,19,Night,Night,41,44,2,2,0,5.75,4.01,0.06
Bakuli Intersection,2026-06-06,19,Night,Night,36,33,3,0,3,6.24,4.25,0.02
Bakuli Intersection,2026-06-06,19,Night,Night,28,51,3,8,0,6.23,4.72,0.07
Bakuli Intersection,2026-06-06,20,Night,Night,18,30,2,0,1,5.95,4.93,0.02
Bakuli Intersection,2026-06-06,20,Night,Night,22,33,0,2,1,5.97,4.58,0.05
Bakuli Intersection,2026-06-06,20,Night,Night,28,37,0,0,1,6.3,4.22,0.06
Bakuli Intersection,2026-06-06,20,Night,Night,31,36,3,2,2,4.93,4.16,0.06
Bakuli Intersection,2026-06-06,21,Night,Night,19,27,2,0,0,5.48,4.01,0.05
Bakuli Intersection,2026-06-06,21,Night,Night,18,28,0,1,1,6.54,4.72,0.02
Bakuli Intersection,2026-06-06,21,Night,Night,31,9,4,2,0,5.94,4.96,0.02
Bakuli Intersection,2026-06-06,21,Night,Night,2,27,4,0,3,5.19,4.78,0.02
Bakuli Intersection,2026-06-06,22,Night,Night,16,8,0,2,3,5.87,5.31,0.02
Bakuli Intersection,2026-06-06,22,Night,Night,11,26,2,4,2,5.44,4.58,0.03
Bakuli Intersection,2026-06-06,22,Night,Night,9,23,3,0,2,5.41,4.78,0.03
Bakuli Intersection,2026-06-06,22,Night,Night,26,24,0,6,3,5.71,4.34,0.03
Bakuli Intersection,2026-06-06,23,Night,Night,8,15,5,3,1,5.62,4.41,0.03
Bakuli Intersection,2026-06-06,23,Night,Night,9,2,3,2,2,6.16,3.59,0.02
Bakuli Intersection,2026-06-06,23,Night,Night,11,10,0,1,0,6.01,4.68,0.04
Bakuli Intersection,2026-06-06,23,Night,Night,7,7,1,3,2,6.2,4.73,0.03
Bakuli Intersection,2026-06-06,0,Night,Night,2,5,0,0,1,5.85,4.55,0.02
Bakuli Intersection,2026-06-06,0,Night,Night,6,8,2,1,2,5.56,4.23,0.02
Bakuli Intersection,2026-06-06,0,Night,Night,1,1,1,4,0,6.43,4.21,0.02
Bakuli Intersection,2026-06-06,0,Night,Night,18,15,1,2,0,6.66,3.3,0.03
Bakuli Intersection,2026-06-06,1,Night,Night,4,1,2,1,2,5.65,5.63,0.02
Bakuli Intersection,2026-06-06,1,Night,Night,20,20,0,0,3,7.09,4.56,0.03
Bakuli Intersection,2026-06-06,1,Night,Night,1,9,1,0,0,6.43,4.87,0.02
Bakuli Intersection,2026-06-06,1,Night,Night,14,2,0,1,3,6.04,4.72,0.02
Bakuli Intersection,2026-06-06,2,Night,Night,15,20,1,0,2,5.53,4.39,0.02
Bakuli Intersection,2026-06-06,2,Night,Night,5,8,0,1,1,6.22,4.41,0.02
Bakuli Intersection,2026-06-06,2,Night,Night,3,1,2,0,0,6.54,3.51,0.02
Bakuli Intersection,2026-06-06,2,Night,Night,3,6,0,1,1,6.21,4.6,0.02
Bakuli Intersection,2026-06-06,3,Night,Night,3,16,2,0,2,6.64,3.89,0.02
Bakuli Intersection,2026-06-06,3,Night,Night,1,1,0,2,0,5.11,4.3,0.02
Bakuli Intersection,2026-06-06,3,Night,Night,6,11,5,3,2,5.72,5.31,0.02
Bakuli Intersection,2026-06-06,3,Night,Night,7,6,0,7,0,5.73,4.42,0.02
Bakuli Intersection,2026-06-06,4,Night,Night,4,19,0,5,0,5.64,4.11,0.04
Bakuli Intersection,2026-06-06,4,Night,Night,1,7,0,2,0,5.99,4.15,0.02
Bakuli Intersection,2026-06-06,4,Night,Night,18,11,0,0,0,5.95,4.74,0.04
Bakuli Intersection,2026-06-06,4,Night,Night,16,9,1,0,0,5.6,4.74,0.03
Bakuli Intersection,2026-06-06,5,Night,Night,11,10,0,0,4,5.62,4.54,0.05
Bakuli Intersection,2026-06-06,5,Night,Night,27,18,0,0,0,6.06,4.92,0.03
Bakuli Intersection,2026-06-06,5,Night,Night,23,11,4,3,6,5.48,4.57,0.03
Bakuli Intersection,2026-06-06,5,Night,Night,1,22,2,0,0,5.94,5.03,0.02
Bakuli Intersection,2026-06-06,6,Night,Night,18,17,0,0,1,6.39,3.86,0.03
Bakuli Intersection,2026-06-06,6,Night,Night,25,5,0,0,0,6.14,3.31,0.02
Bakuli Intersection,2026-06-06,6,Night,Night,26,6,3,0,0,6.12,5.64,0.05
Bakuli Intersection,2026-06-06,6,Night,Night,18,19,2,0,0,5.8,4.88,0.02
Bwaise Junction,2026-06-06,19,Night,Night,34,44,2,0,2,6.03,4.14,0.05
Bwaise Junction,2026-06-06,19,Night,Night,39,27,2,6,0,6.85,4.22,0.06
Bwaise Junction,2026-06-06,19,Night,Night,44,32,2,2,0,5.88,4.1,0.07
Bwaise Junction,2026-06-06,19,Night,Night,37,33,4,4,1,5.75,5.04,0.08
Bwaise Junction,2026-06-06,20,Night,Night,16,29,1,2,0,6.04,4.85,0.02
Bwaise Junction,2026-06-06,20,Night,Night,43,40,0,0,1,5.66,4.34,0.06
Bwaise Junction,2026-06-06,20,Night,Night,32,30,4,2,1,6.21,4.07,0.04
Bwaise Junction,2026-06-06,20,Night,Night,18,36,0,1,3,5.75,4.66,0.02
Bwaise Junction,2026-06-06,21,Night,Night,13,5,2,2,5,6.58,4.2,0.02
Bwaise Junction,2026-06-06,21,Night,Night,20,14,5,0,5,5.5,4.04,0.03
Bwaise Junction,2026-06-06,21,Night,Night,19,23,0,0,4,5.94,4.84,0.02
Bwaise Junction,2026-06-06,21,Night,Night,23,13,2,0,3,6.86,4.2,0.02
Bwaise Junction,2026-06-06,22,Night,Night,15,19,2,0,0,5.24,4.48,0.02
Bwaise Junction,2026-06-06,22,Night,Night,6,27,6,1,0,5.87,5.08,0.02
Bwaise Junction,2026-06-06,22,Night,Night,27,15,1,0,1,4.89,3.83,0.03
Bwaise Junction,2026-06-06,22,Night,Night,13,4,1,0,1,5.76,5.27,0.02
Bwaise Junction,2026-06-06,23,Night,Night,11,14,2,1,0,5.47,4.23,0.06
Bwaise Junction,2026-06-06,23,Night,Night,9,19,2,0,0,5.21,3.8,0.02
Bwaise Junction,2026-06-06,23,Night,Night,21,9,2,0,0,5.44,4.38,0.02
Bwaise Junction,2026-06-06,23,Night,Night,19,10,1,0,0,5.41,4.15,0.02
Bwaise Junction,2026-06-06,0,Night,Night,2,1,2,0,2,6.17,4.1,0.02
Bwaise Junction,2026-06-06,0,Night,Night,13,2,1,6,0,5.67,4.02,0.02
Bwaise Junction,2026-06-06,0,Night,Night,11,19,0,0,0,4.98,4.99,0.03
Bwaise Junction,2026-06-06,0,Night,Night,1,22,1,0,0,6.3,4.74,0.02
Bwaise Junction,2026-06-06,1,Night,Night,1,6,2,0,0,4.97,4.94,0.02
Bwaise Junction,2026-06-06,1,Night,Night,1,16,0,0,0,5.28,4.61,0.03
Bwaise Junction,2026-06-06,1,Night,Night,1,16,1,0,0,5.59,4.9,0.02
Bwaise Junction,2026-06-06,1,Night,Night,1,16,3,5,3,6.28,4.38,0.03
Bwaise Junction,2026-06-06,2,Night,Night,1,17,3,0,0,6.35,4.58,0.04
Bwaise Junction,2026-06-06,2,Night,Night,28,21,4,1,0,5.43,4.28,0.03
Bwaise Junction,2026-06-06,2,Night,Night,1,10,0,0,0,5.55,4.49,0.02
Bwaise Junction,2026-06-06,2,Night,Night,6,20,0,1,1,5.92,4.62,0.02
Bwaise Junction,2026-06-06,3,Night,Night,2,25,1,0,1,5.64,4.49,0.02
Bwaise Junction,2026-06-06,3,Night,Night,1,14,2,0,2,5.7,4.26,0.02
Bwaise Junction,2026-06-06,3,Night,Night,1,1,0,0,0,5.23,4.76,0.02
Bwaise Junction,2026-06-06,3,Night,Night,24,2,0,0,2,5.82,4.39,0.02
Bwaise Junction,2026-06-06,4,Night,Night,1,1,0,1,2,4.61,4.4,0.02
Bwaise Junction,2026-06-06,4,Night,Night,1,9,0,0,0,5.83,3.94,0.02
Bwaise Junction,2026-06-06,4,Night,Night,3,10,0,0,0,6.22,5.02,0.02
Bwaise Junction,2026-06-06,4,Night,Night,14,2,0,0,0,5.53,4.2,0.02
Bwaise Junction,2026-06-06,5,Night,Night,22,4,0,0,0,4.96,4.8,0.02
Bwaise Junction,2026-06-06,5,Night,Night,24,14,4,0,3,5.91,5.04,0.02
Bwaise Junction,2026-06-06,5,Night,Night,15,1,0,1,1,5.1,5.03,0.03
Bwaise Junction,2026-06-06,5,Night,Night,13,16,1,0,1,5.63,4.27,0.02
Bwaise Junction,2026-06-06,6,Night,Night,4,15,2,0,0,6.05,4.63,0.02
Bwaise Junction,2026-06-06,6,Night,Night,21,10,1,1,0,5.84,4.64,0.03
Bwaise Junction,2026-06-06,6,Night,Night,25,20,2,1,2,5.11,4.17,0.05
Bwaise Junction,2026-06-06,6,Night,Night,21,10,5,0,0,5.99,5.32,0.03
Natete Junction,2026-06-06,19,Night,Night,42,36,2,6,1,6.22,4.57,0.05
Natete Junction,2026-06-06,19,Night,Night,41,54,1,6,0,5.58,4.31,0.05
Natete Junction,2026-06-06,19,Night,Night,28,22,5,0,0,4.63,5.14,0.05
Natete Junction,2026-06-06,19,Night,Night,39,48,5,6,0,4.86,4.78,0.07
Natete Junction,2026-06-06,20,Night,Night,32,34,3,2,1,5.77,5.13,0.03
Natete Junction,2026-06-06,20,Night,Night,30,32,3,3,0,6.14,3.73,0.02
Natete Junction,2026-06-06,20,Night,Night,44,29,8,0,6,6.09,4.53,0.08
Natete Junction,2026-06-06,20,Night,Night,48,36,2,8,0,5.03,4.02,0.06
Natete Junction,2026-06-06,21,Night,Night,20,13,5,2,1,5.87,4.04,0.02
Natete Junction,2026-06-06,21,Night,Night,31,21,5,0,3,5.46,4.87,0.06
Natete Junction,2026-06-06,21,Night,Night,19,27,5,0,2,7.0,4.69,0.05
Natete Junction,2026-06-06,21,Night,Night,19,24,2,0,0,5.89,4.64,0.05
Natete Junction,2026-06-06,22,Night,Night,25,26,0,3,1,6.23,4.21,0.05
Natete Junction,2026-06-06,22,Night,Night,14,12,0,4,1,5.47,4.85,0.04
Natete Junction,2026-06-06,22,Night,Night,21,17,3,0,2,6.87,4.55,0.02
Natete Junction,2026-06-06,22,Night,Night,14,24,1,0,0,5.65,4.26,0.02
Natete Junction,2026-06-06,23,Night,Night,4,30,1,3,3,4.75,5.11,0.03
Natete Junction,2026-06-06,23,Night,Night,12,13,3,2,0,6.22,4.74,0.03
Natete Junction,2026-06-06,23,Night,Night,18,12,0,2,0,6.3,4.62,0.04
Natete Junction,2026-06-06,23,Night,Night,5,6,4,0,0,6.1,4.49,0.02
Natete Junction,2026-06-06,0,Night,Night,25,5,0,6,0,5.48,4.95,0.03
Natete Junction,2026-06-06,0,Night,Night,1,1,4,3,0,5.64,3.97,0.02
Natete Junction,2026-06-06,0,Night,Night,6,13,0,0,0,4.76,4.83,0.02
Natete Junction,2026-06-06,0,Night,Night,7,16,2,0,0,6.41,4.58,0.02
Natete Junction,2026-06-06,1,Night,Night,22,9,0,0,0,7.19,4.92,0.02
Natete Junction,2026-06-06,1,Night,Night,9,1,2,3,4,6.35,5.22,0.02
Natete Junction,2026-06-06,1,Night,Night,14,8,0,0,0,4.84,4.44,0.02
Natete Junction,2026-06-06,1,Night,Night,11,1,0,1,0,6.0,4.04,0.02
Natete Junction,2026-06-06,2,Night,Night,13,10,1,0,0,5.8,4.88,0.05
Natete Junction,2026-06-06,2,Night,Night,1,27,0,0,1,5.57,4.77,0.03
Natete Junction,2026-06-06,2,Night,Night,14,1,1,0,0,6.01,4.97,0.02
Natete Junction,2026-06-06,2,Night,Night,23,17,0,3,2,5.29,4.44,0.04
Natete Junction,2026-06-06,3,Night,Night,7,9,0,0,0,5.51,4.84,0.02
Natete Junction,2026-06-06,3,Night,Night,23,10,6,1,0,5.98,4.29,0.02
Natete Junction,2026-06-06,3,Night,Night,1,5,2,3,2,5.6,4.22,0.02
Natete Junction,2026-06-06,3,Night,Night,1,1,2,0,0,5.66,5.18,0.02
Natete Junction,2026-06-06,4,Night,Night,7,1,2,5,0,5.59,4.18,0.02
Natete Junction,2026-06-06,4,Night,Night,14,18,2,0,2,4.97,4.62,0.03
Natete Junction,2026-06-06,4,Night,Night,1,17,0,0,0,5.66,3.76,0.02
Natete Junction,2026-06-06,4,Night,Night,13,12,1,0,1,5.42,4.67,0.03
Natete Junction,2026-06-06,5,Night,Night,19,25,0,9,2,5.42,5.41,0.02
Natete Junction,2026-06-06,5,Night,Night,8,20,0,1,2,5.67,4.28,0.03
Natete Junction,2026-06-06,5,Night,Night,13,9,2,0,1,6.01,4.86,0.02
Natete Junction,2026-06-06,5,Night,Night,32,23,5,3,1,5.0,4.47,0.05
Natete Junction,2026-06-06,6,Night,Night,19,37,2,1,1,5.6,4.51,0.04
Natete Junction,2026-06-06,6,Night,Night,9,29,0,0,2,6.04,4.51,0.03
Natete Junction,2026-06-06,6,Night,Night,33,29,1,2,0,5.74,5.13,0.06
Natete Junction,2026-06-06,6,Night,Night,15,1,2,4,0,5.82,5.35,0.02
