RecordID,Site,JunctionType,SourceFile,Sheet,Date,DateImputed,DirFrom,DirTo,Weather,TimeFrom,TimeTo,Carts,Bicycles,Motorcycles,CargoTricycle,PassengerTricycle,CarsTaxi,LightGoods,MinibusMatatu,Coaster,Bus,LightTruck,HeavyTruck,Trailer,MotorizedTotal,NonMotorizedTotal,GrandTotal,TricycleTotal,HighConcentrationReview,QCWarning,IncludedInAnalysis,TimePeriod
1,Kibuye,Roundabout,KIBUYE ROUNDABOUT.xlsx,Day 1,2026-08-02 00:00:00,No,MAKINDYE,KEITH,Unknown,07:00:00,08:00:00,0,2,105,0,0,23,19,44,2,1,0,9,3,206,2,208,0,No,No,Yes,Morning Peak
2,Kibuye,Roundabout,KIBUYE ROUNDABOUT.xlsx,Day 1,2026-08-02 00:00:00,No,MAKINDYE,KEITH,Unknown,08:00:00,09:00:00,0,0,98,4,0,32,19,48,0,0,0,9,0,210,0,210,4,No,No,Yes,Morning Peak
3,Kibuye,Roundabout,KIBUYE ROUNDABOUT.xlsx,Day 1,2026-08-02 00:00:00,No,MAKINDYE,KEITH,Unknown,09:00:00,10:00:00,0,1,124,0,0,19,28,59,1,1,0,8,1,241,1,242,0,No,No,Yes,Morning Peak
4,Kibuye,Roundabout,KIBUYE ROUNDABOUT.xlsx,Day 1,2026-08-02 00:00:00,No,MAKINDYE,KEITH,Unknown,10:00:00,11:00:00,0,2,188,3,0,22,21,54,1,1,4,18,0,312,2,314,3,No,No,Yes,Midday / Off-Peak
5,Kibuye,Roundabout,KIBUYE ROUNDABOUT.xlsx,Day 1,2026-08-02 00:00:00,No,MAKINDYE,KEITH,Unknown,11:00:00,12:00:00,0,2,224,6,0,16,20,51,0,0,0,5,0,322,2,324,6,No,No,Yes,Midday / Off-Peak
6,Kibuye,Roundabout,KIBUYE ROUNDABOUT.xlsx,Day 1,2026-08-02 00:00:00,No,MAKINDYE,KEITH,Unknown,12:00:00,13:00:00,0,0,131,1,0,8,11,39,0,0,3,17,0,210,0,210,1,No,No,Yes,Midday / Off-Peak
7,Kibuye,Roundabout,KIBUYE ROUNDABOUT.xlsx,Day 1,2026-08-02 00:00:00,No,MAKINDYE,KEITH,Unknown,13:00:00,14:00:00,0,1,124,0,0,13,16,39,0,0,1,16,3,212,1,213,0,No,No,Yes,Midday / Off-Peak
8,Kibuye,Roundabout,KIBUYE ROUNDABOUT.xlsx,Day 1,2026-08-02 00:00:00,No,MAKINDYE,KEITH,Unknown,14:00:00,15:00:00,0,1,175,3,0,17,34,42,1,0,0,13,1,286,1,287,3,No,No,Yes,Midday / Off-Peak
9,Kibuye,Roundabout,KIBUYE ROUNDABOUT.xlsx,Day 1,2026-08-02 00:00:00,No,MAKINDYE,KEITH,Unknown,15:00:00,16:00:00,0,1,117,1,0,48,70,45,0,0,2,19,3,305,1,306,1,No,No,Yes,Midday / Off-Peak
10,Kibuye,Roundabout,KIBUYE ROUNDABOUT.xlsx,Day 1,2026-08-02 00:00:00,No,MAKINDYE,KEITH,Unknown,16:00:00,17:00:00,0,2,141,3,0,32,41,51,0,1,0,18,1,288,2,290,3,No,No,Yes,Evening Peak
11,Kibuye,Roundabout,KIBUYE ROUNDABOUT.xlsx,Day 1,2026-08-02 00:00:00,No,MAKINDYE,KEITH,Unknown,17:00:00,18:00:00,0,0,212,2,0,29,27,44,3,3,3,6,2,331,0,331,2,No,No,Yes,Evening Peak
12,Kibuye,Roundabout,KIBUYE ROUNDABOUT.xlsx,Day 1,2026-08-02 00:00:00,No,MAKINDYE,KEITH,Unknown,18:00:00,19:00:00,0,0,0,0,0,0,0,0,0,0,0,0,0,0,0,0,0,No,No,Yes,Evening Peak
13,Kibuye,Roundabout,KIBUYE ROUNDABOUT.xlsx,Day 1,2026-08-02 00:00:00,No,QUEENS WAY,KEITH,Unknown,07:00:00,08:00:00,0,1,113,5,0,26,80,0,4,3,0,4,3,238,1,239,5,No,No,Yes,Morning Peak
14,Kibuye,Roundabout,KIBUYE ROUNDABOUT.xlsx,Day 1,2026-08-02 00:00:00,No,QUEENS WAY,KEITH,Unknown,08:00:00,09:00:00,0,3,103,7,1,6,130,5,1,2,5,1,1,262,3,265,8,No,No,Yes,Morning Peak
15,Kibuye,Roundabout,KIBUYE ROUNDABOUT.xlsx,Day 1,2026-08-02 00:00:00,No,QUEENS WAY,KEITH,Unknown,09:00:00,10:00:00,0,2,190,0,3,10,33,4,0,13,2,0,0,255,2,257,3,No,No,Yes,Morning Peak
16,Kibuye,Roundabout,KIBUYE ROUNDABOUT.xlsx,Day 1,2026-08-02 00:00:00,No,QUEENS WAY,KEITH,Unknown,10:00:00,11:00:00,0,2,250,4,1,13,43,101,9,16,10,0,0,447,2,449,5,No,No,Yes,Midday / Off-Peak
17,Kibuye,Roundabout,KIBUYE ROUNDABOUT.xlsx,Day 1,2026-08-02 00:00:00,No,QUEENS WAY,KEITH,Unknown,11:00:00,12:00:00,0,2,310,4,0,22,120,6,0,2,2,0,0,466,2,468,4,No,No,Yes,Midday / Off-Peak
18,Kibuye,Roundabout,KIBUYE ROUNDABOUT.xlsx,Day 1,2026-08-02 00:00:00,No,QUEENS WAY,KEITH,Unknown,12:00:00,13:00:00,0,1,260,2,2,24,153,10,5,0,15,0,0,471,1,472,4,No,No,Yes,Midday / Off-Peak
19,Kibuye,Roundabout,KIBUYE ROUNDABOUT.xlsx,Day 1,2026-08-02 00:00:00,No,QUEENS WAY,KEITH,Unknown,13:00:00,14:00:00,0,1,200,4,3,3,32,0,0,4,2,0,0,248,1,249,7,No,No,Yes,Midday / Off-Peak
20,Kibuye,Roundabout,KIBUYE ROUNDABOUT.xlsx,Day 1,2026-08-02 00:00:00,No,QUEENS WAY,KEITH,Unknown,14:00:00,15:00:00,0,1,185,3,0,11,40,1,1,4,10,4,1,260,1,261,3,No,No,Yes,Midday / Off-Peak
21,Kibuye,Roundabout,KIBUYE ROUNDABOUT.xlsx,Day 1,2026-08-02 00:00:00,No,QUEENS WAY,KEITH,Unknown,15:00:00,16:00:00,0,1,176,10,2,18,70,0,0,1,5,4,0,286,1,287,12,No,No,Yes,Midday / Off-Peak
22,Kibuye,Roundabout,KIBUYE ROUNDABOUT.xlsx,Day 1,2026-08-02 00:00:00,No,QUEENS WAY,KEITH,Unknown,16:00:00,17:00:00,0,2,250,3,3,12,83,5,4,10,2,2,2,376,2,378,6,No,No,Yes,Evening Peak
23,Kibuye,Roundabout,KIBUYE ROUNDABOUT.xlsx,Day 1,2026-08-02 00:00:00,No,QUEENS WAY,KEITH,Unknown,17:00:00,18:00:00,0,2,200,6,2,10,50,0,1,7,4,0,0,280,2,282,8,No,No,Yes,Evening Peak
24,Kibuye,Roundabout,KIBUYE ROUNDABOUT.xlsx,Day 1,2026-08-02 00:00:00,No,QUEENS WAY,KEITH,Unknown,18:00:00,19:00:00,0,1,285,2,0,4,61,0,1,7,4,5,8,377,1,378,2,No,No,Yes,Evening Peak
25,Kibuye,Roundabout,KIBUYE ROUNDABOUT.xlsx,Day 1,2026-08-02 00:00:00,No,ENTEBBE ROAD,KEITH,Unknown,07:00:00,08:00:00,0,0,100,0,0,20,19,10,0,0,1,6,0,156,0,156,0,No,No,Yes,Morning Peak
26,Kibuye,Roundabout,KIBUYE ROUNDABOUT.xlsx,Day 1,2026-08-02 00:00:00,No,ENTEBBE ROAD,KEITH,Unknown,08:00:00,09:00:00,0,0,600,0,0,20,19,43,0,0,0,10,0,692,0,692,0,No,No,Yes,Morning Peak
27,Kibuye,Roundabout,KIBUYE ROUNDABOUT.xlsx,Day 1,2026-08-02 00:00:00,No,ENTEBBE ROAD,KEITH,Unknown,09:00:00,10:00:00,1,1,150,0,2,29,22,63,0,0,2,8,13,289,2,291,2,No,No,Yes,Morning Peak
28,Kibuye,Roundabout,KIBUYE ROUNDABOUT.xlsx,Day 1,2026-08-02 00:00:00,No,ENTEBBE ROAD,KEITH,Unknown,10:00:00,11:00:00,0,0,65,0,8,25,18,24,0,1,1,17,0,159,0,159,8,No,No,Yes,Midday / Off-Peak
29,Kibuye,Roundabout,KIBUYE ROUNDABOUT.xlsx,Day 1,2026-08-02 00:00:00,No,ENTEBBE ROAD,KEITH,Unknown,11:00:00,12:00:00,0,0,55,7,0,30,27,33,10,0,1,13,8,184,0,184,7,No,No,Yes,Midday / Off-Peak
30,Kibuye,Roundabout,KIBUYE ROUNDABOUT.xlsx,Day 1,2026-08-02 00:00:00,No,ENTEBBE ROAD,KEITH,Unknown,12:00:00,13:00:00,0,0,5,6,1,38,36,25,0,0,18,12,2,143,0,143,7,No,No,Yes,Midday / Off-Peak
31,Kibuye,Roundabout,KIBUYE ROUNDABOUT.xlsx,Day 1,2026-08-02 00:00:00,No,ENTEBBE ROAD,KEITH,Unknown,13:00:00,14:00:00,0,0,40,5,0,32,21,4,0,0,0,15,2,119,0,119,5,No,No,Yes,Midday / Off-Peak
32,Kibuye,Roundabout,KIBUYE ROUNDABOUT.xlsx,Day 1,2026-08-02 00:00:00,No,ENTEBBE ROAD,KEITH,Unknown,14:00:00,15:00:00,0,0,50,16,1,41,15,15,0,3,0,15,0,156,0,156,17,No,No,Yes,Midday / Off-Peak
33,Kibuye,Roundabout,KIBUYE ROUNDABOUT.xlsx,Day 1,2026-08-02 00:00:00,No,ENTEBBE ROAD,KEITH,Unknown,15:00:00,16:00:00,0,0,10,1,1,35,28,21,0,0,3,21,0,120,0,120,2,No,No,Yes,Midday / Off-Peak
34,Kibuye,Roundabout,KIBUYE ROUNDABOUT.xlsx,Day 1,2026-08-02 00:00:00,No,ENTEBBE ROAD,KEITH,Unknown,16:00:00,17:00:00,0,0,50,8,1,48,7,16,1,1,0,10,2,144,0,144,9,No,No,Yes,Evening Peak
35,Kibuye,Roundabout,KIBUYE ROUNDABOUT.xlsx,Day 1,2026-08-02 00:00:00,No,ENTEBBE ROAD,KEITH,Unknown,17:00:00,18:00:00,0,0,75,0,3,35,41,8,0,0,0,23,5,190,0,190,3,No,No,Yes,Evening Peak
36,Kibuye,Roundabout,KIBUYE ROUNDABOUT.xlsx,Day 1,2026-08-02 00:00:00,No,ENTEBBE ROAD,KEITH,Unknown,18:00:00,19:00:00,0,0,100,17,2,56,29,13,0,0,0,9,1,227,0,227,19,No,No,Yes,Evening Peak
37,Kibuye,Roundabout,KIBUYE ROUNDABOUT.xlsx,Day 1,2026-08-02 00:00:00,No,KATWE,KEITH,Unknown,07:00:00,08:00:00,0,0,650,3,0,155,58,10,0,0,1,6,0,883,0,883,3,No,No,Yes,Morning Peak
38,Kibuye,Roundabout,KIBUYE ROUNDABOUT.xlsx,Day 1,2026-08-02 00:00:00,No,KATWE,KEITH,Unknown,08:00:00,09:00:00,1,2,776,0,0,150,39,43,0,0,0,10,0,1018,3,1021,0,No,No,Yes,Morning Peak
39,Kibuye,Roundabout,KIBUYE ROUNDABOUT.xlsx,Day 1,2026-08-02 00:00:00,No,KATWE,KEITH,Unknown,09:00:00,10:00:00,0,1,775,4,0,142,31,63,0,0,2,8,5,1030,1,1031,4,No,No,Yes,Morning Peak
40,Kibuye,Roundabout,KIBUYE ROUNDABOUT.xlsx,Day 1,2026-08-02 00:00:00,No,KATWE,KEITH,Unknown,10:00:00,11:00:00,0,0,530,0,0,130,16,24,0,1,1,6,0,708,0,708,0,No,No,Yes,Midday / Off-Peak
41,Kibuye,Roundabout,KIBUYE ROUNDABOUT.xlsx,Day 1,2026-08-02 00:00:00,No,KATWE,KEITH,Unknown,11:00:00,12:00:00,0,0,655,7,0,126,11,33,10,0,1,13,8,864,0,864,7,No,No,Yes,Midday / Off-Peak
42,Kibuye,Roundabout,KIBUYE ROUNDABOUT.xlsx,Day 1,2026-08-02 00:00:00,No,KATWE,KEITH,Unknown,12:00:00,13:00:00,0,3,725,6,0,72,22,25,0,0,18,12,2,882,3,885,6,No,No,Yes,Midday / Off-Peak
43,Kibuye,Roundabout,KIBUYE ROUNDABOUT.xlsx,Day 1,2026-08-02 00:00:00,No,KATWE,KEITH,Unknown,13:00:00,14:00:00,1,0,575,5,0,64,7,14,0,0,0,6,2,673,1,674,5,No,No,Yes,Midday / Off-Peak
44,Kibuye,Roundabout,KIBUYE ROUNDABOUT.xlsx,Day 1,2026-08-02 00:00:00,No,KATWE,KEITH,Unknown,14:00:00,15:00:00,0,0,625,16,0,40,10,15,0,3,0,7,0,716,0,716,16,No,No,Yes,Midday / Off-Peak
45,Kibuye,Roundabout,KIBUYE ROUNDABOUT.xlsx,Day 1,2026-08-02 00:00:00,No,KATWE,KEITH,Unknown,15:00:00,16:00:00,0,5,550,1,0,46,14,21,0,0,3,8,0,643,5,648,1,No,No,Yes,Midday / Off-Peak
46,Kibuye,Roundabout,KIBUYE ROUNDABOUT.xlsx,Day 1,2026-08-02 00:00:00,No,KATWE,KEITH,Unknown,16:00:00,17:00:00,0,0,675,8,0,59,22,16,1,1,0,10,2,794,0,794,8,No,No,Yes,Evening Peak
47,Kibuye,Roundabout,KIBUYE ROUNDABOUT.xlsx,Day 1,2026-08-02 00:00:00,No,KATWE,KEITH,Unknown,17:00:00,18:00:00,1,0,610,2,0,47,12,8,0,0,0,23,5,707,1,708,2,No,No,Yes,Evening Peak
48,Kibuye,Roundabout,KIBUYE ROUNDABOUT.xlsx,Day 1,2026-08-02 00:00:00,No,KATWE,KEITH,Unknown,18:00:00,19:00:00,0,1,350,17,0,157,34,13,0,0,0,9,1,581,1,582,17,No,No,Yes,Evening Peak
49,Kibuye,Roundabout,KIBUYE ROUNDABOUT.xlsx,Day 1,2026-08-02 00:00:00,Yes,NDEEBA,KEITH,Unknown,07:00:00,08:00:00,0,0,356,20,0,34,46,100,20,0,0,150,0,726,0,726,20,No,Date imputed from same source sheet,Yes,Morning Peak
50,Kibuye,Roundabout,KIBUYE ROUNDABOUT.xlsx,Day 1,2026-08-02 00:00:00,Yes,NDEEBA,KEITH,Unknown,08:00:00,09:00:00,3,0,457,5,0,12,17,40,5,0,0,40,19,595,3,598,5,No,Date imputed from same source sheet,Yes,Morning Peak
51,Kibuye,Roundabout,KIBUYE ROUNDABOUT.xlsx,Day 1,2026-08-02 00:00:00,Yes,NDEEBA,KEITH,Unknown,09:00:00,10:00:00,0,8,478,10,0,10,25,100,10,0,0,65,0,698,8,706,10,No,Date imputed from same source sheet,Yes,Morning Peak
52,Kibuye,Roundabout,KIBUYE ROUNDABOUT.xlsx,Day 1,2026-08-02 00:00:00,Yes,NDEEBA,KEITH,Unknown,10:00:00,11:00:00,1,8,456,35,0,15,30,105,35,0,0,100,20,796,9,805,35,No,Date imputed from same source sheet,Yes,Midday / Off-Peak
53,Kibuye,Roundabout,KIBUYE ROUNDABOUT.xlsx,Day 1,2026-08-02 00:00:00,Yes,NDEEBA,KEITH,Unknown,11:00:00,12:00:00,0,9,514,20,0,32,23,65,20,0,0,100,195,969,9,978,20,No,Date imputed from same source sheet,Yes,Midday / Off-Peak
54,Kibuye,Roundabout,KIBUYE ROUNDABOUT.xlsx,Day 1,2026-08-02 00:00:00,Yes,NDEEBA,KEITH,Unknown,12:00:00,13:00:00,1,11,768,5,0,39,19,70,5,0,0,125,0,1031,12,1043,5,No,Date imputed from same source sheet,Yes,Midday / Off-Peak
55,Kibuye,Roundabout,KIBUYE ROUNDABOUT.xlsx,Day 1,2026-08-02 00:00:00,Yes,NDEEBA,KEITH,Unknown,13:00:00,14:00:00,0,13,520,25,10,24,34,100,25,0,10,75,100,923,13,936,35,No,Date imputed from same source sheet,Yes,Midday / Off-Peak
56,Kibuye,Roundabout,KIBUYE ROUNDABOUT.xlsx,Day 1,2026-08-02 00:00:00,Yes,NDEEBA,KEITH,Unknown,14:00:00,15:00:00,0,1,878,30,5,30,17,100,30,0,5,150,64,1309,1,1310,35,No,Date imputed from same source sheet,Yes,Midday / Off-Peak
57,Kibuye,Roundabout,KIBUYE ROUNDABOUT.xlsx,Day 1,2026-08-02 00:00:00,Yes,NDEEBA,KEITH,Unknown,15:00:00,16:00:00,3,9,478,30,5,40,41,125,30,0,5,125,54,933,12,945,35,No,Date imputed from same source sheet,Yes,Midday / Off-Peak
58,Kibuye,Roundabout,KIBUYE ROUNDABOUT.xlsx,Day 1,2026-08-02 00:00:00,Yes,NDEEBA,KEITH,Unknown,16:00:00,17:00:00,0,6,536,30,10,42,34,100,30,0,10,50,150,992,6,998,40,No,Date imputed from same source sheet,Yes,Evening Peak
59,Kibuye,Roundabout,KIBUYE ROUNDABOUT.xlsx,Day 1,2026-08-02 00:00:00,Yes,NDEEBA,KEITH,Unknown,17:00:00,18:00:00,4,5,789,45,0,43,21,150,45,0,0,80,25,1198,9,1207,45,No,Date imputed from same source sheet,Yes,Evening Peak
60,Kibuye,Roundabout,KIBUYE ROUNDABOUT.xlsx,Day 1,2026-08-02 00:00:00,Yes,NDEEBA,KEITH,Unknown,18:00:00,19:00:00,0,0,874,23,0,36,19,40,23,0,0,60,40,1115,0,1115,23,No,Date imputed from same source sheet,Yes,Evening Peak
61,Kibuye,Roundabout,KIBUYE ROUNDABOUT.xlsx,Day 2,2026-08-03 00:00:00,Yes,MAKINDYE,KEITH,Unknown,07:00:00,08:00:00,0,0,366,0,0,21,13,23,0,1,1,5,1,431,0,431,0,No,Date imputed from same source sheet,Yes,Morning Peak
62,Kibuye,Roundabout,KIBUYE ROUNDABOUT.xlsx,Day 2,2026-08-03 00:00:00,Yes,MAKINDYE,KEITH,Unknown,08:00:00,09:00:00,0,0,309,5,0,33,8,28,1,1,0,3,2,390,0,390,5,No,Date imputed from same source sheet,Yes,Morning Peak
63,Kibuye,Roundabout,KIBUYE ROUNDABOUT.xlsx,Day 2,2026-08-03 00:00:00,Yes,MAKINDYE,KEITH,Unknown,09:00:00,10:00:00,0,0,177,0,0,22,16,13,0,2,1,3,2,236,0,236,0,No,Date imputed from same source sheet,Yes,Morning Peak
64,Kibuye,Roundabout,KIBUYE ROUNDABOUT.xlsx,Day 2,2026-08-03 00:00:00,Yes,MAKINDYE,KEITH,Unknown,10:00:00,11:00:00,0,0,87,4,1,12,24,18,1,1,2,5,0,155,0,155,5,No,Date imputed from same source sheet,Yes,Midday / Off-Peak
65,Kibuye,Roundabout,KIBUYE ROUNDABOUT.xlsx,Day 2,2026-08-03 00:00:00,Yes,MAKINDYE,KEITH,Unknown,11:00:00,12:00:00,0,1,51,7,0,36,16,18,1,1,3,2,0,135,1,136,7,No,Date imputed from same source sheet,Yes,Midday / Off-Peak
66,Kibuye,Roundabout,KIBUYE ROUNDABOUT.xlsx,Day 2,2026-08-03 00:00:00,Yes,MAKINDYE,KEITH,Unknown,12:00:00,13:00:00,0,1,58,3,2,22,28,16,0,1,1,5,2,138,1,139,5,No,Date imputed from same source sheet,Yes,Midday / Off-Peak
67,Kibuye,Roundabout,KIBUYE ROUNDABOUT.xlsx,Day 2,2026-08-03 00:00:00,Yes,MAKINDYE,KEITH,Unknown,13:00:00,14:00:00,0,0,51,2,0,22,33,4,0,1,1,2,2,118,0,118,2,No,Date imputed from same source sheet,Yes,Midday / Off-Peak
68,Kibuye,Roundabout,KIBUYE ROUNDABOUT.xlsx,Day 2,2026-08-03 00:00:00,Yes,MAKINDYE,KEITH,Unknown,14:00:00,15:00:00,0,0,34,8,1,16,13,5,1,1,1,0,2,82,0,82,9,No,Date imputed from same source sheet,Yes,Midday / Off-Peak
69,Kibuye,Roundabout,KIBUYE ROUNDABOUT.xlsx,Day 2,2026-08-03 00:00:00,Yes,MAKINDYE,KEITH,Unknown,15:00:00,16:00:00,0,0,53,5,1,25,20,8,2,0,0,1,2,117,0,117,6,No,Date imputed from same source sheet,Yes,Midday / Off-Peak
70,Kibuye,Roundabout,KIBUYE ROUNDABOUT.xlsx,Day 2,2026-08-03 00:00:00,Yes,MAKINDYE,KEITH,Unknown,16:00:00,17:00:00,0,0,59,7,0,14,16,28,0,0,0,3,1,128,0,128,7,No,Date imputed from same source sheet,Yes,Evening Peak
71,Kibuye,Roundabout,KIBUYE ROUNDABOUT.xlsx,Day 2,2026-08-03 00:00:00,Yes,MAKINDYE,KEITH,Unknown,17:00:00,18:00:00,0,0,88,3,3,26,41,13,2,0,2,9,1,188,0,188,6,No,Date imputed from same source sheet,Yes,Evening Peak
72,Kibuye,Roundabout,KIBUYE ROUNDABOUT.xlsx,Day 2,2026-08-03 00:00:00,Yes,MAKINDYE,KEITH,Unknown,18:00:00,19:00:00,0,0,93,6,2,18,21,39,0,0,0,2,0,181,0,181,8,No,Date imputed from same source sheet,Yes,Evening Peak
73,Kibuye,Roundabout,KIBUYE ROUNDABOUT.xlsx,Day 2,2026-08-03 00:00:00,No,QUEENS WAY,KEITH,Unknown,07:00:00,08:00:00,0,0,0,0,250,0,0,4,1,5,0,0,0,260,0,260,250,Yes,High passenger-tricycle concentration; retained exactly as recorded,Yes,Morning Peak
74,Kibuye,Roundabout,KIBUYE ROUNDABOUT.xlsx,Day 2,2026-08-03 00:00:00,No,QUEENS WAY,KEITH,Unknown,08:00:00,09:00:00,0,2,0,2,870,0,0,4,1,0,0,0,0,877,2,879,872,Yes,High passenger-tricycle concentration; retained exactly as recorded,Yes,Morning Peak
75,Kibuye,Roundabout,KIBUYE ROUNDABOUT.xlsx,Day 2,2026-08-03 00:00:00,No,QUEENS WAY,KEITH,Unknown,09:00:00,10:00:00,0,0,0,0,125,0,0,3,4,1,0,0,3,136,0,136,125,Yes,High passenger-tricycle concentration; retained exactly as recorded,Yes,Morning Peak
76,Kibuye,Roundabout,KIBUYE ROUNDABOUT.xlsx,Day 2,2026-08-03 00:00:00,No,QUEENS WAY,KEITH,Unknown,10:00:00,11:00:00,0,0,0,0,100,0,0,3,2,0,0,0,1,106,0,106,100,Yes,High passenger-tricycle concentration; retained exactly as recorded,Yes,Midday / Off-Peak
77,Kibuye,Roundabout,KIBUYE ROUNDABOUT.xlsx,Day 2,2026-08-03 00:00:00,No,QUEENS WAY,KEITH,Unknown,11:00:00,12:00:00,0,0,0,0,60,0,0,2,4,0,0,0,0,66,0,66,60,Yes,High passenger-tricycle concentration; retained exactly as recorded,Yes,Midday / Off-Peak
78,Kibuye,Roundabout,KIBUYE ROUNDABOUT.xlsx,Day 2,2026-08-03 00:00:00,No,QUEENS WAY,KEITH,Unknown,12:00:00,13:00:00,0,0,0,0,11,0,0,5,6,0,0,1,0,23,0,23,11,No,No,Yes,Midday / Off-Peak
79,Kibuye,Roundabout,KIBUYE ROUNDABOUT.xlsx,Day 2,2026-08-03 00:00:00,No,QUEENS WAY,KEITH,Unknown,13:00:00,14:00:00,0,2,0,0,50,2,3,6,5,2,0,0,0,68,2,70,50,No,No,Yes,Midday / Off-Peak
80,Kibuye,Roundabout,KIBUYE ROUNDABOUT.xlsx,Day 2,2026-08-03 00:00:00,No,QUEENS WAY,KEITH,Unknown,14:00:00,15:00:00,0,0,0,0,50,0,0,4,5,0,0,0,0,59,0,59,50,No,No,Yes,Midday / Off-Peak
81,Kibuye,Roundabout,KIBUYE ROUNDABOUT.xlsx,Day 2,2026-08-03 00:00:00,No,QUEENS WAY,KEITH,Unknown,15:00:00,16:00:00,0,1,0,0,10,0,0,5,3,0,0,0,0,18,1,19,10,No,No,Yes,Midday / Off-Peak
82,Kibuye,Roundabout,KIBUYE ROUNDABOUT.xlsx,Day 2,2026-08-03 00:00:00,No,QUEENS WAY,KEITH,Unknown,16:00:00,17:00:00,0,0,0,0,75,0,0,9,7,0,0,0,1,92,0,92,75,Yes,High passenger-tricycle concentration; retained exactly as recorded,Yes,Evening Peak
83,Kibuye,Roundabout,KIBUYE ROUNDABOUT.xlsx,Day 2,2026-08-03 00:00:00,No,QUEENS WAY,KEITH,Unknown,17:00:00,18:00:00,0,1,0,0,75,0,0,8,7,3,0,0,0,93,1,94,75,Yes,High passenger-tricycle concentration; retained exactly as recorded,Yes,Evening Peak
84,Kibuye,Roundabout,KIBUYE ROUNDABOUT.xlsx,Day 2,2026-08-03 00:00:00,No,QUEENS WAY,KEITH,Unknown,18:00:00,19:00:00,1,0,0,0,50,0,0,7,11,0,0,0,0,68,1,69,50,No,No,Yes,Evening Peak
85,Kibuye,Roundabout,KIBUYE ROUNDABOUT.xlsx,Day 2,2026-08-03 00:00:00,No,ENTEBBE ROAD,KEITH,Unknown,07:00:00,08:00:00,0,1,250,5,0,4,4,2,0,0,0,1,0,266,1,267,5,No,No,Yes,Morning Peak
86,Kibuye,Roundabout,KIBUYE ROUNDABOUT.xlsx,Day 2,2026-08-03 00:00:00,No,ENTEBBE ROAD,KEITH,Unknown,08:00:00,09:00:00,0,3,870,7,1,22,5,2,0,0,0,1,0,908,3,911,8,No,No,Yes,Morning Peak
87,Kibuye,Roundabout,KIBUYE ROUNDABOUT.xlsx,Day 2,2026-08-03 00:00:00,No,ENTEBBE ROAD,KEITH,Unknown,09:00:00,10:00:00,0,2,125,0,3,8,4,2,0,0,0,0,0,142,2,144,3,No,No,Yes,Morning Peak
88,Kibuye,Roundabout,KIBUYE ROUNDABOUT.xlsx,Day 2,2026-08-03 00:00:00,No,ENTEBBE ROAD,KEITH,Unknown,10:00:00,11:00:00,1,2,100,4,1,6,8,2,0,0,0,4,0,125,3,128,5,No,No,Yes,Midday / Off-Peak
89,Kibuye,Roundabout,KIBUYE ROUNDABOUT.xlsx,Day 2,2026-08-03 00:00:00,No,ENTEBBE ROAD,KEITH,Unknown,11:00:00,12:00:00,0,2,60,4,0,15,8,7,0,0,0,3,0,97,2,99,4,No,No,Yes,Midday / Off-Peak
90,Kibuye,Roundabout,KIBUYE ROUNDABOUT.xlsx,Day 2,2026-08-03 00:00:00,No,ENTEBBE ROAD,KEITH,Unknown,12:00:00,13:00:00,0,1,11,2,2,9,6,9,0,0,0,1,0,40,1,41,4,No,No,Yes,Midday / Off-Peak
91,Kibuye,Roundabout,KIBUYE ROUNDABOUT.xlsx,Day 2,2026-08-03 00:00:00,No,ENTEBBE ROAD,KEITH,Unknown,13:00:00,14:00:00,0,1,50,4,3,12,8,4,0,0,0,6,0,87,1,88,7,No,No,Yes,Midday / Off-Peak
92,Kibuye,Roundabout,KIBUYE ROUNDABOUT.xlsx,Day 2,2026-08-03 00:00:00,No,ENTEBBE ROAD,KEITH,Unknown,14:00:00,15:00:00,0,1,50,3,0,5,6,5,1,0,0,1,0,71,1,72,3,No,No,Yes,Midday / Off-Peak
93,Kibuye,Roundabout,KIBUYE ROUNDABOUT.xlsx,Day 2,2026-08-03 00:00:00,No,ENTEBBE ROAD,KEITH,Unknown,15:00:00,16:00:00,0,1,10,10,2,17,10,3,0,0,0,0,0,52,1,53,12,No,No,Yes,Midday / Off-Peak
94,Kibuye,Roundabout,KIBUYE ROUNDABOUT.xlsx,Day 2,2026-08-03 00:00:00,No,ENTEBBE ROAD,KEITH,Unknown,16:00:00,17:00:00,0,2,75,3,3,29,14,6,0,1,0,2,0,133,2,135,6,No,No,Yes,Evening Peak
95,Kibuye,Roundabout,KIBUYE ROUNDABOUT.xlsx,Day 2,2026-08-03 00:00:00,No,ENTEBBE ROAD,KEITH,Unknown,17:00:00,18:00:00,0,2,75,6,2,40,17,6,0,0,0,3,0,149,2,151,8,No,No,Yes,Evening Peak
96,Kibuye,Roundabout,KIBUYE ROUNDABOUT.xlsx,Day 2,2026-08-03 00:00:00,No,ENTEBBE ROAD,KEITH,Unknown,18:00:00,19:00:00,0,1,50,2,0,37,16,8,0,1,1,2,0,117,1,118,2,No,No,Yes,Evening Peak
97,Kibuye,Roundabout,KIBUYE ROUNDABOUT.xlsx,Day 2,2026-08-03 00:00:00,No,KATWE,KEITH,Unknown,07:00:00,08:00:00,0,2,130,1,0,20,64,85,0,40,2,10,10,362,2,364,1,No,No,Yes,Morning Peak
98,Kibuye,Roundabout,KIBUYE ROUNDABOUT.xlsx,Day 2,2026-08-03 00:00:00,No,KATWE,KEITH,Unknown,08:00:00,09:00:00,0,0,360,2,0,10,60,40,1,2,5,1,1,482,0,482,2,No,No,Yes,Morning Peak
99,Kibuye,Roundabout,KIBUYE ROUNDABOUT.xlsx,Day 2,2026-08-03 00:00:00,No,KATWE,KEITH,Unknown,09:00:00,10:00:00,0,2,610,0,5,13,52,76,0,3,1,0,0,760,2,762,5,No,No,Yes,Morning Peak
100,Kibuye,Roundabout,KIBUYE ROUNDABOUT.xlsx,Day 2,2026-08-03 00:00:00,No,KATWE,KEITH,Unknown,10:00:00,11:00:00,0,0,520,4,1,22,51,43,1,3,0,0,0,645,0,645,5,No,No,Yes,Midday / Off-Peak
101,Kibuye,Roundabout,KIBUYE ROUNDABOUT.xlsx,Day 2,2026-08-03 00:00:00,No,KATWE,KEITH,Unknown,11:00:00,12:00:00,0,2,470,4,0,10,130,180,0,4,2,2,0,802,2,804,4,No,No,Yes,Midday / Off-Peak
102,Kibuye,Roundabout,KIBUYE ROUNDABOUT.xlsx,Day 2,2026-08-03 00:00:00,No,KATWE,KEITH,Unknown,12:00:00,13:00:00,0,0,400,0,0,12,106,56,0,20,18,1,0,613,0,613,0,No,No,Yes,Midday / Off-Peak
103,Kibuye,Roundabout,KIBUYE ROUNDABOUT.xlsx,Day 2,2026-08-03 00:00:00,No,KATWE,KEITH,Unknown,13:00:00,14:00:00,0,3,350,3,0,5,50,73,1,10,4,4,0,500,3,503,3,No,No,Yes,Midday / Off-Peak
104,Kibuye,Roundabout,KIBUYE ROUNDABOUT.xlsx,Day 2,2026-08-03 00:00:00,No,KATWE,KEITH,Unknown,14:00:00,15:00:00,0,0,300,1,1,13,41,90,0,3,0,1,0,450,0,450,2,No,No,Yes,Midday / Off-Peak
105,Kibuye,Roundabout,KIBUYE ROUNDABOUT.xlsx,Day 2,2026-08-03 00:00:00,No,KATWE,KEITH,Unknown,15:00:00,16:00:00,0,0,350,2,0,3,120,143,0,13,0,2,0,633,0,633,2,No,No,Yes,Midday / Off-Peak
106,Kibuye,Roundabout,KIBUYE ROUNDABOUT.xlsx,Day 2,2026-08-03 00:00:00,No,KATWE,KEITH,Unknown,16:00:00,17:00:00,0,1,350,0,0,15,70,65,4,30,5,12,10,561,1,562,0,No,No,Yes,Evening Peak
107,Kibuye,Roundabout,KIBUYE ROUNDABOUT.xlsx,Day 2,2026-08-03 00:00:00,No,KATWE,KEITH,Unknown,17:00:00,18:00:00,0,0,350,2,0,22,45,35,1,14,1,0,0,470,0,470,2,No,No,Yes,Evening Peak
108,Kibuye,Roundabout,KIBUYE ROUNDABOUT.xlsx,Day 2,2026-08-03 00:00:00,No,KATWE,KEITH,Unknown,18:00:00,19:00:00,0,4,330,2,1,0,45,67,0,0,0,0,0,445,4,449,3,No,No,Yes,Evening Peak
109,Kibuye,Roundabout,KIBUYE ROUNDABOUT.xlsx,Day 2,2026-08-03 00:00:00,No,NDEEBA,KEITH,Unknown,07:00:00,08:00:00,0,0,650,2,0,155,58,105,1,5,1,0,2,979,0,979,2,No,No,Yes,Morning Peak
110,Kibuye,Roundabout,KIBUYE ROUNDABOUT.xlsx,Day 2,2026-08-03 00:00:00,No,NDEEBA,KEITH,Unknown,08:00:00,09:00:00,1,2,950,0,0,150,39,143,32,16,0,5,1,1336,3,1339,0,No,No,Yes,Morning Peak
111,Kibuye,Roundabout,KIBUYE ROUNDABOUT.xlsx,Day 2,2026-08-03 00:00:00,No,NDEEBA,KEITH,Unknown,09:00:00,10:00:00,0,1,575,0,1,142,31,123,13,14,4,6,0,909,1,910,1,No,No,Yes,Morning Peak
112,Kibuye,Roundabout,KIBUYE ROUNDABOUT.xlsx,Day 2,2026-08-03 00:00:00,No,NDEEBA,KEITH,Unknown,10:00:00,11:00:00,0,0,530,0,0,130,16,95,3,0,2,4,1,781,0,781,0,No,No,Yes,Midday / Off-Peak
113,Kibuye,Roundabout,KIBUYE ROUNDABOUT.xlsx,Day 2,2026-08-03 00:00:00,No,NDEEBA,KEITH,Unknown,11:00:00,12:00:00,0,0,655,1,0,126,11,94,3,0,2,6,0,898,0,898,1,No,No,Yes,Midday / Off-Peak
114,Kibuye,Roundabout,KIBUYE ROUNDABOUT.xlsx,Day 2,2026-08-03 00:00:00,No,NDEEBA,KEITH,Unknown,12:00:00,13:00:00,0,0,725,1,0,72,22,145,0,5,0,1,1,972,0,972,1,No,No,Yes,Midday / Off-Peak
115,Kibuye,Roundabout,KIBUYE ROUNDABOUT.xlsx,Day 2,2026-08-03 00:00:00,No,NDEEBA,KEITH,Unknown,13:00:00,14:00:00,0,0,575,0,0,64,7,79,4,1,0,0,0,730,0,730,0,No,No,Yes,Midday / Off-Peak
116,Kibuye,Roundabout,KIBUYE ROUNDABOUT.xlsx,Day 2,2026-08-03 00:00:00,No,NDEEBA,KEITH,Unknown,14:00:00,15:00:00,0,0,625,0,0,40,7,30,3,2,0,1,0,708,0,708,0,No,No,Yes,Midday / Off-Peak
117,Kibuye,Roundabout,KIBUYE ROUNDABOUT.xlsx,Day 2,2026-08-03 00:00:00,No,NDEEBA,KEITH,Unknown,15:00:00,16:00:00,1,2,423,1,0,46,7,55,4,7,0,4,0,547,3,550,1,No,No,Yes,Midday / Off-Peak
118,Kibuye,Roundabout,KIBUYE ROUNDABOUT.xlsx,Day 2,2026-08-03 00:00:00,No,NDEEBA,KEITH,Unknown,16:00:00,17:00:00,0,0,675,1,0,59,22,70,2,7,2,2,0,840,0,840,1,No,No,Yes,Evening Peak
119,Kibuye,Roundabout,KIBUYE ROUNDABOUT.xlsx,Day 2,2026-08-03 00:00:00,No,NDEEBA,KEITH,Unknown,17:00:00,18:00:00,0,0,610,2,0,47,12,80,2,5,3,2,2,765,0,765,2,No,No,Yes,Evening Peak
120,Kibuye,Roundabout,KIBUYE ROUNDABOUT.xlsx,Day 2,2026-08-03 00:00:00,No,NDEEBA,KEITH,Unknown,18:00:00,19:00:00,0,1,375,2,2,61,16,75,9,8,1,0,1,550,1,551,4,No,No,Yes,Evening Peak
121,Wandegeya,Cross Junction,Wandegeya CROSS JUNCTION-  Junction_count_data_entry - Copy.xlsx,Day 1,2026-08-02 00:00:00,No,,KAMPALA CITY,Sunny,07:00:00,08:00:00,0,4,96,0,1,36,7,7,0,3,1,1,0,152,4,156,1,No,No,Yes,Morning Peak
122,Wandegeya,Cross Junction,Wandegeya CROSS JUNCTION-  Junction_count_data_entry - Copy.xlsx,Day 1,2026-08-02 00:00:00,No,,KAMPALA CITY,Sunny,08:00:00,09:00:00,0,4,224,0,0,37,8,15,0,0,0,2,0,286,4,290,0,No,No,Yes,Morning Peak
123,Wandegeya,Cross Junction,Wandegeya CROSS JUNCTION-  Junction_count_data_entry - Copy.xlsx,Day 1,2026-08-02 00:00:00,No,,KAMPALA CITY,Sunny,09:00:00,10:00:00,0,3,180,1,0,40,17,26,2,0,1,1,0,268,3,271,1,No,No,Yes,Morning Peak
124,Wandegeya,Cross Junction,Wandegeya CROSS JUNCTION-  Junction_count_data_entry - Copy.xlsx,Day 1,2026-08-02 00:00:00,No,,KAMPALA CITY,Sunny,10:00:00,11:00:00,0,4,123,1,0,45,15,21,2,0,1,1,1,210,4,214,1,No,No,Yes,Midday / Off-Peak
125,Wandegeya,Cross Junction,Wandegeya CROSS JUNCTION-  Junction_count_data_entry - Copy.xlsx,Day 1,2026-08-02 00:00:00,No,,KAMPALA CITY,Sunny,11:00:00,12:00:00,1,0,134,0,0,20,18,25,3,0,1,0,1,202,1,203,0,No,No,Yes,Midday / Off-Peak
126,Wandegeya,Cross Junction,Wandegeya CROSS JUNCTION-  Junction_count_data_entry - Copy.xlsx,Day 1,2026-08-02 00:00:00,No,,KAMPALA CITY,Sunny,12:00:00,13:00:00,0,2,114,0,0,40,15,13,1,0,4,3,0,190,2,192,0,No,No,Yes,Midday / Off-Peak
127,Wandegeya,Cross Junction,Wandegeya CROSS JUNCTION-  Junction_count_data_entry - Copy.xlsx,Day 1,2026-08-02 00:00:00,No,,KAMPALA CITY,Sunny,13:00:00,14:00:00,0,0,73,0,0,32,6,9,2,0,0,1,0,123,0,123,0,No,No,Yes,Midday / Off-Peak
128,Wandegeya,Cross Junction,Wandegeya CROSS JUNCTION-  Junction_count_data_entry - Copy.xlsx,Day 1,2026-08-02 00:00:00,No,,KAMPALA CITY,Sunny,14:00:00,15:00:00,0,1,73,0,0,21,12,20,2,0,0,0,1,129,1,130,0,No,No,Yes,Midday / Off-Peak
129,Wandegeya,Cross Junction,Wandegeya CROSS JUNCTION-  Junction_count_data_entry - Copy.xlsx,Day 1,2026-08-02 00:00:00,No,,KAMPALA CITY,Sunny,15:00:00,16:00:00,0,3,229,0,0,22,10,30,2,0,2,0,0,295,3,298,0,No,No,Yes,Midday / Off-Peak
130,Wandegeya,Cross Junction,Wandegeya CROSS JUNCTION-  Junction_count_data_entry - Copy.xlsx,Day 1,2026-08-02 00:00:00,No,,KAMPALA CITY,Sunny,16:00:00,17:00:00,0,0,82,0,0,35,15,7,1,1,4,2,2,149,0,149,0,No,No,Yes,Evening Peak
131,Wandegeya,Cross Junction,Wandegeya CROSS JUNCTION-  Junction_count_data_entry - Copy.xlsx,Day 1,2026-08-02 00:00:00,No,,KAMPALA CITY,Sunny,17:00:00,18:00:00,0,4,129,0,0,52,10,18,1,0,6,0,0,216,4,220,0,No,No,Yes,Evening Peak
132,Wandegeya,Cross Junction,Wandegeya CROSS JUNCTION-  Junction_count_data_entry - Copy.xlsx,Day 1,2026-08-02 00:00:00,No,,KAMPALA CITY,Sunny,18:00:00,19:00:00,0,1,114,0,0,65,53,17,4,0,3,1,0,257,1,258,0,No,No,Yes,Evening Peak
133,Wandegeya,Cross Junction,Wandegeya CROSS JUNCTION-  Junction_count_data_entry - Copy.xlsx,Day 1,2026-08-02 00:00:00,No,,MAKERERE,Sunny,07:00:00,08:00:00,0,2,316,0,0,80,10,5,0,0,0,0,0,411,2,413,0,No,No,Yes,Morning Peak
134,Wandegeya,Cross Junction,Wandegeya CROSS JUNCTION-  Junction_count_data_entry - Copy.xlsx,Day 1,2026-08-02 00:00:00,No,,MAKERERE,Sunny,08:00:00,09:00:00,0,3,420,3,0,82,7,2,0,0,0,2,0,516,3,519,3,No,No,Yes,Morning Peak
135,Wandegeya,Cross Junction,Wandegeya CROSS JUNCTION-  Junction_count_data_entry - Copy.xlsx,Day 1,2026-08-02 00:00:00,No,,MAKERERE,Sunny,09:00:00,10:00:00,0,1,376,1,0,63,30,3,0,0,7,3,0,483,1,484,1,No,No,Yes,Morning Peak
136,Wandegeya,Cross Junction,Wandegeya CROSS JUNCTION-  Junction_count_data_entry - Copy.xlsx,Day 1,2026-08-02 00:00:00,No,,MAKERERE,Sunny,10:00:00,11:00:00,0,2,459,3,0,103,15,5,0,0,0,4,0,589,2,591,3,No,No,Yes,Midday / Off-Peak
137,Wandegeya,Cross Junction,Wandegeya CROSS JUNCTION-  Junction_count_data_entry - Copy.xlsx,Day 1,2026-08-02 00:00:00,No,,MAKERERE,Sunny,11:00:00,12:00:00,1,0,357,0,0,100,45,7,0,0,1,1,0,511,1,512,0,No,No,Yes,Midday / Off-Peak
138,Wandegeya,Cross Junction,Wandegeya CROSS JUNCTION-  Junction_count_data_entry - Copy.xlsx,Day 1,2026-08-02 00:00:00,No,,MAKERERE,Sunny,12:00:00,13:00:00,0,3,407,3,1,150,55,8,0,0,0,0,0,624,3,627,4,No,No,Yes,Midday / Off-Peak
139,Wandegeya,Cross Junction,Wandegeya CROSS JUNCTION-  Junction_count_data_entry - Copy.xlsx,Day 1,2026-08-02 00:00:00,No,,MAKERERE,Sunny,13:00:00,14:00:00,0,0,226,0,0,65,25,9,0,0,2,5,0,332,0,332,0,No,No,Yes,Midday / Off-Peak
140,Wandegeya,Cross Junction,Wandegeya CROSS JUNCTION-  Junction_count_data_entry - Copy.xlsx,Day 1,2026-08-02 00:00:00,No,,MAKERERE,Sunny,14:00:00,15:00:00,0,0,273,0,0,105,50,7,0,0,3,0,1,439,0,439,0,No,No,Yes,Midday / Off-Peak
141,Wandegeya,Cross Junction,Wandegeya CROSS JUNCTION-  Junction_count_data_entry - Copy.xlsx,Day 1,2026-08-02 00:00:00,No,,MAKERERE,Sunny,15:00:00,16:00:00,0,6,392,2,3,85,30,13,0,0,0,2,0,527,6,533,5,No,No,Yes,Midday / Off-Peak
142,Wandegeya,Cross Junction,Wandegeya CROSS JUNCTION-  Junction_count_data_entry - Copy.xlsx,Day 1,2026-08-02 00:00:00,No,,MAKERERE,Sunny,16:00:00,17:00:00,0,0,312,1,0,140,36,13,0,0,1,2,0,505,0,505,1,No,No,Yes,Evening Peak
143,Wandegeya,Cross Junction,Wandegeya CROSS JUNCTION-  Junction_count_data_entry - Copy.xlsx,Day 1,2026-08-02 00:00:00,No,,MAKERERE,Sunny,17:00:00,18:00:00,0,5,360,2,0,126,51,3,0,0,0,3,0,545,5,550,2,No,No,Yes,Evening Peak
144,Wandegeya,Cross Junction,Wandegeya CROSS JUNCTION-  Junction_count_data_entry - Copy.xlsx,Day 1,2026-08-02 00:00:00,No,,MAKERERE,Sunny,18:00:00,19:00:00,0,0,379,3,0,170,60,6,0,0,0,3,0,621,0,621,3,No,No,Yes,Evening Peak
145,Wandegeya,Cross Junction,Wandegeya CROSS JUNCTION-  Junction_count_data_entry - Copy.xlsx,Day 1,2026-08-02 00:00:00,No,,KUBILI,Sunny,07:00:00,08:00:00,0,0,8,0,0,35,6,0,0,0,0,0,0,49,0,49,0,No,No,Yes,Morning Peak
146,Wandegeya,Cross Junction,Wandegeya CROSS JUNCTION-  Junction_count_data_entry - Copy.xlsx,Day 1,2026-08-02 00:00:00,No,,KUBILI,Sunny,08:00:00,09:00:00,0,2,19,0,0,16,3,3,0,0,0,0,0,41,2,43,0,No,No,Yes,Morning Peak
147,Wandegeya,Cross Junction,Wandegeya CROSS JUNCTION-  Junction_count_data_entry - Copy.xlsx,Day 1,2026-08-02 00:00:00,No,,KUBILI,Sunny,09:00:00,10:00:00,0,2,1,0,0,12,6,3,0,0,0,0,0,22,2,24,0,No,No,Yes,Morning Peak
148,Wandegeya,Cross Junction,Wandegeya CROSS JUNCTION-  Junction_count_data_entry - Copy.xlsx,Day 1,2026-08-02 00:00:00,No,,KUBILI,Sunny,10:00:00,11:00:00,0,1,8,0,0,28,5,5,0,0,0,0,0,46,1,47,0,No,No,Yes,Midday / Off-Peak
149,Wandegeya,Cross Junction,Wandegeya CROSS JUNCTION-  Junction_count_data_entry - Copy.xlsx,Day 1,2026-08-02 00:00:00,No,,KUBILI,Sunny,11:00:00,12:00:00,0,0,9,0,0,17,10,5,1,0,0,1,0,43,0,43,0,No,No,Yes,Midday / Off-Peak
150,Wandegeya,Cross Junction,Wandegeya CROSS JUNCTION-  Junction_count_data_entry - Copy.xlsx,Day 1,2026-08-02 00:00:00,No,,KUBILI,Sunny,12:00:00,13:00:00,0,0,5,0,0,40,14,6,0,0,1,1,1,68,0,68,0,No,No,Yes,Midday / Off-Peak
151,Wandegeya,Cross Junction,Wandegeya CROSS JUNCTION-  Junction_count_data_entry - Copy.xlsx,Day 1,2026-08-02 00:00:00,No,,KUBILI,Sunny,13:00:00,14:00:00,0,0,0,0,0,15,18,11,0,0,1,0,0,45,0,45,0,No,No,Yes,Midday / Off-Peak
152,Wandegeya,Cross Junction,Wandegeya CROSS JUNCTION-  Junction_count_data_entry - Copy.xlsx,Day 1,2026-08-02 00:00:00,No,,KUBILI,Sunny,14:00:00,15:00:00,0,0,18,0,0,38,20,6,0,0,0,0,0,82,0,82,0,No,No,Yes,Midday / Off-Peak
153,Wandegeya,Cross Junction,Wandegeya CROSS JUNCTION-  Junction_count_data_entry - Copy.xlsx,Day 1,2026-08-02 00:00:00,No,,KUBILI,Sunny,15:00:00,16:00:00,0,1,133,0,0,35,20,4,0,0,0,0,0,192,1,193,0,No,No,Yes,Midday / Off-Peak
154,Wandegeya,Cross Junction,Wandegeya CROSS JUNCTION-  Junction_count_data_entry - Copy.xlsx,Day 1,2026-08-02 00:00:00,No,,KUBILI,Sunny,16:00:00,17:00:00,0,0,7,0,0,26,25,4,0,0,0,0,0,62,0,62,0,No,No,Yes,Evening Peak
155,Wandegeya,Cross Junction,Wandegeya CROSS JUNCTION-  Junction_count_data_entry - Copy.xlsx,Day 1,2026-08-02 00:00:00,No,,KUBILI,Sunny,17:00:00,18:00:00,0,0,14,0,0,42,22,0,0,0,0,0,0,78,0,78,0,No,No,Yes,Evening Peak
156,Wandegeya,Cross Junction,Wandegeya CROSS JUNCTION-  Junction_count_data_entry - Copy.xlsx,Day 1,2026-08-02 00:00:00,No,,KUBILI,Sunny,18:00:00,19:00:00,0,0,28,0,0,70,50,3,0,0,0,2,1,154,0,154,0,No,No,Yes,Evening Peak
157,Wandegeya,Cross Junction,Wandegeya CROSS JUNCTION-  Junction_count_data_entry - Copy.xlsx,Day 1,2026-08-02 00:00:00,No,MOROTO,LIRA,Sunny,07:00:00,08:00:00,0,7,192,3,1,56,10,36,1,2,0,0,0,301,7,308,4,No,No,Yes,Morning Peak
158,Wandegeya,Cross Junction,Wandegeya CROSS JUNCTION-  Junction_count_data_entry - Copy.xlsx,Day 1,2026-08-02 00:00:00,No,MOROTO,LIRA,Sunny,08:00:00,09:00:00,0,2,305,3,0,17,6,24,0,1,0,0,0,356,2,358,3,No,No,Yes,Morning Peak
159,Wandegeya,Cross Junction,Wandegeya CROSS JUNCTION-  Junction_count_data_entry - Copy.xlsx,Day 1,2026-08-02 00:00:00,No,MOROTO,LIRA,Sunny,09:00:00,10:00:00,0,1,445,15,0,26,9,53,2,1,0,1,0,552,1,553,15,No,No,Yes,Morning Peak
160,Wandegeya,Cross Junction,Wandegeya CROSS JUNCTION-  Junction_count_data_entry - Copy.xlsx,Day 1,2026-08-02 00:00:00,No,MOROTO,LIRA,Sunny,10:00:00,11:00:00,0,2,445,20,0,56,8,65,2,1,4,1,1,603,2,605,20,No,No,Yes,Midday / Off-Peak
161,Wandegeya,Cross Junction,Wandegeya CROSS JUNCTION-  Junction_count_data_entry - Copy.xlsx,Day 1,2026-08-02 00:00:00,No,MOROTO,LIRA,Sunny,11:00:00,12:00:00,0,3,475,11,0,81,6,21,0,1,1,0,1,597,3,600,11,No,No,Yes,Midday / Off-Peak
162,Wandegeya,Cross Junction,Wandegeya CROSS JUNCTION-  Junction_count_data_entry - Copy.xlsx,Day 1,2026-08-02 00:00:00,No,MOROTO,LIRA,Sunny,12:00:00,13:00:00,0,2,425,1,0,47,25,39,1,2,4,1,0,545,2,547,1,No,No,Yes,Midday / Off-Peak
163,Wandegeya,Cross Junction,Wandegeya CROSS JUNCTION-  Junction_count_data_entry - Copy.xlsx,Day 1,2026-08-02 00:00:00,No,MOROTO,LIRA,Sunny,13:00:00,14:00:00,0,1,390,0,0,96,4,43,0,0,3,0,0,536,1,537,0,No,No,Yes,Midday / Off-Peak
164,Wandegeya,Cross Junction,Wandegeya CROSS JUNCTION-  Junction_count_data_entry - Copy.xlsx,Day 1,2026-08-02 00:00:00,No,MOROTO,LIRA,Sunny,14:00:00,15:00:00,0,3,560,0,0,74,15,39,1,0,4,1,0,694,3,697,0,No,No,Yes,Midday / Off-Peak
165,Wandegeya,Cross Junction,Wandegeya CROSS JUNCTION-  Junction_count_data_entry - Copy.xlsx,Day 1,2026-08-02 00:00:00,No,MOROTO,LIRA,Sunny,15:00:00,16:00:00,0,0,355,0,0,62,21,21,0,1,3,2,0,465,0,465,0,No,No,Yes,Midday / Off-Peak
166,Wandegeya,Cross Junction,Wandegeya CROSS JUNCTION-  Junction_count_data_entry - Copy.xlsx,Day 1,2026-08-02 00:00:00,No,MOROTO,LIRA,Sunny,16:00:00,17:00:00,0,2,470,2,0,71,21,49,1,2,3,2,0,621,2,623,2,No,No,Yes,Evening Peak
167,Wandegeya,Cross Junction,Wandegeya CROSS JUNCTION-  Junction_count_data_entry - Copy.xlsx,Day 1,2026-08-02 00:00:00,No,MOROTO,LIRA,Sunny,17:00:00,18:00:00,0,9,365,0,0,94,22,38,1,1,1,1,0,523,9,532,0,No,No,Yes,Evening Peak
168,Wandegeya,Cross Junction,Wandegeya CROSS JUNCTION-  Junction_count_data_entry - Copy.xlsx,Day 1,2026-08-02 00:00:00,No,MOROTO,LIRA,Sunny,18:00:00,19:00:00,0,4,145,0,0,82,52,72,0,1,1,1,0,354,4,358,0,No,No,Yes,Evening Peak
169,Wandegeya,Cross Junction,Wandegeya CROSS JUNCTION-  Junction_count_data_entry - Copy.xlsx,Day 1,2026-08-02 00:00:00,No,MOROTO,SERERE,Cloudy,07:00:00,08:00:00,0,6,205,0,0,40,9,78,0,2,0,2,0,336,6,342,0,No,No,Yes,Morning Peak
170,Wandegeya,Cross Junction,Wandegeya CROSS JUNCTION-  Junction_count_data_entry - Copy.xlsx,Day 1,2026-08-02 00:00:00,No,MOROTO,SERERE,Cloudy,08:00:00,09:00:00,0,3,350,0,0,57,13,70,0,0,5,0,1,496,3,499,0,No,No,Yes,Morning Peak
171,Wandegeya,Cross Junction,Wandegeya CROSS JUNCTION-  Junction_count_data_entry - Copy.xlsx,Day 1,2026-08-02 00:00:00,No,MOROTO,SERERE,Cloudy,09:00:00,10:00:00,0,4,370,0,0,68,22,117,0,1,2,3,3,586,4,590,0,No,No,Yes,Morning Peak
172,Wandegeya,Cross Junction,Wandegeya CROSS JUNCTION-  Junction_count_data_entry - Copy.xlsx,Day 1,2026-08-02 00:00:00,No,MOROTO,SERERE,Cloudy,10:00:00,11:00:00,0,1,354,3,0,51,7,65,0,0,1,1,1,483,1,484,3,No,No,Yes,Midday / Off-Peak
173,Wandegeya,Cross Junction,Wandegeya CROSS JUNCTION-  Junction_count_data_entry - Copy.xlsx,Day 1,2026-08-02 00:00:00,No,MOROTO,SERERE,Cloudy,11:00:00,12:00:00,0,7,362,1,0,105,14,21,0,1,1,0,1,506,7,513,1,No,No,Yes,Midday / Off-Peak
174,Wandegeya,Cross Junction,Wandegeya CROSS JUNCTION-  Junction_count_data_entry - Copy.xlsx,Day 1,2026-08-02 00:00:00,No,MOROTO,SERERE,Cloudy,12:00:00,13:00:00,0,2,365,0,0,54,38,91,0,0,1,7,2,558,2,560,0,No,No,Yes,Midday / Off-Peak
175,Wandegeya,Cross Junction,Wandegeya CROSS JUNCTION-  Junction_count_data_entry - Copy.xlsx,Day 1,2026-08-02 00:00:00,No,MOROTO,SERERE,Cloudy,13:00:00,14:00:00,0,1,265,0,0,91,2,77,2,1,2,3,1,444,1,445,0,No,No,Yes,Midday / Off-Peak
176,Wandegeya,Cross Junction,Wandegeya CROSS JUNCTION-  Junction_count_data_entry - Copy.xlsx,Day 1,2026-08-02 00:00:00,No,MOROTO,SERERE,Cloudy,14:00:00,15:00:00,0,0,435,0,0,139,1,73,0,1,3,2,0,654,0,654,0,No,No,Yes,Midday / Off-Peak
177,Wandegeya,Cross Junction,Wandegeya CROSS JUNCTION-  Junction_count_data_entry - Copy.xlsx,Day 1,2026-08-02 00:00:00,No,MOROTO,SERERE,Cloudy,15:00:00,16:00:00,0,4,395,2,0,114,0,66,0,0,3,1,0,581,4,585,2,No,No,Yes,Midday / Off-Peak
178,Wandegeya,Cross Junction,Wandegeya CROSS JUNCTION-  Junction_count_data_entry - Copy.xlsx,Day 1,2026-08-02 00:00:00,No,MOROTO,SERERE,Cloudy,16:00:00,17:00:00,0,1,445,0,0,109,13,76,0,0,4,4,0,651,1,652,0,No,No,Yes,Evening Peak
179,Wandegeya,Cross Junction,Wandegeya CROSS JUNCTION-  Junction_count_data_entry - Copy.xlsx,Day 1,2026-08-02 00:00:00,No,MOROTO,SERERE,Cloudy,17:00:00,18:00:00,0,2,365,0,0,131,11,79,0,0,0,0,0,586,2,588,0,No,No,Yes,Evening Peak
180,Wandegeya,Cross Junction,Wandegeya CROSS JUNCTION-  Junction_count_data_entry - Copy.xlsx,Day 1,2026-08-02 00:00:00,No,MOROTO,SERERE,Cloudy,18:00:00,19:00:00,0,2,125,0,0,67,0,101,2,3,3,1,2,304,2,306,0,No,No,Yes,Evening Peak
181,Wandegeya,Cross Junction,Wandegeya CROSS JUNCTION-  Junction_count_data_entry - Copy.xlsx,Day 1,2026-08-02 00:00:00,No,MOROTO,MBALE,Cloudy,07:00:00,08:00:00,0,0,169,0,0,22,1,2,0,1,0,0,0,195,0,195,0,No,No,Yes,Morning Peak
182,Wandegeya,Cross Junction,Wandegeya CROSS JUNCTION-  Junction_count_data_entry - Copy.xlsx,Day 1,2026-08-02 00:00:00,No,MOROTO,MBALE,Cloudy,08:00:00,09:00:00,0,0,284,0,0,14,0,0,0,0,0,0,0,298,0,298,0,No,No,Yes,Morning Peak
183,Wandegeya,Cross Junction,Wandegeya CROSS JUNCTION-  Junction_count_data_entry - Copy.xlsx,Day 1,2026-08-02 00:00:00,No,MOROTO,MBALE,Cloudy,09:00:00,10:00:00,0,0,300,0,0,15,1,2,0,1,1,0,0,320,0,320,0,No,No,Yes,Morning Peak
184,Wandegeya,Cross Junction,Wandegeya CROSS JUNCTION-  Junction_count_data_entry - Copy.xlsx,Day 1,2026-08-02 00:00:00,No,MOROTO,MBALE,Cloudy,10:00:00,11:00:00,0,0,370,4,0,21,1,3,1,0,2,0,0,402,0,402,4,No,No,Yes,Midday / Off-Peak
185,Wandegeya,Cross Junction,Wandegeya CROSS JUNCTION-  Junction_count_data_entry - Copy.xlsx,Day 1,2026-08-02 00:00:00,No,MOROTO,MBALE,Cloudy,11:00:00,12:00:00,0,2,282,0,0,22,2,2,0,1,1,2,0,312,2,314,0,No,No,Yes,Midday / Off-Peak
186,Wandegeya,Cross Junction,Wandegeya CROSS JUNCTION-  Junction_count_data_entry - Copy.xlsx,Day 1,2026-08-02 00:00:00,No,MOROTO,MBALE,Cloudy,12:00:00,13:00:00,0,3,325,0,0,30,18,1,0,0,0,1,0,375,3,378,0,No,No,Yes,Midday / Off-Peak
187,Wandegeya,Cross Junction,Wandegeya CROSS JUNCTION-  Junction_count_data_entry - Copy.xlsx,Day 1,2026-08-02 00:00:00,No,MOROTO,MBALE,Cloudy,13:00:00,14:00:00,0,0,175,0,0,36,1,0,0,0,0,0,0,212,0,212,0,No,No,Yes,Midday / Off-Peak
188,Wandegeya,Cross Junction,Wandegeya CROSS JUNCTION-  Junction_count_data_entry - Copy.xlsx,Day 1,2026-08-02 00:00:00,No,MOROTO,MBALE,Cloudy,14:00:00,15:00:00,0,0,385,0,0,19,0,3,0,0,0,2,0,409,0,409,0,No,No,Yes,Midday / Off-Peak
189,Wandegeya,Cross Junction,Wandegeya CROSS JUNCTION-  Junction_count_data_entry - Copy.xlsx,Day 1,2026-08-02 00:00:00,No,MOROTO,MBALE,Cloudy,15:00:00,16:00:00,0,0,295,0,0,25,2,2,0,0,0,2,0,326,0,326,0,No,No,Yes,Midday / Off-Peak
190,Wandegeya,Cross Junction,Wandegeya CROSS JUNCTION-  Junction_count_data_entry - Copy.xlsx,Day 1,2026-08-02 00:00:00,No,MOROTO,MBALE,Cloudy,16:00:00,17:00:00,0,1,350,0,0,24,3,1,0,0,0,2,0,380,1,381,0,No,No,Yes,Evening Peak
191,Wandegeya,Cross Junction,Wandegeya CROSS JUNCTION-  Junction_count_data_entry - Copy.xlsx,Day 1,2026-08-02 00:00:00,No,MOROTO,MBALE,Cloudy,17:00:00,18:00:00,0,1,225,0,0,58,15,1,0,0,0,0,0,299,1,300,0,No,No,Yes,Evening Peak
192,Wandegeya,Cross Junction,Wandegeya CROSS JUNCTION-  Junction_count_data_entry - Copy.xlsx,Day 1,2026-08-02 00:00:00,No,MOROTO,MBALE,Cloudy,18:00:00,19:00:00,0,1,150,0,0,23,0,0,0,0,0,0,0,173,1,174,0,No,No,Yes,Evening Peak
193,Wandegeya,Cross Junction,Wandegeya CROSS JUNCTION-  Junction_count_data_entry - Copy.xlsx,Day 1,2026-08-02 00:00:00,No,,KAMPALA CITY,Sunny,07:00:00,08:00:00,0,6,118,0,0,83,36,2,1,0,0,2,0,242,6,248,0,No,No,Yes,Morning Peak
194,Wandegeya,Cross Junction,Wandegeya CROSS JUNCTION-  Junction_count_data_entry - Copy.xlsx,Day 1,2026-08-02 00:00:00,No,,KAMPALA CITY,Sunny,08:00:00,09:00:00,0,2,135,0,0,65,25,1,0,0,0,3,0,229,2,231,0,No,No,Yes,Morning Peak
195,Wandegeya,Cross Junction,Wandegeya CROSS JUNCTION-  Junction_count_data_entry - Copy.xlsx,Day 1,2026-08-02 00:00:00,No,,KAMPALA CITY,Sunny,09:00:00,10:00:00,0,1,202,0,0,63,18,3,0,0,0,4,1,291,1,292,0,No,No,Yes,Morning Peak
196,Wandegeya,Cross Junction,Wandegeya CROSS JUNCTION-  Junction_count_data_entry - Copy.xlsx,Day 1,2026-08-02 00:00:00,No,,KAMPALA CITY,Sunny,10:00:00,11:00:00,0,1,234,0,0,83,30,1,0,0,0,2,0,350,1,351,0,No,No,Yes,Midday / Off-Peak
197,Wandegeya,Cross Junction,Wandegeya CROSS JUNCTION-  Junction_count_data_entry - Copy.xlsx,Day 1,2026-08-02 00:00:00,No,,KAMPALA CITY,Sunny,11:00:00,12:00:00,0,1,206,0,0,81,26,3,0,0,0,5,0,321,1,322,0,No,No,Yes,Midday / Off-Peak
198,Wandegeya,Cross Junction,Wandegeya CROSS JUNCTION-  Junction_count_data_entry - Copy.xlsx,Day 1,2026-08-02 00:00:00,No,,KAMPALA CITY,Sunny,12:00:00,13:00:00,0,1,164,0,0,82,14,2,0,0,0,1,0,263,1,264,0,No,No,Yes,Midday / Off-Peak
199,Wandegeya,Cross Junction,Wandegeya CROSS JUNCTION-  Junction_count_data_entry - Copy.xlsx,Day 1,2026-08-02 00:00:00,No,,KAMPALA CITY,Sunny,13:00:00,14:00:00,0,0,109,0,0,83,0,15,0,1,0,1,1,210,0,210,0,No,No,Yes,Midday / Off-Peak
200,Wandegeya,Cross Junction,Wandegeya CROSS JUNCTION-  Junction_count_data_entry - Copy.xlsx,Day 1,2026-08-02 00:00:00,No,,KAMPALA CITY,Sunny,14:00:00,15:00:00,0,0,131,0,0,80,14,2,0,0,0,5,0,232,0,232,0,No,No,Yes,Midday / Off-Peak
201,Wandegeya,Cross Junction,Wandegeya CROSS JUNCTION-  Junction_count_data_entry - Copy.xlsx,Day 1,2026-08-02 00:00:00,No,,KAMPALA CITY,Sunny,15:00:00,16:00:00,0,0,119,0,0,61,8,0,0,1,0,2,0,191,0,191,0,No,No,Yes,Midday / Off-Peak
202,Wandegeya,Cross Junction,Wandegeya CROSS JUNCTION-  Junction_count_data_entry - Copy.xlsx,Day 1,2026-08-02 00:00:00,No,,KAMPALA CITY,Sunny,16:00:00,17:00:00,0,0,154,0,0,77,18,3,0,1,1,0,1,255,0,255,0,No,No,Yes,Evening Peak
203,Wandegeya,Cross Junction,Wandegeya CROSS JUNCTION-  Junction_count_data_entry - Copy.xlsx,Day 1,2026-08-02 00:00:00,No,,KAMPALA CITY,Sunny,17:00:00,18:00:00,0,1,159,0,0,70,25,2,0,1,0,3,0,260,1,261,0,No,No,Yes,Evening Peak
204,Wandegeya,Cross Junction,Wandegeya CROSS JUNCTION-  Junction_count_data_entry - Copy.xlsx,Day 1,2026-08-02 00:00:00,No,,KAMPALA CITY,Sunny,18:00:00,19:00:00,0,0,116,0,0,77,10,3,0,0,0,2,0,208,0,208,0,No,No,Yes,Evening Peak
205,Wandegeya,Cross Junction,Wandegeya CROSS JUNCTION-  Junction_count_data_entry - Copy.xlsx,Day 1,2026-08-02 00:00:00,No,,MULAGO,Cloudy,07:00:00,08:00:00,0,6,207,6,0,73,33,2,1,0,0,1,0,323,6,329,6,No,No,Yes,Morning Peak
206,Wandegeya,Cross Junction,Wandegeya CROSS JUNCTION-  Junction_count_data_entry - Copy.xlsx,Day 1,2026-08-02 00:00:00,No,,MULAGO,Cloudy,08:00:00,09:00:00,0,3,279,9,0,72,25,12,0,1,0,3,0,401,3,404,9,No,No,Yes,Morning Peak
207,Wandegeya,Cross Junction,Wandegeya CROSS JUNCTION-  Junction_count_data_entry - Copy.xlsx,Day 1,2026-08-02 00:00:00,No,,MULAGO,Cloudy,09:00:00,10:00:00,0,3,338,2,0,109,22,7,0,2,0,3,0,483,3,486,2,No,No,Yes,Morning Peak
208,Wandegeya,Cross Junction,Wandegeya CROSS JUNCTION-  Junction_count_data_entry - Copy.xlsx,Day 1,2026-08-02 00:00:00,No,,MULAGO,Cloudy,10:00:00,11:00:00,0,2,343,0,0,86,46,10,1,1,0,7,1,495,2,497,0,No,No,Yes,Midday / Off-Peak
209,Wandegeya,Cross Junction,Wandegeya CROSS JUNCTION-  Junction_count_data_entry - Copy.xlsx,Day 1,2026-08-02 00:00:00,No,,MULAGO,Cloudy,11:00:00,12:00:00,0,2,325,0,1,150,27,7,1,0,0,6,0,517,2,519,1,No,No,Yes,Midday / Off-Peak
210,Wandegeya,Cross Junction,Wandegeya CROSS JUNCTION-  Junction_count_data_entry - Copy.xlsx,Day 1,2026-08-02 00:00:00,No,,MULAGO,Cloudy,12:00:00,13:00:00,0,3,309,1,0,123,32,12,0,0,0,2,0,479,3,482,1,No,No,Yes,Midday / Off-Peak
211,Wandegeya,Cross Junction,Wandegeya CROSS JUNCTION-  Junction_count_data_entry - Copy.xlsx,Day 1,2026-08-02 00:00:00,No,,MULAGO,Cloudy,13:00:00,14:00:00,0,2,279,1,0,168,30,10,0,0,1,2,0,491,2,493,1,No,No,Yes,Midday / Off-Peak
212,Wandegeya,Cross Junction,Wandegeya CROSS JUNCTION-  Junction_count_data_entry - Copy.xlsx,Day 1,2026-08-02 00:00:00,No,,MULAGO,Cloudy,14:00:00,15:00:00,0,3,344,0,0,204,16,2,0,0,0,5,0,571,3,574,0,No,No,Yes,Midday / Off-Peak
213,Wandegeya,Cross Junction,Wandegeya CROSS JUNCTION-  Junction_count_data_entry - Copy.xlsx,Day 1,2026-08-02 00:00:00,No,,MULAGO,Cloudy,15:00:00,16:00:00,0,0,272,1,0,123,32,13,0,0,0,6,0,447,0,447,1,No,No,Yes,Midday / Off-Peak
214,Wandegeya,Cross Junction,Wandegeya CROSS JUNCTION-  Junction_count_data_entry - Copy.xlsx,Day 1,2026-08-02 00:00:00,No,,MULAGO,Cloudy,16:00:00,17:00:00,0,2,359,3,0,145,35,10,0,0,0,2,0,554,2,556,3,No,No,Yes,Evening Peak
215,Wandegeya,Cross Junction,Wandegeya CROSS JUNCTION-  Junction_count_data_entry - Copy.xlsx,Day 1,2026-08-02 00:00:00,No,,MULAGO,Cloudy,17:00:00,18:00:00,0,1,378,0,0,125,28,15,3,0,0,3,1,553,1,554,0,No,No,Yes,Evening Peak
216,Wandegeya,Cross Junction,Wandegeya CROSS JUNCTION-  Junction_count_data_entry - Copy.xlsx,Day 1,2026-08-02 00:00:00,No,,MULAGO,Cloudy,18:00:00,19:00:00,0,2,341,2,0,128,31,6,0,1,0,3,0,512,2,514,2,No,No,Yes,Evening Peak
217,Wandegeya,Cross Junction,Wandegeya CROSS JUNCTION-  Junction_count_data_entry - Copy.xlsx,Day 1,2026-08-02 00:00:00,No,MBALE,KUBILI,Sunny,07:00:00,08:00:00,0,1,38,1,0,60,28,0,0,0,0,0,1,128,1,129,1,No,No,Yes,Morning Peak
218,Wandegeya,Cross Junction,Wandegeya CROSS JUNCTION-  Junction_count_data_entry - Copy.xlsx,Day 1,2026-08-02 00:00:00,No,MBALE,KUBILI,Sunny,08:00:00,09:00:00,0,0,53,0,0,56,16,0,0,0,0,2,0,127,0,127,0,No,No,Yes,Morning Peak
219,Wandegeya,Cross Junction,Wandegeya CROSS JUNCTION-  Junction_count_data_entry - Copy.xlsx,Day 1,2026-08-02 00:00:00,No,MBALE,KUBILI,Sunny,09:00:00,10:00:00,0,0,18,0,0,79,12,1,0,0,0,2,0,112,0,112,0,No,No,Yes,Morning Peak
220,Wandegeya,Cross Junction,Wandegeya CROSS JUNCTION-  Junction_count_data_entry - Copy.xlsx,Day 1,2026-08-02 00:00:00,No,MBALE,KUBILI,Sunny,10:00:00,11:00:00,0,1,15,0,0,40,18,0,1,0,0,0,0,74,1,75,0,No,No,Yes,Midday / Off-Peak
221,Wandegeya,Cross Junction,Wandegeya CROSS JUNCTION-  Junction_count_data_entry - Copy.xlsx,Day 1,2026-08-02 00:00:00,No,MBALE,KUBILI,Sunny,11:00:00,12:00:00,0,1,14,1,0,40,12,3,0,0,0,1,0,71,1,72,1,No,No,Yes,Midday / Off-Peak
222,Wandegeya,Cross Junction,Wandegeya CROSS JUNCTION-  Junction_count_data_entry - Copy.xlsx,Day 1,2026-08-02 00:00:00,No,MBALE,KUBILI,Sunny,12:00:00,13:00:00,0,0,15,0,0,22,1,2,0,1,0,1,0,42,0,42,0,No,No,Yes,Midday / Off-Peak
223,Wandegeya,Cross Junction,Wandegeya CROSS JUNCTION-  Junction_count_data_entry - Copy.xlsx,Day 1,2026-08-02 00:00:00,No,MBALE,KUBILI,Sunny,13:00:00,14:00:00,0,1,14,0,0,35,1,2,0,0,0,0,0,52,1,53,0,No,No,Yes,Midday / Off-Peak
224,Wandegeya,Cross Junction,Wandegeya CROSS JUNCTION-  Junction_count_data_entry - Copy.xlsx,Day 1,2026-08-02 00:00:00,No,MBALE,KUBILI,Sunny,14:00:00,15:00:00,0,0,8,0,0,25,2,0,0,1,0,1,0,37,0,37,0,No,No,Yes,Midday / Off-Peak
225,Wandegeya,Cross Junction,Wandegeya CROSS JUNCTION-  Junction_count_data_entry - Copy.xlsx,Day 1,2026-08-02 00:00:00,No,MBALE,KUBILI,Sunny,15:00:00,16:00:00,0,1,4,0,0,23,2,0,0,1,0,0,0,30,1,31,0,No,No,Yes,Midday / Off-Peak
226,Wandegeya,Cross Junction,Wandegeya CROSS JUNCTION-  Junction_count_data_entry - Copy.xlsx,Day 1,2026-08-02 00:00:00,No,MBALE,KUBILI,Sunny,16:00:00,17:00:00,0,1,9,0,0,25,2,1,0,0,0,0,0,37,1,38,0,No,No,Yes,Evening Peak
227,Wandegeya,Cross Junction,Wandegeya CROSS JUNCTION-  Junction_count_data_entry - Copy.xlsx,Day 1,2026-08-02 00:00:00,No,MBALE,KUBILI,Sunny,17:00:00,18:00:00,0,0,8,0,0,50,5,0,0,0,0,0,0,63,0,63,0,No,No,Yes,Evening Peak
228,Wandegeya,Cross Junction,Wandegeya CROSS JUNCTION-  Junction_count_data_entry - Copy.xlsx,Day 1,2026-08-02 00:00:00,No,MBALE,KUBILI,Sunny,18:00:00,19:00:00,0,0,8,0,0,53,50,5,0,0,0,0,1,117,0,117,0,No,No,Yes,Evening Peak
229,Wandegeya,Cross Junction,Wandegeya CROSS JUNCTION-  Junction_count_data_entry - Copy.xlsx,Day 1,2026-08-02 00:00:00,No,SERERE,LIRA,Sunny,07:00:00,08:00:00,0,23,21,0,0,4,1,2,0,0,0,4,0,32,23,55,0,No,No,Yes,Morning Peak
230,Wandegeya,Cross Junction,Wandegeya CROSS JUNCTION-  Junction_count_data_entry - Copy.xlsx,Day 1,2026-08-02 00:00:00,No,SERERE,LIRA,Sunny,08:00:00,09:00:00,0,3,17,0,0,4,0,1,0,0,0,0,0,22,3,25,0,No,No,Yes,Morning Peak
231,Wandegeya,Cross Junction,Wandegeya CROSS JUNCTION-  Junction_count_data_entry - Copy.xlsx,Day 1,2026-08-02 00:00:00,No,SERERE,LIRA,Sunny,09:00:00,10:00:00,0,4,7,0,0,1,1,1,0,0,0,0,0,10,4,14,0,No,No,Yes,Morning Peak
232,Wandegeya,Cross Junction,Wandegeya CROSS JUNCTION-  Junction_count_data_entry - Copy.xlsx,Day 1,2026-08-02 00:00:00,No,SERERE,LIRA,Sunny,10:00:00,11:00:00,0,3,30,0,0,1,4,0,0,0,0,1,0,36,3,39,0,No,No,Yes,Midday / Off-Peak
233,Wandegeya,Cross Junction,Wandegeya CROSS JUNCTION-  Junction_count_data_entry - Copy.xlsx,Day 1,2026-08-02 00:00:00,No,SERERE,LIRA,Sunny,11:00:00,12:00:00,0,3,9,0,0,7,4,1,0,0,0,0,0,21,3,24,0,No,No,Yes,Midday / Off-Peak
234,Wandegeya,Cross Junction,Wandegeya CROSS JUNCTION-  Junction_count_data_entry - Copy.xlsx,Day 1,2026-08-02 00:00:00,No,SERERE,LIRA,Sunny,12:00:00,13:00:00,0,0,24,0,0,9,2,0,0,0,0,0,0,35,0,35,0,No,No,Yes,Midday / Off-Peak
235,Wandegeya,Cross Junction,Wandegeya CROSS JUNCTION-  Junction_count_data_entry - Copy.xlsx,Day 1,2026-08-02 00:00:00,No,SERERE,LIRA,Sunny,13:00:00,14:00:00,0,0,35,0,0,8,4,0,0,0,0,0,0,47,0,47,0,No,No,Yes,Midday / Off-Peak
236,Wandegeya,Cross Junction,Wandegeya CROSS JUNCTION-  Junction_count_data_entry - Copy.xlsx,Day 1,2026-08-02 00:00:00,No,SERERE,LIRA,Sunny,14:00:00,15:00:00,0,0,12,0,0,12,4,2,0,0,0,0,0,30,0,30,0,No,No,Yes,Midday / Off-Peak
237,Wandegeya,Cross Junction,Wandegeya CROSS JUNCTION-  Junction_count_data_entry - Copy.xlsx,Day 1,2026-08-02 00:00:00,No,SERERE,LIRA,Sunny,15:00:00,16:00:00,0,0,3,0,0,14,5,3,0,0,2,0,0,27,0,27,0,No,No,Yes,Midday / Off-Peak
238,Wandegeya,Cross Junction,Wandegeya CROSS JUNCTION-  Junction_count_data_entry - Copy.xlsx,Day 1,2026-08-02 00:00:00,No,SERERE,LIRA,Sunny,16:00:00,17:00:00,0,0,62,0,0,11,6,0,0,0,0,0,0,79,0,79,0,No,No,Yes,Evening Peak
239,Wandegeya,Cross Junction,Wandegeya CROSS JUNCTION-  Junction_count_data_entry - Copy.xlsx,Day 1,2026-08-02 00:00:00,No,SERERE,LIRA,Sunny,17:00:00,18:00:00,0,0,36,0,0,13,5,2,0,0,0,0,0,56,0,56,0,No,No,Yes,Evening Peak
240,Wandegeya,Cross Junction,Wandegeya CROSS JUNCTION-  Junction_count_data_entry - Copy.xlsx,Day 1,2026-08-02 00:00:00,No,SERERE,LIRA,Sunny,18:00:00,19:00:00,0,3,112,0,0,13,1,2,0,0,0,0,0,128,3,131,0,No,No,Yes,Evening Peak
241,Wandegeya,Cross Junction,Wandegeya CROSS JUNCTION-  Junction_count_data_entry - Copy.xlsx,Day 1,2026-08-02 00:00:00,No,SERERE,MOROTO,Cloudy,07:00:00,08:00:00,0,0,195,1,0,64,25,125,1,3,0,12,0,426,0,426,1,No,No,Yes,Morning Peak
242,Wandegeya,Cross Junction,Wandegeya CROSS JUNCTION-  Junction_count_data_entry - Copy.xlsx,Day 1,2026-08-02 00:00:00,No,SERERE,MOROTO,Cloudy,08:00:00,09:00:00,0,33,1750,0,0,69,28,176,1,1,0,8,1,2034,33,2067,0,No,No,Yes,Morning Peak
243,Wandegeya,Cross Junction,Wandegeya CROSS JUNCTION-  Junction_count_data_entry - Copy.xlsx,Day 1,2026-08-02 00:00:00,No,SERERE,MOROTO,Cloudy,09:00:00,10:00:00,0,17,808,0,0,71,37,156,1,0,0,9,0,1082,17,1099,0,No,No,Yes,Morning Peak
244,Wandegeya,Cross Junction,Wandegeya CROSS JUNCTION-  Junction_count_data_entry - Copy.xlsx,Day 1,2026-08-02 00:00:00,No,SERERE,MOROTO,Cloudy,10:00:00,11:00:00,0,7,843,1,0,88,41,140,1,0,0,6,0,1120,7,1127,1,No,No,Yes,Midday / Off-Peak
245,Wandegeya,Cross Junction,Wandegeya CROSS JUNCTION-  Junction_count_data_entry - Copy.xlsx,Day 1,2026-08-02 00:00:00,No,SERERE,MOROTO,Cloudy,11:00:00,12:00:00,0,17,960,0,0,87,42,137,2,0,0,5,0,1233,17,1250,0,No,No,Yes,Midday / Off-Peak
246,Wandegeya,Cross Junction,Wandegeya CROSS JUNCTION-  Junction_count_data_entry - Copy.xlsx,Day 1,2026-08-02 00:00:00,No,SERERE,MOROTO,Cloudy,12:00:00,13:00:00,0,1,865,0,0,97,50,102,1,0,1,3,0,1119,1,1120,0,No,No,Yes,Midday / Off-Peak
247,Wandegeya,Cross Junction,Wandegeya CROSS JUNCTION-  Junction_count_data_entry - Copy.xlsx,Day 1,2026-08-02 00:00:00,No,SERERE,MOROTO,Cloudy,13:00:00,14:00:00,0,4,575,0,0,80,33,104,0,0,4,4,2,802,4,806,0,No,No,Yes,Midday / Off-Peak
248,Wandegeya,Cross Junction,Wandegeya CROSS JUNCTION-  Junction_count_data_entry - Copy.xlsx,Day 1,2026-08-02 00:00:00,No,SERERE,MOROTO,Cloudy,14:00:00,15:00:00,0,2,825,5,0,118,36,77,0,1,1,0,0,1063,2,1065,5,No,No,Yes,Midday / Off-Peak
249,Wandegeya,Cross Junction,Wandegeya CROSS JUNCTION-  Junction_count_data_entry - Copy.xlsx,Day 1,2026-08-02 00:00:00,No,SERERE,MOROTO,Cloudy,15:00:00,16:00:00,0,2,735,1,0,84,42,105,1,0,2,5,0,975,2,977,1,No,No,Yes,Midday / Off-Peak
250,Wandegeya,Cross Junction,Wandegeya CROSS JUNCTION-  Junction_count_data_entry - Copy.xlsx,Day 1,2026-08-02 00:00:00,No,SERERE,MOROTO,Cloudy,16:00:00,17:00:00,0,4,753,2,0,89,45,85,0,1,0,7,0,982,4,986,2,No,No,Yes,Evening Peak
251,Wandegeya,Cross Junction,Wandegeya CROSS JUNCTION-  Junction_count_data_entry - Copy.xlsx,Day 1,2026-08-02 00:00:00,No,SERERE,MOROTO,Cloudy,17:00:00,18:00:00,0,4,628,0,0,72,30,105,1,1,2,7,1,847,4,851,0,No,No,Yes,Evening Peak
252,Wandegeya,Cross Junction,Wandegeya CROSS JUNCTION-  Junction_count_data_entry - Copy.xlsx,Day 1,2026-08-02 00:00:00,No,SERERE,MOROTO,Cloudy,18:00:00,19:00:00,0,1,639,4,0,74,22,92,2,0,2,7,2,844,1,845,4,No,No,Yes,Evening Peak
253,Wandegeya,Cross Junction,Wandegeya CROSS JUNCTION-  Junction_count_data_entry - Copy.xlsx,Day 1,2026-08-02 00:00:00,No,SERERE,MBALE,Sunny,07:00:00,08:00:00,0,1,100,2,0,30,7,5,0,0,0,3,1,148,1,149,2,No,No,Yes,Morning Peak
254,Wandegeya,Cross Junction,Wandegeya CROSS JUNCTION-  Junction_count_data_entry - Copy.xlsx,Day 1,2026-08-02 00:00:00,No,SERERE,MBALE,Sunny,08:00:00,09:00:00,0,1,150,0,0,30,7,3,0,0,0,2,0,192,1,193,0,No,No,Yes,Morning Peak
255,Wandegeya,Cross Junction,Wandegeya CROSS JUNCTION-  Junction_count_data_entry - Copy.xlsx,Day 1,2026-08-02 00:00:00,No,SERERE,MBALE,Sunny,09:00:00,10:00:00,0,0,43,0,0,38,12,4,0,1,0,7,0,105,0,105,0,No,No,Yes,Morning Peak
256,Wandegeya,Cross Junction,Wandegeya CROSS JUNCTION-  Junction_count_data_entry - Copy.xlsx,Day 1,2026-08-02 00:00:00,No,SERERE,MBALE,Sunny,10:00:00,11:00:00,0,0,49,0,0,55,22,6,0,0,0,4,0,136,0,136,0,No,No,Yes,Midday / Off-Peak
257,Wandegeya,Cross Junction,Wandegeya CROSS JUNCTION-  Junction_count_data_entry - Copy.xlsx,Day 1,2026-08-02 00:00:00,No,SERERE,MBALE,Sunny,11:00:00,12:00:00,0,0,63,2,0,42,14,5,1,0,0,5,0,132,0,132,2,No,No,Yes,Midday / Off-Peak
258,Wandegeya,Cross Junction,Wandegeya CROSS JUNCTION-  Junction_count_data_entry - Copy.xlsx,Day 1,2026-08-02 00:00:00,No,SERERE,MBALE,Sunny,12:00:00,13:00:00,0,0,67,1,0,50,17,6,0,0,4,2,0,147,0,147,1,No,No,Yes,Midday / Off-Peak
259,Wandegeya,Cross Junction,Wandegeya CROSS JUNCTION-  Junction_count_data_entry - Copy.xlsx,Day 1,2026-08-02 00:00:00,No,SERERE,MBALE,Sunny,13:00:00,14:00:00,0,0,44,0,0,47,19,1,0,0,2,0,0,113,0,113,0,No,No,Yes,Midday / Off-Peak
260,Wandegeya,Cross Junction,Wandegeya CROSS JUNCTION-  Junction_count_data_entry - Copy.xlsx,Day 1,2026-08-02 00:00:00,No,SERERE,MBALE,Sunny,14:00:00,15:00:00,0,1,160,0,0,53,28,4,0,0,0,0,0,245,1,246,0,No,No,Yes,Midday / Off-Peak
261,Wandegeya,Cross Junction,Wandegeya CROSS JUNCTION-  Junction_count_data_entry - Copy.xlsx,Day 1,2026-08-02 00:00:00,No,SERERE,MBALE,Sunny,15:00:00,16:00:00,0,0,123,0,0,71,31,6,0,0,2,2,0,235,0,235,0,No,No,Yes,Midday / Off-Peak
262,Wandegeya,Cross Junction,Wandegeya CROSS JUNCTION-  Junction_count_data_entry - Copy.xlsx,Day 1,2026-08-02 00:00:00,No,SERERE,MBALE,Sunny,16:00:00,17:00:00,0,1,118,0,0,51,22,5,0,0,1,1,0,198,1,199,0,No,No,Yes,Evening Peak
263,Wandegeya,Cross Junction,Wandegeya CROSS JUNCTION-  Junction_count_data_entry - Copy.xlsx,Day 1,2026-08-02 00:00:00,No,SERERE,MBALE,Sunny,17:00:00,18:00:00,0,0,94,0,0,61,33,0,0,0,0,0,0,188,0,188,0,No,No,Yes,Evening Peak
264,Wandegeya,Cross Junction,Wandegeya CROSS JUNCTION-  Junction_count_data_entry - Copy.xlsx,Day 1,2026-08-02 00:00:00,No,SERERE,MBALE,Sunny,18:00:00,19:00:00,0,0,36,0,0,46,29,4,0,0,2,0,0,117,0,117,0,No,No,Yes,Evening Peak
265,Wandegeya,Cross Junction,Wandegeya CROSS JUNCTION-  Junction_count_data_entry - Copy.xlsx,Day 2,2026-08-03 00:00:00,No,,KAMPALA,Cloudy,07:00:00,08:00:00,0,20,475,0,0,41,29,29,0,0,2,3,0,579,20,599,0,No,No,Yes,Morning Peak
266,Wandegeya,Cross Junction,Wandegeya CROSS JUNCTION-  Junction_count_data_entry - Copy.xlsx,Day 2,2026-08-03 00:00:00,No,,KAMPALA,Cloudy,08:00:00,09:00:00,0,19,580,0,0,75,21,23,12,5,5,13,6,740,19,759,0,No,No,Yes,Morning Peak
267,Wandegeya,Cross Junction,Wandegeya CROSS JUNCTION-  Junction_count_data_entry - Copy.xlsx,Day 2,2026-08-03 00:00:00,No,,KAMPALA,Cloudy,09:00:00,10:00:00,0,10,384,0,0,71,27,31,12,6,4,6,4,545,10,555,0,No,No,Yes,Morning Peak
268,Wandegeya,Cross Junction,Wandegeya CROSS JUNCTION-  Junction_count_data_entry - Copy.xlsx,Day 2,2026-08-03 00:00:00,No,,KAMPALA,Cloudy,10:00:00,11:00:00,0,6,344,0,0,90,18,40,6,5,11,25,5,544,6,550,0,No,No,Yes,Midday / Off-Peak
269,Wandegeya,Cross Junction,Wandegeya CROSS JUNCTION-  Junction_count_data_entry - Copy.xlsx,Day 2,2026-08-03 00:00:00,No,,KAMPALA,Cloudy,11:00:00,12:00:00,0,3,378,2,0,65,10,70,15,5,15,25,10,595,3,598,2,No,No,Yes,Midday / Off-Peak
270,Wandegeya,Cross Junction,Wandegeya CROSS JUNCTION-  Junction_count_data_entry - Copy.xlsx,Day 2,2026-08-03 00:00:00,No,,KAMPALA,Cloudy,12:00:00,13:00:00,0,1,372,2,0,45,15,35,10,10,15,10,10,524,1,525,2,No,No,Yes,Midday / Off-Peak
271,Wandegeya,Cross Junction,Wandegeya CROSS JUNCTION-  Junction_count_data_entry - Copy.xlsx,Day 2,2026-08-03 00:00:00,No,,KAMPALA,Cloudy,13:00:00,14:00:00,0,6,253,0,0,55,10,30,5,0,15,15,10,393,6,399,0,No,No,Yes,Midday / Off-Peak
272,Wandegeya,Cross Junction,Wandegeya CROSS JUNCTION-  Junction_count_data_entry - Copy.xlsx,Day 2,2026-08-03 00:00:00,No,,KAMPALA,Cloudy,14:00:00,15:00:00,0,1,173,0,0,40,16,20,10,0,15,15,15,304,1,305,0,No,No,Yes,Midday / Off-Peak
273,Wandegeya,Cross Junction,Wandegeya CROSS JUNCTION-  Junction_count_data_entry - Copy.xlsx,Day 2,2026-08-03 00:00:00,No,,KAMPALA,Cloudy,15:00:00,16:00:00,0,2,205,0,0,60,45,27,5,0,10,15,10,377,2,379,0,No,No,Yes,Midday / Off-Peak
274,Wandegeya,Cross Junction,Wandegeya CROSS JUNCTION-  Junction_count_data_entry - Copy.xlsx,Day 2,2026-08-03 00:00:00,No,,KAMPALA,Cloudy,16:00:00,17:00:00,0,0,280,3,0,50,31,25,3,5,6,15,10,428,0,428,3,No,No,Yes,Evening Peak
275,Wandegeya,Cross Junction,Wandegeya CROSS JUNCTION-  Junction_count_data_entry - Copy.xlsx,Day 2,2026-08-03 00:00:00,No,,KAMPALA,Cloudy,17:00:00,18:00:00,0,6,145,0,0,30,15,5,2,5,2,3,2,209,6,215,0,No,No,Yes,Evening Peak
276,Wandegeya,Cross Junction,Wandegeya CROSS JUNCTION-  Junction_count_data_entry - Copy.xlsx,Day 2,2026-08-03 00:00:00,No,,KAMPALA,Cloudy,18:00:00,19:00:00,0,5,113,0,0,20,10,5,5,0,5,10,5,173,5,178,0,No,No,Yes,Evening Peak
277,Wandegeya,Cross Junction,Wandegeya CROSS JUNCTION-  Junction_count_data_entry - Copy.xlsx,Day 2,2026-08-03 00:00:00,No,,MAKERERE,Cloudy,07:00:00,08:00:00,0,4,847,2,0,110,45,8,0,0,0,3,0,1015,4,1019,2,No,No,Yes,Morning Peak
278,Wandegeya,Cross Junction,Wandegeya CROSS JUNCTION-  Junction_count_data_entry - Copy.xlsx,Day 2,2026-08-03 00:00:00,No,,MAKERERE,Cloudy,08:00:00,09:00:00,0,3,1265,2,0,155,55,24,0,0,2,7,6,1516,3,1519,2,No,No,Yes,Morning Peak
279,Wandegeya,Cross Junction,Wandegeya CROSS JUNCTION-  Junction_count_data_entry - Copy.xlsx,Day 2,2026-08-03 00:00:00,No,,MAKERERE,Cloudy,09:00:00,10:00:00,0,1,1386,2,1,135,40,30,0,0,0,4,0,1598,1,1599,3,No,No,Yes,Morning Peak
280,Wandegeya,Cross Junction,Wandegeya CROSS JUNCTION-  Junction_count_data_entry - Copy.xlsx,Day 2,2026-08-03 00:00:00,No,,MAKERERE,Cloudy,10:00:00,11:00:00,0,5,774,1,2,165,45,40,0,0,0,5,0,1032,5,1037,3,No,No,Yes,Midday / Off-Peak
281,Wandegeya,Cross Junction,Wandegeya CROSS JUNCTION-  Junction_count_data_entry - Copy.xlsx,Day 2,2026-08-03 00:00:00,No,,MAKERERE,Cloudy,11:00:00,12:00:00,0,4,982,3,2,180,57,25,10,0,0,0,0,1259,4,1263,5,No,No,Yes,Midday / Off-Peak
282,Wandegeya,Cross Junction,Wandegeya CROSS JUNCTION-  Junction_count_data_entry - Copy.xlsx,Day 2,2026-08-03 00:00:00,No,,MAKERERE,Cloudy,12:00:00,13:00:00,0,0,892,5,1,135,35,30,0,0,0,0,0,1098,0,1098,6,No,No,Yes,Midday / Off-Peak
283,Wandegeya,Cross Junction,Wandegeya CROSS JUNCTION-  Junction_count_data_entry - Copy.xlsx,Day 2,2026-08-03 00:00:00,No,,MAKERERE,Cloudy,13:00:00,14:00:00,0,3,718,2,0,140,45,25,0,0,10,0,5,945,3,948,2,No,No,Yes,Midday / Off-Peak
284,Wandegeya,Cross Junction,Wandegeya CROSS JUNCTION-  Junction_count_data_entry - Copy.xlsx,Day 2,2026-08-03 00:00:00,No,,MAKERERE,Cloudy,14:00:00,15:00:00,0,1,489,1,0,140,65,15,0,0,0,0,0,710,1,711,1,No,No,Yes,Midday / Off-Peak
285,Wandegeya,Cross Junction,Wandegeya CROSS JUNCTION-  Junction_count_data_entry - Copy.xlsx,Day 2,2026-08-03 00:00:00,No,,MAKERERE,Cloudy,15:00:00,16:00:00,0,5,933,3,1,210,90,7,0,0,0,5,5,1254,5,1259,4,No,No,Yes,Midday / Off-Peak
286,Wandegeya,Cross Junction,Wandegeya CROSS JUNCTION-  Junction_count_data_entry - Copy.xlsx,Day 2,2026-08-03 00:00:00,No,,MAKERERE,Cloudy,16:00:00,17:00:00,0,0,937,5,2,140,50,20,0,0,12,7,0,1173,0,1173,7,No,No,Yes,Evening Peak
287,Wandegeya,Cross Junction,Wandegeya CROSS JUNCTION-  Junction_count_data_entry - Copy.xlsx,Day 2,2026-08-03 00:00:00,No,,MAKERERE,Cloudy,17:00:00,18:00:00,0,2,1162,3,0,115,45,20,0,0,5,0,0,1350,2,1352,3,No,No,Yes,Evening Peak
288,Wandegeya,Cross Junction,Wandegeya CROSS JUNCTION-  Junction_count_data_entry - Copy.xlsx,Day 2,2026-08-03 00:00:00,No,,MAKERERE,Cloudy,18:00:00,19:00:00,0,6,886,3,0,100,25,15,0,0,0,0,0,1029,6,1035,3,No,No,Yes,Evening Peak
289,Wandegeya,Cross Junction,Wandegeya CROSS JUNCTION-  Junction_count_data_entry - Copy.xlsx,Day 2,2026-08-03 00:00:00,No,,KUBILI,Sunny,07:00:00,08:00:00,0,0,23,0,0,30,21,4,0,0,0,2,0,80,0,80,0,No,No,Yes,Morning Peak
290,Wandegeya,Cross Junction,Wandegeya CROSS JUNCTION-  Junction_count_data_entry - Copy.xlsx,Day 2,2026-08-03 00:00:00,No,,KUBILI,Sunny,08:00:00,09:00:00,0,0,14,0,0,35,10,12,3,0,0,3,2,79,0,79,0,No,No,Yes,Morning Peak
291,Wandegeya,Cross Junction,Wandegeya CROSS JUNCTION-  Junction_count_data_entry - Copy.xlsx,Day 2,2026-08-03 00:00:00,No,,KUBILI,Sunny,09:00:00,10:00:00,0,0,12,0,0,28,16,12,3,0,3,0,4,78,0,78,0,No,No,Yes,Morning Peak
292,Wandegeya,Cross Junction,Wandegeya CROSS JUNCTION-  Junction_count_data_entry - Copy.xlsx,Day 2,2026-08-03 00:00:00,No,,KUBILI,Sunny,10:00:00,11:00:00,0,0,85,0,0,22,16,25,0,0,0,5,10,163,0,163,0,No,No,Yes,Midday / Off-Peak
293,Wandegeya,Cross Junction,Wandegeya CROSS JUNCTION-  Junction_count_data_entry - Copy.xlsx,Day 2,2026-08-03 00:00:00,No,,KUBILI,Sunny,11:00:00,12:00:00,0,0,28,1,0,50,8,25,10,0,5,5,5,137,0,137,1,No,No,Yes,Midday / Off-Peak
294,Wandegeya,Cross Junction,Wandegeya CROSS JUNCTION-  Junction_count_data_entry - Copy.xlsx,Day 2,2026-08-03 00:00:00,No,,KUBILI,Sunny,12:00:00,13:00:00,0,0,53,0,0,30,10,20,0,0,0,5,0,118,0,118,0,No,No,Yes,Midday / Off-Peak
295,Wandegeya,Cross Junction,Wandegeya CROSS JUNCTION-  Junction_count_data_entry - Copy.xlsx,Day 2,2026-08-03 00:00:00,No,,KUBILI,Sunny,13:00:00,14:00:00,0,0,25,0,0,35,15,20,5,0,5,0,0,105,0,105,0,No,No,Yes,Midday / Off-Peak
296,Wandegeya,Cross Junction,Wandegeya CROSS JUNCTION-  Junction_count_data_entry - Copy.xlsx,Day 2,2026-08-03 00:00:00,No,,KUBILI,Sunny,14:00:00,15:00:00,0,0,5,0,0,32,31,12,0,0,5,0,0,85,0,85,0,No,No,Yes,Midday / Off-Peak
297,Wandegeya,Cross Junction,Wandegeya CROSS JUNCTION-  Junction_count_data_entry - Copy.xlsx,Day 2,2026-08-03 00:00:00,No,,KUBILI,Sunny,15:00:00,16:00:00,0,0,22,2,0,55,85,15,0,0,0,5,0,184,0,184,2,No,No,Yes,Midday / Off-Peak
298,Wandegeya,Cross Junction,Wandegeya CROSS JUNCTION-  Junction_count_data_entry - Copy.xlsx,Day 2,2026-08-03 00:00:00,No,,KUBILI,Sunny,16:00:00,17:00:00,0,1,25,0,0,60,30,10,2,0,5,0,0,132,1,133,0,No,No,Yes,Evening Peak
299,Wandegeya,Cross Junction,Wandegeya CROSS JUNCTION-  Junction_count_data_entry - Copy.xlsx,Day 2,2026-08-03 00:00:00,No,,KUBILI,Sunny,17:00:00,18:00:00,0,0,14,1,0,50,40,10,0,0,0,7,0,122,0,122,1,No,No,Yes,Evening Peak
300,Wandegeya,Cross Junction,Wandegeya CROSS JUNCTION-  Junction_count_data_entry - Copy.xlsx,Day 2,2026-08-03 00:00:00,No,,KUBILI,Sunny,18:00:00,19:00:00,0,0,33,0,0,55,15,5,0,0,0,0,0,108,0,108,0,No,No,Yes,Evening Peak
301,Wandegeya,Cross Junction,Wandegeya CROSS JUNCTION-  Junction_count_data_entry - Copy.xlsx,Day 2,2026-08-03 00:00:00,No,,MULAGO,Sunny,07:00:00,08:00:00,0,6,675,0,0,29,15,77,0,2,0,0,0,798,6,804,0,No,No,Yes,Morning Peak
302,Wandegeya,Cross Junction,Wandegeya CROSS JUNCTION-  Junction_count_data_entry - Copy.xlsx,Day 2,2026-08-03 00:00:00,No,,MULAGO,Sunny,08:00:00,09:00:00,0,9,825,3,0,48,4,114,0,1,2,1,0,998,9,1007,3,No,No,Yes,Morning Peak
303,Wandegeya,Cross Junction,Wandegeya CROSS JUNCTION-  Junction_count_data_entry - Copy.xlsx,Day 2,2026-08-03 00:00:00,No,,MULAGO,Sunny,09:00:00,10:00:00,0,0,950,0,0,71,11,62,1,0,2,0,1,1098,0,1098,0,No,No,Yes,Morning Peak
304,Wandegeya,Cross Junction,Wandegeya CROSS JUNCTION-  Junction_count_data_entry - Copy.xlsx,Day 2,2026-08-03 00:00:00,No,,MULAGO,Sunny,10:00:00,11:00:00,0,4,775,7,0,32,6,85,0,0,2,5,0,912,4,916,7,No,No,Yes,Midday / Off-Peak
305,Wandegeya,Cross Junction,Wandegeya CROSS JUNCTION-  Junction_count_data_entry - Copy.xlsx,Day 2,2026-08-03 00:00:00,No,,MULAGO,Sunny,11:00:00,12:00:00,0,0,740,0,0,74,30,127,0,2,2,0,1,976,0,976,0,No,No,Yes,Midday / Off-Peak
306,Wandegeya,Cross Junction,Wandegeya CROSS JUNCTION-  Junction_count_data_entry - Copy.xlsx,Day 2,2026-08-03 00:00:00,No,,MULAGO,Sunny,12:00:00,13:00:00,0,2,675,7,0,101,5,120,4,1,0,1,0,914,2,916,7,No,No,Yes,Midday / Off-Peak
307,Wandegeya,Cross Junction,Wandegeya CROSS JUNCTION-  Junction_count_data_entry - Copy.xlsx,Day 2,2026-08-03 00:00:00,No,,MULAGO,Sunny,13:00:00,14:00:00,0,3,910,0,0,91,8,122,1,2,2,8,1,1145,3,1148,0,No,No,Yes,Midday / Off-Peak
308,Wandegeya,Cross Junction,Wandegeya CROSS JUNCTION-  Junction_count_data_entry - Copy.xlsx,Day 2,2026-08-03 00:00:00,No,,MULAGO,Sunny,14:00:00,15:00:00,0,2,625,13,0,75,18,87,0,4,2,2,0,826,2,828,13,No,No,Yes,Midday / Off-Peak
309,Wandegeya,Cross Junction,Wandegeya CROSS JUNCTION-  Junction_count_data_entry - Copy.xlsx,Day 2,2026-08-03 00:00:00,No,,MULAGO,Sunny,15:00:00,16:00:00,0,0,834,0,0,159,10,128,0,2,2,3,0,1138,0,1138,0,No,No,Yes,Midday / Off-Peak
310,Wandegeya,Cross Junction,Wandegeya CROSS JUNCTION-  Junction_count_data_entry - Copy.xlsx,Day 2,2026-08-03 00:00:00,No,,MULAGO,Sunny,16:00:00,17:00:00,0,0,900,0,0,319,18,123,2,2,6,3,1,1374,0,1374,0,No,No,Yes,Evening Peak
311,Wandegeya,Cross Junction,Wandegeya CROSS JUNCTION-  Junction_count_data_entry - Copy.xlsx,Day 2,2026-08-03 00:00:00,No,,MULAGO,Sunny,17:00:00,18:00:00,0,12,950,0,0,240,29,120,1,3,6,1,1,1351,12,1363,0,No,No,Yes,Evening Peak
312,Wandegeya,Cross Junction,Wandegeya CROSS JUNCTION-  Junction_count_data_entry - Copy.xlsx,Day 2,2026-08-03 00:00:00,No,,MULAGO,Sunny,18:00:00,19:00:00,0,0,575,0,0,240,33,133,0,1,1,1,2,986,0,986,0,No,No,Yes,Evening Peak
313,Wandegeya,Cross Junction,Wandegeya CROSS JUNCTION-  Junction_count_data_entry - Copy.xlsx,Day 2,2026-08-03 00:00:00,No,,KUBILI,Sunny,07:00:00,08:00:00,0,7,525,0,0,18,4,120,2,5,2,4,0,680,7,687,0,No,No,Yes,Morning Peak
314,Wandegeya,Cross Junction,Wandegeya CROSS JUNCTION-  Junction_count_data_entry - Copy.xlsx,Day 2,2026-08-03 00:00:00,No,,KUBILI,Sunny,08:00:00,09:00:00,0,3,675,1,0,32,4,163,0,0,0,2,0,877,3,880,1,No,No,Yes,Morning Peak
315,Wandegeya,Cross Junction,Wandegeya CROSS JUNCTION-  Junction_count_data_entry - Copy.xlsx,Day 2,2026-08-03 00:00:00,No,,KUBILI,Sunny,09:00:00,10:00:00,0,0,825,0,0,50,5,143,0,2,5,3,0,1033,0,1033,0,No,No,Yes,Morning Peak
316,Wandegeya,Cross Junction,Wandegeya CROSS JUNCTION-  Junction_count_data_entry - Copy.xlsx,Day 2,2026-08-03 00:00:00,No,,KUBILI,Sunny,10:00:00,11:00:00,0,0,650,2,0,36,5,108,1,1,3,5,0,811,0,811,2,No,No,Yes,Midday / Off-Peak
317,Wandegeya,Cross Junction,Wandegeya CROSS JUNCTION-  Junction_count_data_entry - Copy.xlsx,Day 2,2026-08-03 00:00:00,No,,KUBILI,Sunny,11:00:00,12:00:00,0,0,825,0,0,132,15,145,0,2,1,10,0,1130,0,1130,0,No,No,Yes,Midday / Off-Peak
318,Wandegeya,Cross Junction,Wandegeya CROSS JUNCTION-  Junction_count_data_entry - Copy.xlsx,Day 2,2026-08-03 00:00:00,No,,KUBILI,Sunny,12:00:00,13:00:00,0,0,564,0,0,121,2,130,1,1,1,6,0,826,0,826,0,No,No,Yes,Midday / Off-Peak
319,Wandegeya,Cross Junction,Wandegeya CROSS JUNCTION-  Junction_count_data_entry - Copy.xlsx,Day 2,2026-08-03 00:00:00,No,,KUBILI,Sunny,13:00:00,14:00:00,0,0,700,0,0,63,9,168,0,0,2,0,1,943,0,943,0,No,No,Yes,Midday / Off-Peak
320,Wandegeya,Cross Junction,Wandegeya CROSS JUNCTION-  Junction_count_data_entry - Copy.xlsx,Day 2,2026-08-03 00:00:00,No,,KUBILI,Sunny,14:00:00,15:00:00,0,1,800,3,0,145,12,140,1,0,0,6,0,1107,1,1108,3,No,No,Yes,Midday / Off-Peak
321,Wandegeya,Cross Junction,Wandegeya CROSS JUNCTION-  Junction_count_data_entry - Copy.xlsx,Day 2,2026-08-03 00:00:00,No,,KUBILI,Sunny,15:00:00,16:00:00,0,0,750,0,0,193,33,168,2,1,0,2,1,1150,0,1150,0,No,No,Yes,Midday / Off-Peak
322,Wandegeya,Cross Junction,Wandegeya CROSS JUNCTION-  Junction_count_data_entry - Copy.xlsx,Day 2,2026-08-03 00:00:00,No,,KUBILI,Sunny,16:00:00,17:00:00,0,0,750,0,0,210,26,135,0,3,1,7,3,1135,0,1135,0,No,No,Yes,Evening Peak
323,Wandegeya,Cross Junction,Wandegeya CROSS JUNCTION-  Junction_count_data_entry - Copy.xlsx,Day 2,2026-08-03 00:00:00,No,,KUBILI,Sunny,17:00:00,18:00:00,0,0,750,0,0,200,13,132,3,3,4,5,1,1111,0,1111,0,No,No,Yes,Evening Peak
324,Wandegeya,Cross Junction,Wandegeya CROSS JUNCTION-  Junction_count_data_entry - Copy.xlsx,Day 2,2026-08-03 00:00:00,No,,KUBILI,Sunny,18:00:00,19:00:00,0,0,425,0,0,223,23,148,0,6,8,6,3,842,0,842,0,No,No,Yes,Evening Peak
325,Wandegeya,Cross Junction,Wandegeya CROSS JUNCTION-  Junction_count_data_entry - Copy.xlsx,Day 2,2026-08-03 00:00:00,No,,MAKERERE,Sunny,07:00:00,08:00:00,0,0,575,0,0,16,2,0,0,0,0,0,0,593,0,593,0,No,No,Yes,Morning Peak
326,Wandegeya,Cross Junction,Wandegeya CROSS JUNCTION-  Junction_count_data_entry - Copy.xlsx,Day 2,2026-08-03 00:00:00,No,,MAKERERE,Sunny,08:00:00,09:00:00,0,0,650,5,0,19,0,1,1,0,1,0,1,678,0,678,5,No,No,Yes,Morning Peak
327,Wandegeya,Cross Junction,Wandegeya CROSS JUNCTION-  Junction_count_data_entry - Copy.xlsx,Day 2,2026-08-03 00:00:00,No,,MAKERERE,Sunny,09:00:00,10:00:00,0,0,900,0,0,28,4,3,0,0,0,2,0,937,0,937,0,No,No,Yes,Morning Peak
328,Wandegeya,Cross Junction,Wandegeya CROSS JUNCTION-  Junction_count_data_entry - Copy.xlsx,Day 2,2026-08-03 00:00:00,No,,MAKERERE,Sunny,10:00:00,11:00:00,0,2,755,0,0,28,12,14,0,1,2,3,0,815,2,817,0,No,No,Yes,Midday / Off-Peak
329,Wandegeya,Cross Junction,Wandegeya CROSS JUNCTION-  Junction_count_data_entry - Copy.xlsx,Day 2,2026-08-03 00:00:00,No,,MAKERERE,Sunny,11:00:00,12:00:00,0,0,650,0,0,43,3,8,0,1,2,2,0,709,0,709,0,No,No,Yes,Midday / Off-Peak
330,Wandegeya,Cross Junction,Wandegeya CROSS JUNCTION-  Junction_count_data_entry - Copy.xlsx,Day 2,2026-08-03 00:00:00,No,,MAKERERE,Sunny,12:00:00,13:00:00,0,1,425,0,0,79,0,3,0,0,0,1,2,510,1,511,0,No,No,Yes,Midday / Off-Peak
331,Wandegeya,Cross Junction,Wandegeya CROSS JUNCTION-  Junction_count_data_entry - Copy.xlsx,Day 2,2026-08-03 00:00:00,No,,MAKERERE,Sunny,13:00:00,14:00:00,0,0,750,0,0,41,8,21,2,0,0,1,0,823,0,823,0,No,No,Yes,Midday / Off-Peak
332,Wandegeya,Cross Junction,Wandegeya CROSS JUNCTION-  Junction_count_data_entry - Copy.xlsx,Day 2,2026-08-03 00:00:00,No,,MAKERERE,Sunny,14:00:00,15:00:00,0,0,650,1,0,70,2,8,2,1,0,0,0,734,0,734,1,No,No,Yes,Midday / Off-Peak
333,Wandegeya,Cross Junction,Wandegeya CROSS JUNCTION-  Junction_count_data_entry - Copy.xlsx,Day 2,2026-08-03 00:00:00,No,,MAKERERE,Sunny,15:00:00,16:00:00,0,0,618,0,0,74,4,18,4,1,2,1,0,722,0,722,0,No,No,Yes,Midday / Off-Peak
334,Wandegeya,Cross Junction,Wandegeya CROSS JUNCTION-  Junction_count_data_entry - Copy.xlsx,Day 2,2026-08-03 00:00:00,No,,MAKERERE,Sunny,16:00:00,17:00:00,0,0,658,0,0,75,21,3,0,0,6,1,2,766,0,766,0,No,No,Yes,Evening Peak
335,Wandegeya,Cross Junction,Wandegeya CROSS JUNCTION-  Junction_count_data_entry - Copy.xlsx,Day 2,2026-08-03 00:00:00,No,,MAKERERE,Sunny,17:00:00,18:00:00,0,0,825,0,0,106,8,3,0,2,0,1,0,945,0,945,0,No,No,Yes,Evening Peak
336,Wandegeya,Cross Junction,Wandegeya CROSS JUNCTION-  Junction_count_data_entry - Copy.xlsx,Day 2,2026-08-03 00:00:00,No,,MAKERERE,Sunny,18:00:00,19:00:00,0,0,225,0,0,139,17,12,0,1,0,3,0,397,0,397,0,No,No,Yes,Evening Peak
337,Wandegeya,Cross Junction,Wandegeya CROSS JUNCTION-  Junction_count_data_entry - Copy.xlsx,Day 2,2026-08-03 00:00:00,No,,CITY CENTRE,Cloudy,07:00:00,08:00:00,0,6,640,0,0,399,90,3,0,1,0,3,0,1136,6,1142,0,No,No,Yes,Morning Peak
338,Wandegeya,Cross Junction,Wandegeya CROSS JUNCTION-  Junction_count_data_entry - Copy.xlsx,Day 2,2026-08-03 00:00:00,No,,CITY CENTRE,Cloudy,08:00:00,09:00:00,0,2,720,1,0,360,90,6,0,0,2,9,1,1189,2,1191,1,No,No,Yes,Morning Peak
339,Wandegeya,Cross Junction,Wandegeya CROSS JUNCTION-  Junction_count_data_entry - Copy.xlsx,Day 2,2026-08-03 00:00:00,No,,CITY CENTRE,Cloudy,09:00:00,10:00:00,0,0,570,1,0,240,25,3,1,0,0,8,0,848,0,848,1,No,No,Yes,Morning Peak
340,Wandegeya,Cross Junction,Wandegeya CROSS JUNCTION-  Junction_count_data_entry - Copy.xlsx,Day 2,2026-08-03 00:00:00,No,,CITY CENTRE,Cloudy,10:00:00,11:00:00,0,3,475,2,0,148,20,7,0,0,0,1,5,658,3,661,2,No,No,Yes,Midday / Off-Peak
341,Wandegeya,Cross Junction,Wandegeya CROSS JUNCTION-  Junction_count_data_entry - Copy.xlsx,Day 2,2026-08-03 00:00:00,No,,CITY CENTRE,Cloudy,11:00:00,12:00:00,0,0,550,0,0,180,50,1,1,0,3,6,0,791,0,791,0,No,No,Yes,Midday / Off-Peak
342,Wandegeya,Cross Junction,Wandegeya CROSS JUNCTION-  Junction_count_data_entry - Copy.xlsx,Day 2,2026-08-03 00:00:00,No,,CITY CENTRE,Cloudy,12:00:00,13:00:00,0,0,560,3,0,163,18,0,0,0,0,7,1,752,0,752,3,No,No,Yes,Midday / Off-Peak
343,Wandegeya,Cross Junction,Wandegeya CROSS JUNCTION-  Junction_count_data_entry - Copy.xlsx,Day 2,2026-08-03 00:00:00,No,,CITY CENTRE,Cloudy,13:00:00,14:00:00,0,4,310,2,0,180,56,3,0,1,0,5,4,561,4,565,2,No,No,Yes,Midday / Off-Peak
344,Wandegeya,Cross Junction,Wandegeya CROSS JUNCTION-  Junction_count_data_entry - Copy.xlsx,Day 2,2026-08-03 00:00:00,No,,CITY CENTRE,Cloudy,14:00:00,15:00:00,0,0,453,3,0,119,19,5,1,1,0,2,0,603,0,603,3,No,No,Yes,Midday / Off-Peak
345,Wandegeya,Cross Junction,Wandegeya CROSS JUNCTION-  Junction_count_data_entry - Copy.xlsx,Day 2,2026-08-03 00:00:00,No,,CITY CENTRE,Cloudy,15:00:00,16:00:00,0,0,466,0,0,120,8,3,0,1,0,6,0,604,0,604,0,No,No,Yes,Midday / Off-Peak
346,Wandegeya,Cross Junction,Wandegeya CROSS JUNCTION-  Junction_count_data_entry - Copy.xlsx,Day 2,2026-08-03 00:00:00,No,,CITY CENTRE,Cloudy,16:00:00,17:00:00,0,8,454,3,0,150,25,3,3,1,0,8,0,647,8,655,3,No,No,Yes,Evening Peak
347,Wandegeya,Cross Junction,Wandegeya CROSS JUNCTION-  Junction_count_data_entry - Copy.xlsx,Day 2,2026-08-03 00:00:00,No,,CITY CENTRE,Cloudy,17:00:00,18:00:00,0,0,411,0,0,145,15,2,0,0,0,3,0,576,0,576,0,No,No,Yes,Evening Peak
348,Wandegeya,Cross Junction,Wandegeya CROSS JUNCTION-  Junction_count_data_entry - Copy.xlsx,Day 2,2026-08-03 00:00:00,No,,CITY CENTRE,Cloudy,18:00:00,19:00:00,0,0,428,0,0,140,10,2,0,1,1,2,1,585,0,585,0,No,No,Yes,Evening Peak
349,Wandegeya,Cross Junction,Wandegeya CROSS JUNCTION-  Junction_count_data_entry - Copy.xlsx,Day 2,2026-08-03 00:00:00,No,,MULAGO,Cloudy,07:00:00,08:00:00,0,7,620,1,0,295,75,1,0,0,0,2,1,995,7,1002,1,No,No,Yes,Morning Peak
350,Wandegeya,Cross Junction,Wandegeya CROSS JUNCTION-  Junction_count_data_entry - Copy.xlsx,Day 2,2026-08-03 00:00:00,No,,MULAGO,Cloudy,08:00:00,09:00:00,0,3,628,0,0,175,75,5,0,0,3,2,0,888,3,891,0,No,No,Yes,Morning Peak
351,Wandegeya,Cross Junction,Wandegeya CROSS JUNCTION-  Junction_count_data_entry - Copy.xlsx,Day 2,2026-08-03 00:00:00,No,,MULAGO,Cloudy,09:00:00,10:00:00,0,2,555,0,2,125,0,7,0,1,0,4,0,694,2,696,2,No,No,Yes,Morning Peak
352,Wandegeya,Cross Junction,Wandegeya CROSS JUNCTION-  Junction_count_data_entry - Copy.xlsx,Day 2,2026-08-03 00:00:00,No,,MULAGO,Cloudy,10:00:00,11:00:00,0,0,245,5,0,100,23,17,0,5,0,0,3,398,0,398,5,No,No,Yes,Midday / Off-Peak
353,Wandegeya,Cross Junction,Wandegeya CROSS JUNCTION-  Junction_count_data_entry - Copy.xlsx,Day 2,2026-08-03 00:00:00,No,,MULAGO,Cloudy,11:00:00,12:00:00,0,0,543,1,0,145,25,11,0,0,0,4,1,730,0,730,1,No,No,Yes,Midday / Off-Peak
354,Wandegeya,Cross Junction,Wandegeya CROSS JUNCTION-  Junction_count_data_entry - Copy.xlsx,Day 2,2026-08-03 00:00:00,No,,MULAGO,Cloudy,12:00:00,13:00:00,0,0,475,3,0,105,20,10,1,1,0,0,0,615,0,615,3,No,No,Yes,Midday / Off-Peak
355,Wandegeya,Cross Junction,Wandegeya CROSS JUNCTION-  Junction_count_data_entry - Copy.xlsx,Day 2,2026-08-03 00:00:00,No,,MULAGO,Cloudy,13:00:00,14:00:00,0,0,450,0,0,160,30,7,0,0,0,10,3,660,0,660,0,No,No,Yes,Midday / Off-Peak
356,Wandegeya,Cross Junction,Wandegeya CROSS JUNCTION-  Junction_count_data_entry - Copy.xlsx,Day 2,2026-08-03 00:00:00,No,,MULAGO,Cloudy,14:00:00,15:00:00,0,0,513,2,0,110,20,26,0,0,0,8,0,679,0,679,2,No,No,Yes,Midday / Off-Peak
357,Wandegeya,Cross Junction,Wandegeya CROSS JUNCTION-  Junction_count_data_entry - Copy.xlsx,Day 2,2026-08-03 00:00:00,No,,MULAGO,Cloudy,15:00:00,16:00:00,0,0,396,0,0,136,34,10,0,0,0,10,0,586,0,586,0,No,No,Yes,Midday / Off-Peak
358,Wandegeya,Cross Junction,Wandegeya CROSS JUNCTION-  Junction_count_data_entry - Copy.xlsx,Day 2,2026-08-03 00:00:00,No,,MULAGO,Cloudy,16:00:00,17:00:00,0,0,498,5,0,154,25,17,0,1,0,3,0,703,0,703,5,No,No,Yes,Evening Peak
359,Wandegeya,Cross Junction,Wandegeya CROSS JUNCTION-  Junction_count_data_entry - Copy.xlsx,Day 2,2026-08-03 00:00:00,No,,MULAGO,Cloudy,17:00:00,18:00:00,0,3,422,2,0,170,38,11,0,0,2,5,0,650,3,653,2,No,No,Yes,Evening Peak
360,Wandegeya,Cross Junction,Wandegeya CROSS JUNCTION-  Junction_count_data_entry - Copy.xlsx,Day 2,2026-08-03 00:00:00,No,,MULAGO,Cloudy,18:00:00,19:00:00,0,2,502,2,0,147,28,10,0,0,4,3,1,697,2,699,2,No,No,Yes,Evening Peak
361,Wandegeya,Cross Junction,Wandegeya CROSS JUNCTION-  Junction_count_data_entry - Copy.xlsx,Day 2,2026-08-03 00:00:00,No,,KUBILI,Cloudy,07:00:00,08:00:00,0,1,2,0,0,40,8,0,0,0,0,0,0,50,1,51,0,No,No,Yes,Morning Peak
362,Wandegeya,Cross Junction,Wandegeya CROSS JUNCTION-  Junction_count_data_entry - Copy.xlsx,Day 2,2026-08-03 00:00:00,No,,KUBILI,Cloudy,08:00:00,09:00:00,0,0,5,0,0,26,10,0,0,0,0,1,0,42,0,42,0,No,No,Yes,Morning Peak
363,Wandegeya,Cross Junction,Wandegeya CROSS JUNCTION-  Junction_count_data_entry - Copy.xlsx,Day 2,2026-08-03 00:00:00,No,,KUBILI,Cloudy,09:00:00,10:00:00,0,0,15,0,0,22,8,0,0,0,0,1,0,46,0,46,0,No,No,Yes,Morning Peak
364,Wandegeya,Cross Junction,Wandegeya CROSS JUNCTION-  Junction_count_data_entry - Copy.xlsx,Day 2,2026-08-03 00:00:00,No,,KUBILI,Cloudy,10:00:00,11:00:00,0,0,20,2,0,35,20,0,0,0,0,0,2,79,0,79,2,No,No,Yes,Midday / Off-Peak
365,Wandegeya,Cross Junction,Wandegeya CROSS JUNCTION-  Junction_count_data_entry - Copy.xlsx,Day 2,2026-08-03 00:00:00,No,,KUBILI,Cloudy,11:00:00,12:00:00,0,0,0,0,0,50,10,1,0,0,0,1,0,62,0,62,0,No,No,Yes,Midday / Off-Peak
366,Wandegeya,Cross Junction,Wandegeya CROSS JUNCTION-  Junction_count_data_entry - Copy.xlsx,Day 2,2026-08-03 00:00:00,No,,KUBILI,Cloudy,12:00:00,13:00:00,0,0,0,0,0,50,7,1,0,1,0,1,0,60,0,60,0,No,No,Yes,Midday / Off-Peak
367,Wandegeya,Cross Junction,Wandegeya CROSS JUNCTION-  Junction_count_data_entry - Copy.xlsx,Day 2,2026-08-03 00:00:00,No,,KUBILI,Cloudy,13:00:00,14:00:00,0,0,22,0,0,30,25,1,0,0,0,0,0,78,0,78,0,No,No,Yes,Midday / Off-Peak
368,Wandegeya,Cross Junction,Wandegeya CROSS JUNCTION-  Junction_count_data_entry - Copy.xlsx,Day 2,2026-08-03 00:00:00,No,,KUBILI,Cloudy,14:00:00,15:00:00,0,0,19,0,0,50,6,0,0,0,0,1,0,76,0,76,0,No,No,Yes,Midday / Off-Peak
369,Wandegeya,Cross Junction,Wandegeya CROSS JUNCTION-  Junction_count_data_entry - Copy.xlsx,Day 2,2026-08-03 00:00:00,No,,KUBILI,Cloudy,15:00:00,16:00:00,0,0,0,0,0,25,5,2,0,1,0,0,0,33,0,33,0,No,No,Yes,Midday / Off-Peak
370,Wandegeya,Cross Junction,Wandegeya CROSS JUNCTION-  Junction_count_data_entry - Copy.xlsx,Day 2,2026-08-03 00:00:00,No,,KUBILI,Cloudy,16:00:00,17:00:00,0,0,0,0,0,50,5,4,0,0,0,0,0,59,0,59,0,No,No,Yes,Evening Peak
371,Wandegeya,Cross Junction,Wandegeya CROSS JUNCTION-  Junction_count_data_entry - Copy.xlsx,Day 2,2026-08-03 00:00:00,No,,KUBILI,Cloudy,17:00:00,18:00:00,0,0,1,0,0,14,5,4,0,1,1,0,0,26,0,26,0,No,No,Yes,Evening Peak
372,Wandegeya,Cross Junction,Wandegeya CROSS JUNCTION-  Junction_count_data_entry - Copy.xlsx,Day 2,2026-08-03 00:00:00,No,,KUBILI,Cloudy,18:00:00,19:00:00,0,0,3,0,0,25,25,1,0,0,0,1,0,55,0,55,0,No,No,Yes,Evening Peak
373,Wandegeya,Cross Junction,Wandegeya CROSS JUNCTION-  Junction_count_data_entry - Copy.xlsx,Day 2,2026-08-03 00:00:00,No,,MULAGO,Sunny,07:00:00,08:00:00,0,6,99,0,0,5,1,0,0,0,0,0,0,105,6,111,0,No,No,Yes,Morning Peak
374,Wandegeya,Cross Junction,Wandegeya CROSS JUNCTION-  Junction_count_data_entry - Copy.xlsx,Day 2,2026-08-03 00:00:00,No,,MULAGO,Sunny,08:00:00,09:00:00,0,0,119,0,0,2,0,0,0,0,0,0,0,121,0,121,0,No,No,Yes,Morning Peak
375,Wandegeya,Cross Junction,Wandegeya CROSS JUNCTION-  Junction_count_data_entry - Copy.xlsx,Day 2,2026-08-03 00:00:00,No,,MULAGO,Sunny,09:00:00,10:00:00,0,0,63,0,0,5,3,1,0,0,0,1,0,73,0,73,0,No,No,Yes,Morning Peak
376,Wandegeya,Cross Junction,Wandegeya CROSS JUNCTION-  Junction_count_data_entry - Copy.xlsx,Day 2,2026-08-03 00:00:00,No,,MULAGO,Sunny,10:00:00,11:00:00,0,0,103,0,0,11,9,0,0,0,0,0,0,123,0,123,0,No,No,Yes,Midday / Off-Peak
377,Wandegeya,Cross Junction,Wandegeya CROSS JUNCTION-  Junction_count_data_entry - Copy.xlsx,Day 2,2026-08-03 00:00:00,No,,MULAGO,Sunny,11:00:00,12:00:00,0,0,194,0,0,5,3,1,0,0,0,0,0,203,0,203,0,No,No,Yes,Midday / Off-Peak
378,Wandegeya,Cross Junction,Wandegeya CROSS JUNCTION-  Junction_count_data_entry - Copy.xlsx,Day 2,2026-08-03 00:00:00,No,,MULAGO,Sunny,12:00:00,13:00:00,0,0,56,0,0,6,2,0,0,0,0,0,0,64,0,64,0,No,No,Yes,Midday / Off-Peak
379,Wandegeya,Cross Junction,Wandegeya CROSS JUNCTION-  Junction_count_data_entry - Copy.xlsx,Day 2,2026-08-03 00:00:00,No,,MULAGO,Sunny,13:00:00,14:00:00,0,0,114,0,0,2,2,0,0,0,0,0,0,118,0,118,0,No,No,Yes,Midday / Off-Peak
380,Wandegeya,Cross Junction,Wandegeya CROSS JUNCTION-  Junction_count_data_entry - Copy.xlsx,Day 2,2026-08-03 00:00:00,No,,MULAGO,Sunny,14:00:00,15:00:00,0,0,105,0,0,7,5,0,0,0,0,0,0,117,0,117,0,No,No,Yes,Midday / Off-Peak
381,Wandegeya,Cross Junction,Wandegeya CROSS JUNCTION-  Junction_count_data_entry - Copy.xlsx,Day 2,2026-08-03 00:00:00,No,,MULAGO,Sunny,15:00:00,16:00:00,0,0,42,0,0,6,1,0,0,0,0,0,0,49,0,49,0,No,No,Yes,Midday / Off-Peak
382,Wandegeya,Cross Junction,Wandegeya CROSS JUNCTION-  Junction_count_data_entry - Copy.xlsx,Day 2,2026-08-03 00:00:00,No,,MULAGO,Sunny,16:00:00,17:00:00,0,0,69,0,0,3,4,1,0,0,0,0,0,77,0,77,0,No,No,Yes,Evening Peak
383,Wandegeya,Cross Junction,Wandegeya CROSS JUNCTION-  Junction_count_data_entry - Copy.xlsx,Day 2,2026-08-03 00:00:00,No,,MULAGO,Sunny,17:00:00,18:00:00,0,1,57,0,0,3,2,1,0,0,0,0,0,63,1,64,0,No,No,Yes,Evening Peak
384,Wandegeya,Cross Junction,Wandegeya CROSS JUNCTION-  Junction_count_data_entry - Copy.xlsx,Day 2,2026-08-03 00:00:00,No,,MULAGO,Sunny,18:00:00,19:00:00,0,2,86,0,0,4,1,0,0,0,0,0,0,91,2,93,0,No,No,Yes,Evening Peak
385,Wandegeya,Cross Junction,Wandegeya CROSS JUNCTION-  Junction_count_data_entry - Copy.xlsx,Day 2,2026-08-03 00:00:00,No,,CITY CENTER,Sunny,07:00:00,08:00:00,0,61,875,3,0,385,175,258,11,3,3,10,0,1723,61,1784,3,No,No,Yes,Morning Peak
386,Wandegeya,Cross Junction,Wandegeya CROSS JUNCTION-  Junction_count_data_entry - Copy.xlsx,Day 2,2026-08-03 00:00:00,No,,CITY CENTER,Sunny,08:00:00,09:00:00,0,23,1050,0,0,246,96,145,6,1,5,10,0,1559,23,1582,0,No,No,Yes,Morning Peak
387,Wandegeya,Cross Junction,Wandegeya CROSS JUNCTION-  Junction_count_data_entry - Copy.xlsx,Day 2,2026-08-03 00:00:00,No,,CITY CENTER,Sunny,09:00:00,10:00:00,0,25,900,2,0,175,131,215,9,4,4,10,0,1450,25,1475,2,No,No,Yes,Morning Peak
388,Wandegeya,Cross Junction,Wandegeya CROSS JUNCTION-  Junction_count_data_entry - Copy.xlsx,Day 2,2026-08-03 00:00:00,No,,CITY CENTER,Sunny,10:00:00,11:00:00,0,8,1025,0,0,124,95,230,0,0,1,7,0,1482,8,1490,0,No,No,Yes,Midday / Off-Peak
389,Wandegeya,Cross Junction,Wandegeya CROSS JUNCTION-  Junction_count_data_entry - Copy.xlsx,Day 2,2026-08-03 00:00:00,No,,CITY CENTER,Sunny,11:00:00,12:00:00,0,2,875,2,0,130,43,125,3,1,2,12,1,1194,2,1196,2,No,No,Yes,Midday / Off-Peak
390,Wandegeya,Cross Junction,Wandegeya CROSS JUNCTION-  Junction_count_data_entry - Copy.xlsx,Day 2,2026-08-03 00:00:00,No,,CITY CENTER,Sunny,12:00:00,13:00:00,1,4,1165,0,0,185,82,120,0,0,6,6,2,1566,5,1571,0,No,No,Yes,Midday / Off-Peak
391,Wandegeya,Cross Junction,Wandegeya CROSS JUNCTION-  Junction_count_data_entry - Copy.xlsx,Day 2,2026-08-03 00:00:00,No,,CITY CENTER,Sunny,13:00:00,14:00:00,0,11,768,1,0,143,92,155,1,0,6,11,1,1178,11,1189,1,No,No,Yes,Midday / Off-Peak
392,Wandegeya,Cross Junction,Wandegeya CROSS JUNCTION-  Junction_count_data_entry - Copy.xlsx,Day 2,2026-08-03 00:00:00,No,,CITY CENTER,Sunny,14:00:00,15:00:00,0,7,609,0,0,120,60,97,1,2,0,15,0,904,7,911,0,No,No,Yes,Midday / Off-Peak
393,Wandegeya,Cross Junction,Wandegeya CROSS JUNCTION-  Junction_count_data_entry - Copy.xlsx,Day 2,2026-08-03 00:00:00,No,,CITY CENTER,Sunny,15:00:00,16:00:00,0,11,737,3,0,88,45,73,2,3,7,8,0,966,11,977,3,No,No,Yes,Midday / Off-Peak
394,Wandegeya,Cross Junction,Wandegeya CROSS JUNCTION-  Junction_count_data_entry - Copy.xlsx,Day 2,2026-08-03 00:00:00,No,,CITY CENTER,Sunny,16:00:00,17:00:00,0,5,925,4,0,110,69,120,3,1,4,6,1,1243,5,1248,4,No,No,Yes,Evening Peak
395,Wandegeya,Cross Junction,Wandegeya CROSS JUNCTION-  Junction_count_data_entry - Copy.xlsx,Day 2,2026-08-03 00:00:00,No,,CITY CENTER,Sunny,17:00:00,18:00:00,0,2,828,2,0,99,46,130,3,5,6,13,1,1133,2,1135,2,No,No,Yes,Evening Peak
396,Wandegeya,Cross Junction,Wandegeya CROSS JUNCTION-  Junction_count_data_entry - Copy.xlsx,Day 2,2026-08-03 00:00:00,No,,CITY CENTER,Sunny,18:00:00,19:00:00,0,4,755,2,0,70,30,101,4,1,3,14,0,980,4,984,2,No,No,Yes,Evening Peak
397,Wandegeya,Cross Junction,Wandegeya CROSS JUNCTION-  Junction_count_data_entry - Copy.xlsx,Day 2,2026-08-03 00:00:00,No,,MAKERERE,Sunny,07:00:00,08:00:00,0,2,119,0,0,14,10,1,0,0,0,0,0,144,2,146,0,No,No,Yes,Morning Peak
398,Wandegeya,Cross Junction,Wandegeya CROSS JUNCTION-  Junction_count_data_entry - Copy.xlsx,Day 2,2026-08-03 00:00:00,No,,MAKERERE,Sunny,08:00:00,09:00:00,0,0,184,0,0,6,5,4,0,0,0,1,0,200,0,200,0,No,No,Yes,Morning Peak
399,Wandegeya,Cross Junction,Wandegeya CROSS JUNCTION-  Junction_count_data_entry - Copy.xlsx,Day 2,2026-08-03 00:00:00,No,,MAKERERE,Sunny,09:00:00,10:00:00,0,2,80,0,0,11,10,17,0,0,1,2,1,122,2,124,0,No,No,Yes,Morning Peak
400,Wandegeya,Cross Junction,Wandegeya CROSS JUNCTION-  Junction_count_data_entry - Copy.xlsx,Day 2,2026-08-03 00:00:00,No,,MAKERERE,Sunny,10:00:00,11:00:00,0,0,75,0,0,35,15,25,0,0,3,3,0,156,0,156,0,No,No,Yes,Midday / Off-Peak
401,Wandegeya,Cross Junction,Wandegeya CROSS JUNCTION-  Junction_count_data_entry - Copy.xlsx,Day 2,2026-08-03 00:00:00,No,,MAKERERE,Sunny,11:00:00,12:00:00,0,0,83,0,0,30,8,7,0,1,0,3,0,132,0,132,0,No,No,Yes,Midday / Off-Peak
402,Wandegeya,Cross Junction,Wandegeya CROSS JUNCTION-  Junction_count_data_entry - Copy.xlsx,Day 2,2026-08-03 00:00:00,No,,MAKERERE,Sunny,12:00:00,13:00:00,0,0,103,0,0,35,17,10,0,1,0,8,2,176,0,176,0,No,No,Yes,Midday / Off-Peak
403,Wandegeya,Cross Junction,Wandegeya CROSS JUNCTION-  Junction_count_data_entry - Copy.xlsx,Day 2,2026-08-03 00:00:00,No,,MAKERERE,Sunny,13:00:00,14:00:00,0,0,67,0,0,59,22,1,4,0,3,6,4,166,0,166,0,No,No,Yes,Midday / Off-Peak
404,Wandegeya,Cross Junction,Wandegeya CROSS JUNCTION-  Junction_count_data_entry - Copy.xlsx,Day 2,2026-08-03 00:00:00,No,,MAKERERE,Sunny,14:00:00,15:00:00,0,0,79,0,0,56,22,4,0,1,1,5,0,168,0,168,0,No,No,Yes,Midday / Off-Peak
405,Wandegeya,Cross Junction,Wandegeya CROSS JUNCTION-  Junction_count_data_entry - Copy.xlsx,Day 2,2026-08-03 00:00:00,No,,MAKERERE,Sunny,15:00:00,16:00:00,0,0,69,0,0,59,23,2,0,0,5,5,0,163,0,163,0,No,No,Yes,Midday / Off-Peak
406,Wandegeya,Cross Junction,Wandegeya CROSS JUNCTION-  Junction_count_data_entry - Copy.xlsx,Day 2,2026-08-03 00:00:00,No,,MAKERERE,Sunny,16:00:00,17:00:00,0,0,68,0,0,38,22,5,0,0,3,4,1,141,0,141,0,No,No,Yes,Evening Peak
407,Wandegeya,Cross Junction,Wandegeya CROSS JUNCTION-  Junction_count_data_entry - Copy.xlsx,Day 2,2026-08-03 00:00:00,No,,MAKERERE,Sunny,17:00:00,18:00:00,0,0,129,0,0,54,25,12,0,0,2,2,1,225,0,225,0,No,No,Yes,Evening Peak
408,Wandegeya,Cross Junction,Wandegeya CROSS JUNCTION-  Junction_count_data_entry - Copy.xlsx,Day 2,2026-08-03 00:00:00,No,,MAKERERE,Sunny,18:00:00,19:00:00,0,0,83,0,0,31,22,1,0,0,3,2,0,142,0,142,0,No,No,Yes,Evening Peak
409,Bakuli,Cross Junction,BAKULI JUNCTION.xlsx,Day 1,2026-08-02 00:00:00,No,NAKULABYE,KAMPALA TOWN,Unknown,07:00:00,08:00:00,0,0,131,0,0,33,3,22,0,0,0,2,1,192,0,192,0,No,No,Yes,Morning Peak
410,Bakuli,Cross Junction,BAKULI JUNCTION.xlsx,Day 1,2026-08-02 00:00:00,No,NAKULABYE,KAMPALA TOWN,Unknown,08:00:00,09:00:00,0,1,130,4,1,30,10,34,0,1,1,2,1,214,1,215,5,No,No,Yes,Morning Peak
411,Bakuli,Cross Junction,BAKULI JUNCTION.xlsx,Day 1,2026-08-02 00:00:00,No,NAKULABYE,KAMPALA TOWN,Unknown,09:00:00,10:00:00,0,1,145,0,0,40,5,22,0,0,0,0,0,212,1,213,0,No,No,Yes,Morning Peak
412,Bakuli,Cross Junction,BAKULI JUNCTION.xlsx,Day 1,2026-08-02 00:00:00,No,NAKULABYE,KAMPALA TOWN,Unknown,10:00:00,11:00:00,0,0,96,3,1,23,9,22,0,0,0,2,0,156,0,156,4,No,No,Yes,Midday / Off-Peak
413,Bakuli,Cross Junction,BAKULI JUNCTION.xlsx,Day 1,2026-08-02 00:00:00,No,NAKULABYE,KAMPALA TOWN,Unknown,11:00:00,12:00:00,0,0,285,0,0,7,4,33,0,0,0,0,0,329,0,329,0,No,No,Yes,Midday / Off-Peak
414,Bakuli,Cross Junction,BAKULI JUNCTION.xlsx,Day 1,2026-08-02 00:00:00,No,NAKULABYE,KAMPALA TOWN,Unknown,12:00:00,13:00:00,0,0,162,0,0,12,5,31,1,1,0,2,0,214,0,214,0,No,No,Yes,Midday / Off-Peak
415,Bakuli,Cross Junction,BAKULI JUNCTION.xlsx,Day 1,2026-08-02 00:00:00,No,NAKULABYE,KAMPALA TOWN,Unknown,13:00:00,14:00:00,0,0,45,1,0,11,0,25,0,1,0,1,0,84,0,84,1,No,No,Yes,Midday / Off-Peak
416,Bakuli,Cross Junction,BAKULI JUNCTION.xlsx,Day 1,2026-08-02 00:00:00,No,NAKULABYE,KAMPALA TOWN,Unknown,14:00:00,15:00:00,0,0,162,0,0,10,3,22,0,0,0,2,0,199,0,199,0,No,No,Yes,Midday / Off-Peak
417,Bakuli,Cross Junction,BAKULI JUNCTION.xlsx,Day 1,2026-08-02 00:00:00,No,NAKULABYE,KAMPALA TOWN,Unknown,15:00:00,16:00:00,0,2,193,1,0,40,15,33,0,1,0,0,0,283,2,285,1,No,No,Yes,Midday / Off-Peak
418,Bakuli,Cross Junction,BAKULI JUNCTION.xlsx,Day 1,2026-08-02 00:00:00,No,NAKULABYE,KAMPALA TOWN,Unknown,16:00:00,17:00:00,0,0,131,0,0,28,7,33,0,1,0,0,0,200,0,200,0,No,No,Yes,Evening Peak
419,Bakuli,Cross Junction,BAKULI JUNCTION.xlsx,Day 1,2026-08-02 00:00:00,No,NAKULABYE,KAMPALA TOWN,Unknown,17:00:00,18:00:00,0,1,130,4,1,27,10,21,0,0,0,3,1,197,1,198,5,No,No,Yes,Evening Peak
420,Bakuli,Cross Junction,BAKULI JUNCTION.xlsx,Day 1,2026-08-02 00:00:00,No,NAKULABYE,KAMPALA TOWN,Unknown,18:00:00,19:00:00,0,1,145,0,0,39,6,31,0,1,0,3,0,225,1,226,0,No,No,Yes,Evening Peak
421,Bakuli,Cross Junction,BAKULI JUNCTION.xlsx,Day 1,2026-08-02 00:00:00,No,NAKULABYE,KAMPALA TOWN,Unknown,07:00:00,08:00:00,0,2,141,1,0,25,9,42,0,0,0,14,3,235,2,237,1,No,No,Yes,Morning Peak
422,Bakuli,Cross Junction,BAKULI JUNCTION.xlsx,Day 1,2026-08-02 00:00:00,No,NAKULABYE,KAMPALA TOWN,Unknown,08:00:00,09:00:00,0,0,74,0,0,23,19,44,0,1,0,9,0,170,0,170,0,No,No,Yes,Morning Peak
423,Bakuli,Cross Junction,BAKULI JUNCTION.xlsx,Day 1,2026-08-02 00:00:00,No,NAKULABYE,KAMPALA TOWN,Unknown,09:00:00,10:00:00,0,0,31,1,0,32,19,48,0,0,0,9,0,140,0,140,1,No,No,Yes,Morning Peak
424,Bakuli,Cross Junction,BAKULI JUNCTION.xlsx,Day 1,2026-08-02 00:00:00,No,NAKULABYE,KAMPALA TOWN,Unknown,10:00:00,11:00:00,0,1,124,0,0,19,28,59,1,1,0,13,1,246,1,247,0,No,No,Yes,Midday / Off-Peak
425,Bakuli,Cross Junction,BAKULI JUNCTION.xlsx,Day 1,2026-08-02 00:00:00,No,NAKULABYE,KAMPALA TOWN,Unknown,11:00:00,12:00:00,0,2,188,3,0,22,21,54,1,1,2,18,0,310,2,312,3,No,No,Yes,Midday / Off-Peak
426,Bakuli,Cross Junction,BAKULI JUNCTION.xlsx,Day 1,2026-08-02 00:00:00,No,NAKULABYE,KAMPALA TOWN,Unknown,12:00:00,13:00:00,0,2,224,6,3,16,20,51,0,0,0,32,0,352,2,354,9,No,No,Yes,Midday / Off-Peak
427,Bakuli,Cross Junction,BAKULI JUNCTION.xlsx,Day 1,2026-08-02 00:00:00,No,NAKULABYE,KAMPALA TOWN,Unknown,13:00:00,14:00:00,0,0,31,1,0,8,11,39,0,0,1,17,0,108,0,108,1,No,No,Yes,Midday / Off-Peak
428,Bakuli,Cross Junction,BAKULI JUNCTION.xlsx,Day 1,2026-08-02 00:00:00,No,NAKULABYE,KAMPALA TOWN,Unknown,14:00:00,15:00:00,0,1,124,0,0,13,16,39,0,0,0,16,3,211,1,212,0,No,No,Yes,Midday / Off-Peak
429,Bakuli,Cross Junction,BAKULI JUNCTION.xlsx,Day 1,2026-08-02 00:00:00,No,NAKULABYE,KAMPALA TOWN,Unknown,15:00:00,16:00:00,0,1,175,1,3,17,34,42,1,0,0,13,1,287,1,288,4,No,No,Yes,Midday / Off-Peak
430,Bakuli,Cross Junction,BAKULI JUNCTION.xlsx,Day 1,2026-08-02 00:00:00,No,NAKULABYE,KAMPALA TOWN,Unknown,16:00:00,17:00:00,0,1,117,1,0,48,70,45,0,0,0,19,3,303,1,304,1,No,No,Yes,Evening Peak
431,Bakuli,Cross Junction,BAKULI JUNCTION.xlsx,Day 1,2026-08-02 00:00:00,No,NAKULABYE,KAMPALA TOWN,Unknown,17:00:00,18:00:00,0,2,141,1,0,32,41,51,0,1,0,18,1,286,2,288,1,No,No,Yes,Evening Peak
432,Bakuli,Cross Junction,BAKULI JUNCTION.xlsx,Day 1,2026-08-02 00:00:00,No,NAKULABYE,KAMPALA TOWN,Unknown,18:00:00,19:00:00,0,0,74,0,0,29,27,44,0,3,1,14,0,192,0,192,0,No,No,Yes,Evening Peak
433,Bakuli,Cross Junction,BAKULI JUNCTION.xlsx,Day 1,2026-08-02 00:00:00,No,NAKULABYE,KAMPALA TOWN,Unknown,07:00:00,08:00:00,0,0,32,0,0,7,1,19,0,0,0,1,0,60,0,60,0,No,No,Yes,Morning Peak
434,Bakuli,Cross Junction,BAKULI JUNCTION.xlsx,Day 1,2026-08-02 00:00:00,No,NAKULABYE,KAMPALA TOWN,Unknown,08:00:00,09:00:00,0,0,49,1,0,10,0,22,0,0,0,0,1,83,0,83,1,No,No,Yes,Morning Peak
435,Bakuli,Cross Junction,BAKULI JUNCTION.xlsx,Day 1,2026-08-02 00:00:00,No,NAKULABYE,KAMPALA TOWN,Unknown,09:00:00,10:00:00,0,0,74,0,0,8,3,28,0,0,0,1,0,114,0,114,0,No,No,Yes,Morning Peak
436,Bakuli,Cross Junction,BAKULI JUNCTION.xlsx,Day 1,2026-08-02 00:00:00,No,NAKULABYE,KAMPALA TOWN,Unknown,10:00:00,11:00:00,0,0,30,1,0,2,0,22,0,0,0,1,0,56,0,56,1,No,No,Yes,Midday / Off-Peak
437,Bakuli,Cross Junction,BAKULI JUNCTION.xlsx,Day 1,2026-08-02 00:00:00,No,NAKULABYE,KAMPALA TOWN,Unknown,11:00:00,12:00:00,0,0,48,0,0,6,5,21,0,0,0,0,0,80,0,80,0,No,No,Yes,Midday / Off-Peak
438,Bakuli,Cross Junction,BAKULI JUNCTION.xlsx,Day 1,2026-08-02 00:00:00,No,NAKULABYE,KAMPALA TOWN,Unknown,12:00:00,13:00:00,0,0,21,0,1,7,0,24,0,0,0,5,0,58,0,58,1,No,No,Yes,Midday / Off-Peak
439,Bakuli,Cross Junction,BAKULI JUNCTION.xlsx,Day 1,2026-08-02 00:00:00,No,NAKULABYE,KAMPALA TOWN,Unknown,13:00:00,14:00:00,0,0,30,1,0,2,0,12,0,0,0,0,0,45,0,45,1,No,No,Yes,Midday / Off-Peak
440,Bakuli,Cross Junction,BAKULI JUNCTION.xlsx,Day 1,2026-08-02 00:00:00,No,NAKULABYE,KAMPALA TOWN,Unknown,14:00:00,15:00:00,0,0,48,0,0,6,5,18,0,0,0,1,0,78,0,78,0,No,No,Yes,Midday / Off-Peak
441,Bakuli,Cross Junction,BAKULI JUNCTION.xlsx,Day 1,2026-08-02 00:00:00,No,NAKULABYE,KAMPALA TOWN,Unknown,15:00:00,16:00:00,0,1,53,1,0,10,0,15,0,1,0,0,0,80,1,81,1,No,No,Yes,Midday / Off-Peak
442,Bakuli,Cross Junction,BAKULI JUNCTION.xlsx,Day 1,2026-08-02 00:00:00,No,NAKULABYE,KAMPALA TOWN,Unknown,16:00:00,17:00:00,0,0,32,0,0,7,7,20,0,0,0,1,0,67,0,67,0,No,No,Yes,Evening Peak
443,Bakuli,Cross Junction,BAKULI JUNCTION.xlsx,Day 1,2026-08-02 00:00:00,No,NAKULABYE,KAMPALA TOWN,Unknown,17:00:00,18:00:00,0,0,49,1,0,10,6,2,0,2,0,1,0,71,0,71,1,No,No,Yes,Evening Peak
444,Bakuli,Cross Junction,BAKULI JUNCTION.xlsx,Day 1,2026-08-02 00:00:00,No,NAKULABYE,KAMPALA TOWN,Unknown,18:00:00,19:00:00,0,0,74,0,0,8,12,20,0,0,0,4,0,118,0,118,0,No,No,Yes,Evening Peak
445,Bakuli,Cross Junction,BAKULI JUNCTION.xlsx,Day 1,2026-08-02 00:00:00,No,MENGO,NAKULABYE,Sunny,07:00:00,08:00:00,0,0,74,0,0,17,8,15,3,4,0,0,0,121,0,121,0,No,No,Yes,Morning Peak
446,Bakuli,Cross Junction,BAKULI JUNCTION.xlsx,Day 1,2026-08-02 00:00:00,No,MENGO,NAKULABYE,Sunny,08:00:00,09:00:00,0,1,107,4,1,6,4,10,2,0,0,0,0,134,1,135,5,No,No,Yes,Morning Peak
447,Bakuli,Cross Junction,BAKULI JUNCTION.xlsx,Day 1,2026-08-02 00:00:00,No,MENGO,NAKULABYE,Sunny,09:00:00,10:00:00,1,1,59,1,0,4,16,2,1,0,2,3,0,88,2,90,1,No,No,Yes,Morning Peak
448,Bakuli,Cross Junction,BAKULI JUNCTION.xlsx,Day 1,2026-08-02 00:00:00,No,MENGO,NAKULABYE,Sunny,10:00:00,11:00:00,0,1,200,4,0,4,6,0,0,0,0,0,0,214,1,215,4,No,No,Yes,Midday / Off-Peak
449,Bakuli,Cross Junction,BAKULI JUNCTION.xlsx,Day 1,2026-08-02 00:00:00,No,MENGO,NAKULABYE,Sunny,11:00:00,12:00:00,1,1,59,1,0,3,1,3,2,0,0,0,0,69,2,71,1,No,No,Yes,Midday / Off-Peak
450,Bakuli,Cross Junction,BAKULI JUNCTION.xlsx,Day 1,2026-08-02 00:00:00,No,MENGO,NAKULABYE,Sunny,12:00:00,13:00:00,1,1,171,2,2,2,3,4,1,0,0,0,0,185,2,187,4,No,No,Yes,Midday / Off-Peak
451,Bakuli,Cross Junction,BAKULI JUNCTION.xlsx,Day 1,2026-08-02 00:00:00,No,MENGO,NAKULABYE,Sunny,13:00:00,14:00:00,0,0,82,1,1,6,0,1,0,0,0,0,0,91,0,91,2,No,No,Yes,Midday / Off-Peak
452,Bakuli,Cross Junction,BAKULI JUNCTION.xlsx,Day 1,2026-08-02 00:00:00,No,MENGO,NAKULABYE,Sunny,14:00:00,15:00:00,0,2,63,0,0,1,2,6,0,0,0,0,0,72,2,74,0,No,No,Yes,Midday / Off-Peak
453,Bakuli,Cross Junction,BAKULI JUNCTION.xlsx,Day 1,2026-08-02 00:00:00,No,MENGO,NAKULABYE,Sunny,15:00:00,16:00:00,0,0,50,0,0,4,3,2,0,0,0,0,0,59,0,59,0,No,No,Yes,Midday / Off-Peak
454,Bakuli,Cross Junction,BAKULI JUNCTION.xlsx,Day 1,2026-08-02 00:00:00,No,MENGO,NAKULABYE,Sunny,16:00:00,17:00:00,0,0,75,0,0,3,6,0,0,5,0,0,0,89,0,89,0,No,No,Yes,Evening Peak
455,Bakuli,Cross Junction,BAKULI JUNCTION.xlsx,Day 1,2026-08-02 00:00:00,No,MENGO,NAKULABYE,Sunny,17:00:00,18:00:00,0,0,110,0,0,1,3,0,0,7,0,2,0,123,0,123,0,No,No,Yes,Evening Peak
456,Bakuli,Cross Junction,BAKULI JUNCTION.xlsx,Day 1,2026-08-02 00:00:00,No,MENGO,NAKULABYE,Sunny,18:00:00,19:00:00,0,1,75,0,0,4,3,1,1,6,1,1,0,92,1,93,0,No,No,Yes,Evening Peak
457,Bakuli,Cross Junction,BAKULI JUNCTION.xlsx,Day 1,2026-08-02 00:00:00,No,MENGO,NAKULABYE,Sunny,07:00:00,08:00:00,2,0,410,2,0,43,9,62,2,7,0,0,0,535,2,537,2,No,No,Yes,Morning Peak
458,Bakuli,Cross Junction,BAKULI JUNCTION.xlsx,Day 1,2026-08-02 00:00:00,No,MENGO,NAKULABYE,Sunny,08:00:00,09:00:00,0,0,200,0,0,63,14,9,1,0,0,1,0,288,0,288,0,No,No,Yes,Morning Peak
459,Bakuli,Cross Junction,BAKULI JUNCTION.xlsx,Day 1,2026-08-02 00:00:00,No,MENGO,NAKULABYE,Sunny,09:00:00,10:00:00,0,0,201,1,0,102,7,110,1,0,0,1,0,423,0,423,1,No,No,Yes,Morning Peak
460,Bakuli,Cross Junction,BAKULI JUNCTION.xlsx,Day 1,2026-08-02 00:00:00,No,MENGO,NAKULABYE,Sunny,10:00:00,11:00:00,0,0,400,2,1,58,17,100,3,5,0,3,0,589,0,589,3,No,No,Yes,Midday / Off-Peak
461,Bakuli,Cross Junction,BAKULI JUNCTION.xlsx,Day 1,2026-08-02 00:00:00,No,MENGO,NAKULABYE,Sunny,11:00:00,12:00:00,0,0,175,0,0,47,20,59,0,1,0,0,0,302,0,302,0,No,No,Yes,Midday / Off-Peak
462,Bakuli,Cross Junction,BAKULI JUNCTION.xlsx,Day 1,2026-08-02 00:00:00,No,MENGO,NAKULABYE,Sunny,12:00:00,13:00:00,0,0,550,51,2,42,17,82,0,3,3,0,0,750,0,750,53,No,No,Yes,Midday / Off-Peak
463,Bakuli,Cross Junction,BAKULI JUNCTION.xlsx,Day 1,2026-08-02 00:00:00,No,MENGO,NAKULABYE,Sunny,13:00:00,14:00:00,0,0,175,0,0,18,12,70,0,1,0,0,0,276,0,276,0,No,No,Yes,Midday / Off-Peak
464,Bakuli,Cross Junction,BAKULI JUNCTION.xlsx,Day 1,2026-08-02 00:00:00,No,MENGO,NAKULABYE,Sunny,14:00:00,15:00:00,0,0,330,0,0,23,12,40,0,0,2,0,0,407,0,407,0,No,No,Yes,Midday / Off-Peak
465,Bakuli,Cross Junction,BAKULI JUNCTION.xlsx,Day 1,2026-08-02 00:00:00,No,MENGO,NAKULABYE,Sunny,15:00:00,16:00:00,0,0,173,0,0,37,12,51,1,4,0,2,1,281,0,281,0,No,No,Yes,Midday / Off-Peak
466,Bakuli,Cross Junction,BAKULI JUNCTION.xlsx,Day 1,2026-08-02 00:00:00,No,MENGO,NAKULABYE,Sunny,16:00:00,17:00:00,0,0,325,0,0,38,27,46,0,0,0,0,0,436,0,436,0,No,No,Yes,Evening Peak
467,Bakuli,Cross Junction,BAKULI JUNCTION.xlsx,Day 1,2026-08-02 00:00:00,No,MENGO,NAKULABYE,Sunny,17:00:00,18:00:00,0,0,200,0,0,37,26,37,0,0,0,0,0,300,0,300,0,No,No,Yes,Evening Peak
468,Bakuli,Cross Junction,BAKULI JUNCTION.xlsx,Day 1,2026-08-02 00:00:00,No,MENGO,NAKULABYE,Sunny,18:00:00,19:00:00,0,0,200,1,0,46,19,15,0,0,0,0,0,281,0,281,1,No,No,Yes,Evening Peak
469,Bakuli,Cross Junction,BAKULI JUNCTION.xlsx,Day 1,2026-08-02 00:00:00,No,MENGO,NAKULABYE,Sunny,07:00:00,08:00:00,0,2,41,2,2,6,1,6,1,0,0,0,0,59,2,61,4,No,No,Yes,Morning Peak
470,Bakuli,Cross Junction,BAKULI JUNCTION.xlsx,Day 1,2026-08-02 00:00:00,No,MENGO,NAKULABYE,Sunny,08:00:00,09:00:00,0,1,141,4,0,8,1,11,0,0,0,1,0,166,1,167,4,No,No,Yes,Morning Peak
471,Bakuli,Cross Junction,BAKULI JUNCTION.xlsx,Day 1,2026-08-02 00:00:00,No,MENGO,NAKULABYE,Sunny,09:00:00,10:00:00,1,0,50,1,0,9,4,21,0,0,0,0,0,85,1,86,1,No,No,Yes,Morning Peak
472,Bakuli,Cross Junction,BAKULI JUNCTION.xlsx,Day 1,2026-08-02 00:00:00,No,MENGO,NAKULABYE,Sunny,10:00:00,11:00:00,0,0,200,0,1,6,2,10,0,0,0,0,0,219,0,219,1,No,No,Yes,Midday / Off-Peak
473,Bakuli,Cross Junction,BAKULI JUNCTION.xlsx,Day 1,2026-08-02 00:00:00,No,MENGO,NAKULABYE,Sunny,11:00:00,12:00:00,1,1,130,0,0,2,1,14,0,0,0,0,0,147,2,149,0,No,No,Yes,Midday / Off-Peak
474,Bakuli,Cross Junction,BAKULI JUNCTION.xlsx,Day 1,2026-08-02 00:00:00,No,MENGO,NAKULABYE,Sunny,12:00:00,13:00:00,0,0,43,1,2,3,0,16,0,0,0,0,0,65,0,65,3,No,No,Yes,Midday / Off-Peak
475,Bakuli,Cross Junction,BAKULI JUNCTION.xlsx,Day 1,2026-08-02 00:00:00,No,MENGO,NAKULABYE,Sunny,13:00:00,14:00:00,1,1,130,0,1,2,0,14,0,0,0,0,0,147,2,149,1,No,No,Yes,Midday / Off-Peak
476,Bakuli,Cross Junction,BAKULI JUNCTION.xlsx,Day 1,2026-08-02 00:00:00,No,MENGO,NAKULABYE,Sunny,14:00:00,15:00:00,0,2,35,0,0,3,1,0,0,0,0,1,0,40,2,42,0,No,No,Yes,Midday / Off-Peak
477,Bakuli,Cross Junction,BAKULI JUNCTION.xlsx,Day 1,2026-08-02 00:00:00,No,MENGO,NAKULABYE,Sunny,15:00:00,16:00:00,0,0,25,0,1,2,2,2,0,0,0,0,0,32,0,32,1,No,No,Yes,Midday / Off-Peak
478,Bakuli,Cross Junction,BAKULI JUNCTION.xlsx,Day 1,2026-08-02 00:00:00,No,MENGO,NAKULABYE,Sunny,16:00:00,17:00:00,0,0,77,0,2,6,2,5,0,0,0,0,0,92,0,92,2,No,No,Yes,Evening Peak
479,Bakuli,Cross Junction,BAKULI JUNCTION.xlsx,Day 1,2026-08-02 00:00:00,No,MENGO,NAKULABYE,Sunny,17:00:00,18:00:00,0,0,75,0,0,3,2,0,0,2,0,0,0,82,0,82,0,No,No,Yes,Evening Peak
480,Bakuli,Cross Junction,BAKULI JUNCTION.xlsx,Day 1,2026-08-02 00:00:00,No,MENGO,NAKULABYE,Sunny,18:00:00,19:00:00,0,0,100,0,0,7,3,1,0,0,0,0,0,111,0,111,0,No,No,Yes,Evening Peak
481,Bakuli,Cross Junction,BAKULI JUNCTION.xlsx,Day 1,2026-08-02 00:00:00,No,LUBAGA ROAND,KAMPALA TOWN,Unknown,07:00:00,08:00:00,0,0,1009,0,0,6,7,5,3,1,0,10,1,1042,0,1042,0,No,No,Yes,Morning Peak
482,Bakuli,Cross Junction,BAKULI JUNCTION.xlsx,Day 1,2026-08-02 00:00:00,No,LUBAGA ROAND,KAMPALA TOWN,Unknown,08:00:00,09:00:00,0,0,999,0,0,7,24,12,4,1,5,5,2,1059,0,1059,0,No,No,Yes,Morning Peak
483,Bakuli,Cross Junction,BAKULI JUNCTION.xlsx,Day 1,2026-08-02 00:00:00,No,LUBAGA ROAND,KAMPALA TOWN,Unknown,09:00:00,10:00:00,0,0,1268,0,0,20,27,2,0,1,0,0,0,1318,0,1318,0,No,No,Yes,Morning Peak
484,Bakuli,Cross Junction,BAKULI JUNCTION.xlsx,Day 1,2026-08-02 00:00:00,No,LUBAGA ROAND,KAMPALA TOWN,Unknown,10:00:00,11:00:00,0,0,893,0,0,17,18,2,1,8,0,0,0,939,0,939,0,No,No,Yes,Midday / Off-Peak
485,Bakuli,Cross Junction,BAKULI JUNCTION.xlsx,Day 1,2026-08-02 00:00:00,No,LUBAGA ROAND,KAMPALA TOWN,Unknown,11:00:00,12:00:00,0,0,767,0,0,35,19,0,1,4,1,1,0,828,0,828,0,No,No,Yes,Midday / Off-Peak
486,Bakuli,Cross Junction,BAKULI JUNCTION.xlsx,Day 1,2026-08-02 00:00:00,No,LUBAGA ROAND,KAMPALA TOWN,Unknown,12:00:00,13:00:00,0,0,514,0,0,43,29,2,0,1,0,0,0,589,0,589,0,No,No,Yes,Midday / Off-Peak
487,Bakuli,Cross Junction,BAKULI JUNCTION.xlsx,Day 1,2026-08-02 00:00:00,No,LUBAGA ROAND,KAMPALA TOWN,Unknown,13:00:00,14:00:00,0,0,253,0,0,18,13,3,0,7,0,0,0,294,0,294,0,No,No,Yes,Midday / Off-Peak
488,Bakuli,Cross Junction,BAKULI JUNCTION.xlsx,Day 1,2026-08-02 00:00:00,No,LUBAGA ROAND,KAMPALA TOWN,Unknown,14:00:00,15:00:00,0,0,518,0,0,27,18,0,0,3,1,4,0,571,0,571,0,No,No,Yes,Midday / Off-Peak
489,Bakuli,Cross Junction,BAKULI JUNCTION.xlsx,Day 1,2026-08-02 00:00:00,No,LUBAGA ROAND,KAMPALA TOWN,Unknown,15:00:00,16:00:00,0,0,1000,0,0,17,22,1,0,0,0,0,0,1040,0,1040,0,No,No,Yes,Midday / Off-Peak
490,Bakuli,Cross Junction,BAKULI JUNCTION.xlsx,Day 1,2026-08-02 00:00:00,No,LUBAGA ROAND,KAMPALA TOWN,Unknown,16:00:00,17:00:00,0,0,753,0,0,36,24,0,0,2,0,0,0,815,0,815,0,No,No,Yes,Evening Peak
491,Bakuli,Cross Junction,BAKULI JUNCTION.xlsx,Day 1,2026-08-02 00:00:00,No,LUBAGA ROAND,KAMPALA TOWN,Unknown,17:00:00,18:00:00,0,0,509,0,0,22,16,1,0,0,0,1,0,549,0,549,0,No,No,Yes,Evening Peak
492,Bakuli,Cross Junction,BAKULI JUNCTION.xlsx,Day 1,2026-08-02 00:00:00,No,LUBAGA ROAND,KAMPALA TOWN,Unknown,18:00:00,19:00:00,0,0,397,0,0,21,13,1,1,1,0,0,0,434,0,434,0,No,No,Yes,Evening Peak
493,Bakuli,Cross Junction,BAKULI JUNCTION.xlsx,Day 1,2026-08-02 00:00:00,No,LUBAGA ROAND,NANKULABYE,Unknown,07:00:00,08:00:00,0,0,1625,0,0,4,6,1,1,0,0,0,0,1637,0,1637,0,No,No,Yes,Morning Peak
494,Bakuli,Cross Junction,BAKULI JUNCTION.xlsx,Day 1,2026-08-02 00:00:00,No,LUBAGA ROAND,NANKULABYE,Unknown,08:00:00,09:00:00,0,0,1514,0,0,8,5,15,4,3,6,0,2,1557,0,1557,0,No,No,Yes,Morning Peak
495,Bakuli,Cross Junction,BAKULI JUNCTION.xlsx,Day 1,2026-08-02 00:00:00,No,LUBAGA ROAND,NANKULABYE,Unknown,09:00:00,10:00:00,0,0,1643,0,0,10,25,6,0,0,5,8,0,1697,0,1697,0,No,No,Yes,Morning Peak
496,Bakuli,Cross Junction,BAKULI JUNCTION.xlsx,Day 1,2026-08-02 00:00:00,No,LUBAGA ROAND,NANKULABYE,Unknown,10:00:00,11:00:00,0,0,1378,0,0,15,30,11,2,1,7,8,2,1454,0,1454,0,No,No,Yes,Midday / Off-Peak
497,Bakuli,Cross Junction,BAKULI JUNCTION.xlsx,Day 1,2026-08-02 00:00:00,No,LUBAGA ROAND,NANKULABYE,Unknown,11:00:00,12:00:00,0,0,514,0,0,32,23,7,0,0,2,9,3,590,0,590,0,No,No,Yes,Midday / Off-Peak
498,Bakuli,Cross Junction,BAKULI JUNCTION.xlsx,Day 1,2026-08-02 00:00:00,No,LUBAGA ROAND,NANKULABYE,Unknown,12:00:00,13:00:00,0,0,768,0,0,39,19,11,0,1,5,11,0,854,0,854,0,No,No,Yes,Midday / Off-Peak
499,Bakuli,Cross Junction,BAKULI JUNCTION.xlsx,Day 1,2026-08-02 00:00:00,No,LUBAGA ROAND,NANKULABYE,Unknown,13:00:00,14:00:00,0,0,520,0,0,19,9,6,0,0,2,13,4,573,0,573,0,No,No,Yes,Midday / Off-Peak
500,Bakuli,Cross Junction,BAKULI JUNCTION.xlsx,Day 1,2026-08-02 00:00:00,No,LUBAGA ROAND,NANKULABYE,Unknown,14:00:00,15:00:00,0,0,878,0,0,30,17,3,0,0,2,1,3,934,0,934,0,No,No,Yes,Midday / Off-Peak
501,Bakuli,Cross Junction,BAKULI JUNCTION.xlsx,Day 1,2026-08-02 00:00:00,No,LUBAGA ROAND,NANKULABYE,Unknown,15:00:00,16:00:00,0,0,1378,0,0,40,41,5,0,3,7,9,4,1487,0,1487,0,No,No,Yes,Midday / Off-Peak
502,Bakuli,Cross Junction,BAKULI JUNCTION.xlsx,Day 1,2026-08-02 00:00:00,No,LUBAGA ROAND,NANKULABYE,Unknown,16:00:00,17:00:00,0,0,1375,0,0,42,34,6,0,0,9,6,2,1474,0,1474,0,No,No,Yes,Evening Peak
503,Bakuli,Cross Junction,BAKULI JUNCTION.xlsx,Day 1,2026-08-02 00:00:00,No,LUBAGA ROAND,NANKULABYE,Unknown,17:00:00,18:00:00,0,0,1009,0,0,43,21,3,2,4,4,5,3,1094,0,1094,0,No,No,Yes,Evening Peak
504,Bakuli,Cross Junction,BAKULI JUNCTION.xlsx,Day 1,2026-08-02 00:00:00,No,LUBAGA ROAND,NANKULABYE,Unknown,18:00:00,19:00:00,0,0,874,0,0,36,19,3,0,0,5,0,1,938,0,938,0,No,No,Yes,Evening Peak
505,Bakuli,Cross Junction,BAKULI JUNCTION.xlsx,Day 1,2026-08-02 00:00:00,No,LUBAGA ROAND,NATETE,Unknown,07:00:00,08:00:00,0,0,999,0,0,12,2,1,0,0,0,0,0,1014,0,1014,0,No,No,Yes,Morning Peak
506,Bakuli,Cross Junction,BAKULI JUNCTION.xlsx,Day 1,2026-08-02 00:00:00,No,LUBAGA ROAND,NATETE,Unknown,08:00:00,09:00:00,0,0,1244,0,0,0,2,2,0,2,1,0,0,1251,0,1251,0,No,No,Yes,Morning Peak
507,Bakuli,Cross Junction,BAKULI JUNCTION.xlsx,Day 1,2026-08-02 00:00:00,No,LUBAGA ROAND,NATETE,Unknown,09:00:00,10:00:00,0,0,1519,0,0,1,1,4,0,0,0,0,0,1525,0,1525,0,No,No,Yes,Morning Peak
508,Bakuli,Cross Junction,BAKULI JUNCTION.xlsx,Day 1,2026-08-02 00:00:00,No,LUBAGA ROAND,NATETE,Unknown,10:00:00,11:00:00,0,0,1001,0,0,1,2,11,0,0,0,1,0,1016,0,1016,0,No,No,Yes,Midday / Off-Peak
509,Bakuli,Cross Junction,BAKULI JUNCTION.xlsx,Day 1,2026-08-02 00:00:00,No,LUBAGA ROAND,NATETE,Unknown,11:00:00,12:00:00,0,0,264,0,0,3,2,1,0,0,0,0,0,270,0,270,0,No,No,Yes,Midday / Off-Peak
510,Bakuli,Cross Junction,BAKULI JUNCTION.xlsx,Day 1,2026-08-02 00:00:00,No,LUBAGA ROAND,NATETE,Unknown,12:00:00,13:00:00,0,0,375,0,0,2,0,4,0,0,0,0,0,381,0,381,0,No,No,Yes,Midday / Off-Peak
511,Bakuli,Cross Junction,BAKULI JUNCTION.xlsx,Day 1,2026-08-02 00:00:00,No,LUBAGA ROAND,NATETE,Unknown,13:00:00,14:00:00,0,0,34,0,0,0,4,0,0,0,0,1,0,39,0,39,0,No,No,Yes,Midday / Off-Peak
512,Bakuli,Cross Junction,BAKULI JUNCTION.xlsx,Day 1,2026-08-02 00:00:00,No,LUBAGA ROAND,NATETE,Unknown,14:00:00,15:00:00,0,0,513,0,0,2,3,0,0,0,0,0,0,518,0,518,0,No,No,Yes,Midday / Off-Peak
513,Bakuli,Cross Junction,BAKULI JUNCTION.xlsx,Day 1,2026-08-02 00:00:00,No,LUBAGA ROAND,NATETE,Unknown,15:00:00,16:00:00,0,0,750,0,0,3,1,3,0,0,0,0,0,757,0,757,0,No,No,Yes,Midday / Off-Peak
514,Bakuli,Cross Junction,BAKULI JUNCTION.xlsx,Day 1,2026-08-02 00:00:00,No,LUBAGA ROAND,NATETE,Unknown,16:00:00,17:00:00,1,0,634,0,0,4,2,7,0,1,0,0,0,648,1,649,0,No,No,Yes,Evening Peak
515,Bakuli,Cross Junction,BAKULI JUNCTION.xlsx,Day 1,2026-08-02 00:00:00,No,LUBAGA ROAND,NATETE,Unknown,17:00:00,18:00:00,0,0,388,0,0,2,2,0,0,1,0,0,0,393,0,393,0,No,No,Yes,Evening Peak
516,Bakuli,Cross Junction,BAKULI JUNCTION.xlsx,Day 1,2026-08-02 00:00:00,No,LUBAGA ROAND,NATETE,Unknown,18:00:00,19:00:00,0,0,269,0,0,2,0,0,0,0,0,1,0,272,0,272,0,No,No,Yes,Evening Peak
517,Bakuli,Cross Junction,BAKULI JUNCTION.xlsx,Day 1,2026-08-02 00:00:00,No,KAMPALA TOWN,RUBAGA,Unknown,07:00:00,08:00:00,0,1,113,5,0,26,80,0,0,3,0,4,3,234,1,235,5,No,No,Yes,Morning Peak
518,Bakuli,Cross Junction,BAKULI JUNCTION.xlsx,Day 1,2026-08-02 00:00:00,No,KAMPALA TOWN,RUBAGA,Unknown,08:00:00,09:00:00,0,3,250,7,1,6,130,5,1,2,5,1,1,409,3,412,8,No,No,Yes,Morning Peak
519,Bakuli,Cross Junction,BAKULI JUNCTION.xlsx,Day 1,2026-08-02 00:00:00,No,KAMPALA TOWN,RUBAGA,Unknown,09:00:00,10:00:00,0,2,490,0,3,10,33,4,0,11,2,0,0,553,2,555,3,No,No,Yes,Morning Peak
520,Bakuli,Cross Junction,BAKULI JUNCTION.xlsx,Day 1,2026-08-02 00:00:00,No,KAMPALA TOWN,RUBAGA,Unknown,10:00:00,11:00:00,1,2,250,4,1,13,43,101,10,16,10,0,0,448,3,451,5,No,No,Yes,Midday / Off-Peak
521,Bakuli,Cross Junction,BAKULI JUNCTION.xlsx,Day 1,2026-08-02 00:00:00,No,KAMPALA TOWN,RUBAGA,Unknown,11:00:00,12:00:00,0,2,310,4,0,22,120,6,0,2,2,0,0,466,2,468,4,No,No,Yes,Midday / Off-Peak
522,Bakuli,Cross Junction,BAKULI JUNCTION.xlsx,Day 1,2026-08-02 00:00:00,No,KAMPALA TOWN,RUBAGA,Unknown,12:00:00,13:00:00,0,1,260,2,2,24,153,10,5,0,15,0,0,471,1,472,4,No,No,Yes,Midday / Off-Peak
523,Bakuli,Cross Junction,BAKULI JUNCTION.xlsx,Day 1,2026-08-02 00:00:00,No,KAMPALA TOWN,RUBAGA,Unknown,13:00:00,14:00:00,0,1,200,4,3,3,32,0,0,4,2,0,0,248,1,249,7,No,No,Yes,Midday / Off-Peak
524,Bakuli,Cross Junction,BAKULI JUNCTION.xlsx,Day 1,2026-08-02 00:00:00,No,KAMPALA TOWN,RUBAGA,Unknown,14:00:00,15:00:00,0,1,280,3,0,11,40,1,1,4,10,4,1,355,1,356,3,No,No,Yes,Midday / Off-Peak
525,Bakuli,Cross Junction,BAKULI JUNCTION.xlsx,Day 1,2026-08-02 00:00:00,No,KAMPALA TOWN,RUBAGA,Unknown,15:00:00,16:00:00,0,1,200,10,2,18,70,0,0,1,5,4,0,310,1,311,12,No,No,Yes,Midday / Off-Peak
526,Bakuli,Cross Junction,BAKULI JUNCTION.xlsx,Day 1,2026-08-02 00:00:00,No,KAMPALA TOWN,RUBAGA,Unknown,16:00:00,17:00:00,0,2,250,3,3,12,83,5,4,10,2,2,0,374,2,376,6,No,No,Yes,Evening Peak
527,Bakuli,Cross Junction,BAKULI JUNCTION.xlsx,Day 1,2026-08-02 00:00:00,No,KAMPALA TOWN,RUBAGA,Unknown,17:00:00,18:00:00,0,2,200,6,2,10,50,0,1,7,4,0,0,280,2,282,8,No,No,Yes,Evening Peak
528,Bakuli,Cross Junction,BAKULI JUNCTION.xlsx,Day 1,2026-08-02 00:00:00,No,KAMPALA TOWN,RUBAGA,Unknown,18:00:00,19:00:00,0,1,330,2,0,4,61,0,1,7,4,0,0,409,1,410,2,No,No,Yes,Evening Peak
529,Bakuli,Cross Junction,BAKULI JUNCTION.xlsx,Day 1,2026-08-02 00:00:00,No,KAMPALA TOWN,RUBAGA,Unknown,07:00:00,08:00:00,0,0,130,1,0,20,64,185,0,40,2,10,10,462,0,462,1,No,No,Yes,Morning Peak
530,Bakuli,Cross Junction,BAKULI JUNCTION.xlsx,Day 1,2026-08-02 00:00:00,No,KAMPALA TOWN,RUBAGA,Unknown,08:00:00,09:00:00,0,0,360,2,0,10,60,140,1,2,5,1,1,582,0,582,2,No,No,Yes,Morning Peak
531,Bakuli,Cross Junction,BAKULI JUNCTION.xlsx,Day 1,2026-08-02 00:00:00,No,KAMPALA TOWN,RUBAGA,Unknown,09:00:00,10:00:00,0,0,610,0,5,13,52,76,0,3,1,0,0,760,0,760,5,No,No,Yes,Morning Peak
532,Bakuli,Cross Junction,BAKULI JUNCTION.xlsx,Day 1,2026-08-02 00:00:00,No,KAMPALA TOWN,RUBAGA,Unknown,10:00:00,11:00:00,0,0,520,4,1,22,51,43,1,3,0,0,0,645,0,645,5,No,No,Yes,Midday / Off-Peak
533,Bakuli,Cross Junction,BAKULI JUNCTION.xlsx,Day 1,2026-08-02 00:00:00,No,KAMPALA TOWN,RUBAGA,Unknown,11:00:00,12:00:00,0,2,470,4,0,10,130,180,0,4,2,2,0,802,2,804,4,No,No,Yes,Midday / Off-Peak
534,Bakuli,Cross Junction,BAKULI JUNCTION.xlsx,Day 1,2026-08-02 00:00:00,No,KAMPALA TOWN,RUBAGA,Unknown,12:00:00,13:00:00,0,0,400,0,0,12,106,100,0,20,20,1,0,659,0,659,0,No,No,Yes,Midday / Off-Peak
535,Bakuli,Cross Junction,BAKULI JUNCTION.xlsx,Day 1,2026-08-02 00:00:00,No,KAMPALA TOWN,RUBAGA,Unknown,13:00:00,14:00:00,0,3,350,3,0,5,50,73,1,10,4,4,0,500,3,503,3,No,No,Yes,Midday / Off-Peak
536,Bakuli,Cross Junction,BAKULI JUNCTION.xlsx,Day 1,2026-08-02 00:00:00,No,KAMPALA TOWN,RUBAGA,Unknown,14:00:00,15:00:00,0,0,300,1,1,13,41,90,0,3,0,1,0,450,0,450,2,No,No,Yes,Midday / Off-Peak
537,Bakuli,Cross Junction,BAKULI JUNCTION.xlsx,Day 1,2026-08-02 00:00:00,No,KAMPALA TOWN,RUBAGA,Unknown,15:00:00,16:00:00,0,0,350,2,0,3,120,143,0,13,0,2,0,633,0,633,2,No,No,Yes,Midday / Off-Peak
538,Bakuli,Cross Junction,BAKULI JUNCTION.xlsx,Day 1,2026-08-02 00:00:00,No,KAMPALA TOWN,RUBAGA,Unknown,16:00:00,17:00:00,0,1,350,0,0,15,70,230,4,30,5,12,10,726,1,727,0,No,No,Yes,Evening Peak
539,Bakuli,Cross Junction,BAKULI JUNCTION.xlsx,Day 1,2026-08-02 00:00:00,No,KAMPALA TOWN,RUBAGA,Unknown,17:00:00,18:00:00,0,0,350,2,0,22,103,90,1,14,0,0,0,582,0,582,2,No,No,Yes,Evening Peak
540,Bakuli,Cross Junction,BAKULI JUNCTION.xlsx,Day 1,2026-08-02 00:00:00,No,KAMPALA TOWN,RUBAGA,Unknown,18:00:00,19:00:00,0,1,330,2,1,0,45,67,0,0,0,0,0,445,1,446,3,No,No,Yes,Evening Peak
541,Bakuli,Cross Junction,BAKULI JUNCTION.xlsx,Day 1,2026-08-02 00:00:00,No,KAMPALA TOWN,RUBAGA,Unknown,07:00:00,08:00:00,0,0,110,3,0,16,30,170,0,0,2,4,1,336,0,336,3,No,No,Yes,Morning Peak
542,Bakuli,Cross Junction,BAKULI JUNCTION.xlsx,Day 1,2026-08-02 00:00:00,No,KAMPALA TOWN,RUBAGA,Unknown,08:00:00,09:00:00,0,2,220,0,1,2,20,160,1,4,0,1,0,409,2,411,1,No,No,Yes,Morning Peak
543,Bakuli,Cross Junction,BAKULI JUNCTION.xlsx,Day 1,2026-08-02 00:00:00,No,KAMPALA TOWN,RUBAGA,Unknown,09:00:00,10:00:00,0,0,500,1,0,12,35,105,0,1,4,1,0,659,0,659,1,No,No,Yes,Morning Peak
544,Bakuli,Cross Junction,BAKULI JUNCTION.xlsx,Day 1,2026-08-02 00:00:00,No,KAMPALA TOWN,RUBAGA,Unknown,10:00:00,11:00:00,0,0,350,3,0,15,23,136,0,9,5,0,0,541,0,541,3,No,No,Yes,Midday / Off-Peak
545,Bakuli,Cross Junction,BAKULI JUNCTION.xlsx,Day 1,2026-08-02 00:00:00,No,KAMPALA TOWN,RUBAGA,Unknown,11:00:00,12:00:00,0,0,380,10,0,13,45,200,0,1,5,2,0,656,0,656,10,No,No,Yes,Midday / Off-Peak
546,Bakuli,Cross Junction,BAKULI JUNCTION.xlsx,Day 1,2026-08-02 00:00:00,No,KAMPALA TOWN,RUBAGA,Unknown,12:00:00,13:00:00,0,0,420,2,0,5,36,125,0,0,3,5,0,596,0,596,2,No,No,Yes,Midday / Off-Peak
547,Bakuli,Cross Junction,BAKULI JUNCTION.xlsx,Day 1,2026-08-02 00:00:00,No,KAMPALA TOWN,RUBAGA,Unknown,13:00:00,14:00:00,0,2,330,2,0,2,30,100,0,0,2,3,0,469,2,471,2,No,No,Yes,Midday / Off-Peak
548,Bakuli,Cross Junction,BAKULI JUNCTION.xlsx,Day 1,2026-08-02 00:00:00,No,KAMPALA TOWN,RUBAGA,Unknown,14:00:00,15:00:00,0,0,290,0,0,7,20,150,2,1,1,0,0,471,0,471,0,No,No,Yes,Midday / Off-Peak
549,Bakuli,Cross Junction,BAKULI JUNCTION.xlsx,Day 1,2026-08-02 00:00:00,No,KAMPALA TOWN,RUBAGA,Unknown,15:00:00,16:00:00,0,1,210,3,2,11,40,164,0,3,0,4,0,437,1,438,5,No,No,Yes,Midday / Off-Peak
550,Bakuli,Cross Junction,BAKULI JUNCTION.xlsx,Day 1,2026-08-02 00:00:00,No,KAMPALA TOWN,RUBAGA,Unknown,16:00:00,17:00:00,0,0,250,0,0,10,46,229,0,6,13,10,0,564,0,564,0,No,No,Yes,Evening Peak
551,Bakuli,Cross Junction,BAKULI JUNCTION.xlsx,Day 1,2026-08-02 00:00:00,No,KAMPALA TOWN,RUBAGA,Unknown,17:00:00,18:00:00,0,1,250,3,2,2,15,100,0,0,0,1,0,373,1,374,5,No,No,Yes,Evening Peak
552,Bakuli,Cross Junction,BAKULI JUNCTION.xlsx,Day 1,2026-08-02 00:00:00,No,KAMPALA TOWN,RUBAGA,Unknown,18:00:00,19:00:00,1,0,200,0,0,0,23,99,3,0,7,2,2,336,1,337,0,No,No,Yes,Evening Peak
553,Bakuli,Cross Junction,BAKULI JUNCTION.xlsx,Day 2,2026-08-03 00:00:00,No,NAKULABYE,KAMPALA TOWN,Unknown,07:00:00,08:00:00,0,0,965,0,0,11,5,38,0,0,0,0,0,1019,0,1019,0,No,No,Yes,Morning Peak
554,Bakuli,Cross Junction,BAKULI JUNCTION.xlsx,Day 2,2026-08-03 00:00:00,No,NAKULABYE,KAMPALA TOWN,Unknown,08:00:00,09:00:00,0,0,907,8,0,8,3,46,1,0,0,4,0,977,0,977,8,No,No,Yes,Morning Peak
555,Bakuli,Cross Junction,BAKULI JUNCTION.xlsx,Day 2,2026-08-03 00:00:00,No,NAKULABYE,KAMPALA TOWN,Unknown,09:00:00,10:00:00,0,0,521,0,0,20,3,22,0,0,0,2,0,568,0,568,0,No,No,Yes,Morning Peak
556,Bakuli,Cross Junction,BAKULI JUNCTION.xlsx,Day 2,2026-08-03 00:00:00,No,NAKULABYE,KAMPALA TOWN,Unknown,10:00:00,11:00:00,0,0,394,3,0,7,5,21,0,0,1,3,0,434,0,434,3,No,No,Yes,Midday / Off-Peak
557,Bakuli,Cross Junction,BAKULI JUNCTION.xlsx,Day 2,2026-08-03 00:00:00,No,NAKULABYE,KAMPALA TOWN,Unknown,11:00:00,12:00:00,0,4,488,4,1,7,2,21,1,0,0,3,0,527,4,531,5,No,No,Yes,Midday / Off-Peak
558,Bakuli,Cross Junction,BAKULI JUNCTION.xlsx,Day 2,2026-08-03 00:00:00,No,NAKULABYE,KAMPALA TOWN,Unknown,12:00:00,13:00:00,0,0,358,2,1,10,5,12,0,2,0,5,1,396,0,396,3,No,No,Yes,Midday / Off-Peak
559,Bakuli,Cross Junction,BAKULI JUNCTION.xlsx,Day 2,2026-08-03 00:00:00,No,NAKULABYE,KAMPALA TOWN,Unknown,13:00:00,14:00:00,0,0,273,2,0,10,2,22,1,0,1,18,0,329,0,329,2,No,No,Yes,Midday / Off-Peak
560,Bakuli,Cross Junction,BAKULI JUNCTION.xlsx,Day 2,2026-08-03 00:00:00,No,NAKULABYE,KAMPALA TOWN,Unknown,14:00:00,15:00:00,0,0,269,3,0,10,0,21,0,1,0,4,0,308,0,308,3,No,No,Yes,Midday / Off-Peak
561,Bakuli,Cross Junction,BAKULI JUNCTION.xlsx,Day 2,2026-08-03 00:00:00,No,NAKULABYE,KAMPALA TOWN,Unknown,15:00:00,16:00:00,0,0,189,4,1,5,1,12,0,0,0,0,0,212,0,212,5,No,No,Yes,Midday / Off-Peak
562,Bakuli,Cross Junction,BAKULI JUNCTION.xlsx,Day 2,2026-08-03 00:00:00,No,NAKULABYE,KAMPALA TOWN,Unknown,16:00:00,17:00:00,0,0,233,6,3,5,3,21,0,0,1,5,0,277,0,277,9,No,No,Yes,Evening Peak
563,Bakuli,Cross Junction,BAKULI JUNCTION.xlsx,Day 2,2026-08-03 00:00:00,No,NAKULABYE,KAMPALA TOWN,Unknown,17:00:00,18:00:00,0,0,407,3,0,13,9,31,0,0,1,5,0,469,0,469,3,No,No,Yes,Evening Peak
564,Bakuli,Cross Junction,BAKULI JUNCTION.xlsx,Day 2,2026-08-03 00:00:00,No,NAKULABYE,KAMPALA TOWN,Unknown,18:00:00,19:00:00,0,0,487,2,0,8,2,28,0,0,0,2,0,529,0,529,2,No,No,Yes,Evening Peak
565,Bakuli,Cross Junction,BAKULI JUNCTION.xlsx,Day 2,2026-08-03 00:00:00,No,NAKULABYE,KAMPALA TOWN,Unknown,07:00:00,08:00:00,0,0,670,0,0,21,13,23,0,1,1,6,1,736,0,736,0,No,No,Yes,Morning Peak
566,Bakuli,Cross Junction,BAKULI JUNCTION.xlsx,Day 2,2026-08-03 00:00:00,No,NAKULABYE,KAMPALA TOWN,Unknown,08:00:00,09:00:00,0,0,638,5,0,33,8,28,1,1,0,6,2,722,0,722,5,No,No,Yes,Morning Peak
567,Bakuli,Cross Junction,BAKULI JUNCTION.xlsx,Day 2,2026-08-03 00:00:00,No,NAKULABYE,KAMPALA TOWN,Unknown,09:00:00,10:00:00,0,0,334,0,0,22,16,13,0,2,1,13,2,403,0,403,0,No,No,Yes,Morning Peak
568,Bakuli,Cross Junction,BAKULI JUNCTION.xlsx,Day 2,2026-08-03 00:00:00,No,NAKULABYE,KAMPALA TOWN,Unknown,10:00:00,11:00:00,0,0,188,4,1,42,24,18,1,1,2,9,0,290,0,290,5,No,No,Yes,Midday / Off-Peak
569,Bakuli,Cross Junction,BAKULI JUNCTION.xlsx,Day 2,2026-08-03 00:00:00,No,NAKULABYE,KAMPALA TOWN,Unknown,11:00:00,12:00:00,0,1,234,7,0,36,16,18,1,1,3,27,0,343,1,344,7,No,No,Yes,Midday / Off-Peak
570,Bakuli,Cross Junction,BAKULI JUNCTION.xlsx,Day 2,2026-08-03 00:00:00,No,NAKULABYE,KAMPALA TOWN,Unknown,12:00:00,13:00:00,0,1,202,3,2,42,28,16,0,1,1,27,2,324,1,325,5,No,No,Yes,Midday / Off-Peak
571,Bakuli,Cross Junction,BAKULI JUNCTION.xlsx,Day 2,2026-08-03 00:00:00,No,NAKULABYE,KAMPALA TOWN,Unknown,13:00:00,14:00:00,0,0,273,2,0,22,33,4,0,1,1,18,2,356,0,356,2,No,No,Yes,Midday / Off-Peak
572,Bakuli,Cross Junction,BAKULI JUNCTION.xlsx,Day 2,2026-08-03 00:00:00,No,NAKULABYE,KAMPALA TOWN,Unknown,14:00:00,15:00:00,0,0,113,8,1,16,13,5,1,1,1,25,2,186,0,186,9,No,No,Yes,Midday / Off-Peak
573,Bakuli,Cross Junction,BAKULI JUNCTION.xlsx,Day 2,2026-08-03 00:00:00,No,NAKULABYE,KAMPALA TOWN,Unknown,15:00:00,16:00:00,0,0,108,5,1,25,20,8,2,0,0,16,2,187,0,187,6,No,No,Yes,Midday / Off-Peak
574,Bakuli,Cross Junction,BAKULI JUNCTION.xlsx,Day 2,2026-08-03 00:00:00,No,NAKULABYE,KAMPALA TOWN,Unknown,16:00:00,17:00:00,0,0,106,7,0,14,16,28,0,0,0,28,1,200,0,200,7,No,No,Yes,Evening Peak
575,Bakuli,Cross Junction,BAKULI JUNCTION.xlsx,Day 2,2026-08-03 00:00:00,No,NAKULABYE,KAMPALA TOWN,Unknown,17:00:00,18:00:00,0,0,269,3,3,26,41,13,2,0,2,22,1,382,0,382,6,No,No,Yes,Evening Peak
576,Bakuli,Cross Junction,BAKULI JUNCTION.xlsx,Day 2,2026-08-03 00:00:00,No,NAKULABYE,KAMPALA TOWN,Unknown,18:00:00,19:00:00,0,0,261,6,2,28,21,39,0,0,0,21,0,378,0,378,8,No,No,Yes,Evening Peak
577,Bakuli,Cross Junction,BAKULI JUNCTION.xlsx,Day 2,2026-08-03 00:00:00,No,NAKULABYE,KAMPALA TOWN,Unknown,07:00:00,08:00:00,0,0,366,0,0,4,4,2,0,0,0,1,0,377,0,377,0,No,No,Yes,Morning Peak
578,Bakuli,Cross Junction,BAKULI JUNCTION.xlsx,Day 2,2026-08-03 00:00:00,No,NAKULABYE,KAMPALA TOWN,Unknown,08:00:00,09:00:00,0,0,309,3,0,22,5,2,0,0,0,1,0,342,0,342,3,No,No,Yes,Morning Peak
579,Bakuli,Cross Junction,BAKULI JUNCTION.xlsx,Day 2,2026-08-03 00:00:00,No,NAKULABYE,KAMPALA TOWN,Unknown,09:00:00,10:00:00,0,0,177,0,0,8,4,2,0,0,0,0,0,191,0,191,0,No,No,Yes,Morning Peak
580,Bakuli,Cross Junction,BAKULI JUNCTION.xlsx,Day 2,2026-08-03 00:00:00,No,NAKULABYE,KAMPALA TOWN,Unknown,10:00:00,11:00:00,0,0,87,1,0,6,8,2,0,0,0,4,0,108,0,108,1,No,No,Yes,Midday / Off-Peak
581,Bakuli,Cross Junction,BAKULI JUNCTION.xlsx,Day 2,2026-08-03 00:00:00,No,NAKULABYE,KAMPALA TOWN,Unknown,11:00:00,12:00:00,0,0,51,4,0,15,8,7,0,0,0,3,0,88,0,88,4,No,No,Yes,Midday / Off-Peak
582,Bakuli,Cross Junction,BAKULI JUNCTION.xlsx,Day 2,2026-08-03 00:00:00,No,NAKULABYE,KAMPALA TOWN,Unknown,12:00:00,13:00:00,0,0,58,3,0,9,6,9,0,0,0,1,0,86,0,86,3,No,No,Yes,Midday / Off-Peak
583,Bakuli,Cross Junction,BAKULI JUNCTION.xlsx,Day 2,2026-08-03 00:00:00,No,NAKULABYE,KAMPALA TOWN,Unknown,13:00:00,14:00:00,0,0,51,1,0,12,8,4,0,0,0,6,0,82,0,82,1,No,No,Yes,Midday / Off-Peak
584,Bakuli,Cross Junction,BAKULI JUNCTION.xlsx,Day 2,2026-08-03 00:00:00,No,NAKULABYE,KAMPALA TOWN,Unknown,14:00:00,15:00:00,0,0,34,2,0,5,6,5,1,0,0,1,0,54,0,54,2,No,No,Yes,Midday / Off-Peak
585,Bakuli,Cross Junction,BAKULI JUNCTION.xlsx,Day 2,2026-08-03 00:00:00,No,NAKULABYE,KAMPALA TOWN,Unknown,15:00:00,16:00:00,0,0,53,3,0,17,10,3,0,0,0,0,0,86,0,86,3,No,No,Yes,Midday / Off-Peak
586,Bakuli,Cross Junction,BAKULI JUNCTION.xlsx,Day 2,2026-08-03 00:00:00,No,NAKULABYE,KAMPALA TOWN,Unknown,16:00:00,17:00:00,0,0,59,4,4,29,14,6,0,1,0,2,0,119,0,119,8,No,No,Yes,Evening Peak
587,Bakuli,Cross Junction,BAKULI JUNCTION.xlsx,Day 2,2026-08-03 00:00:00,No,NAKULABYE,KAMPALA TOWN,Unknown,17:00:00,18:00:00,0,0,88,0,4,40,17,6,0,0,0,3,0,158,0,158,4,No,No,Yes,Evening Peak
588,Bakuli,Cross Junction,BAKULI JUNCTION.xlsx,Day 2,2026-08-03 00:00:00,No,NAKULABYE,KAMPALA TOWN,Unknown,18:00:00,19:00:00,0,0,93,1,0,37,16,8,0,1,1,2,0,159,0,159,1,No,No,Yes,Evening Peak
589,Bakuli,Cross Junction,BAKULI JUNCTION.xlsx,Day 2,2026-08-03 00:00:00,No,MENGO,RUBAGA,Unknown,07:00:00,08:00:00,0,0,250,0,0,4,1,5,0,0,0,4,0,264,0,264,0,No,No,Yes,Morning Peak
590,Bakuli,Cross Junction,BAKULI JUNCTION.xlsx,Day 2,2026-08-03 00:00:00,No,MENGO,RUBAGA,Unknown,08:00:00,09:00:00,0,2,870,0,0,4,1,0,0,0,0,0,0,875,2,877,0,No,No,Yes,Morning Peak
591,Bakuli,Cross Junction,BAKULI JUNCTION.xlsx,Day 2,2026-08-03 00:00:00,No,MENGO,RUBAGA,Unknown,09:00:00,10:00:00,0,0,125,0,0,3,4,1,0,0,3,2,0,138,0,138,0,No,No,Yes,Morning Peak
592,Bakuli,Cross Junction,BAKULI JUNCTION.xlsx,Day 2,2026-08-03 00:00:00,No,MENGO,RUBAGA,Unknown,10:00:00,11:00:00,0,0,100,0,0,3,2,0,0,0,1,1,1,108,0,108,0,No,No,Yes,Midday / Off-Peak
593,Bakuli,Cross Junction,BAKULI JUNCTION.xlsx,Day 2,2026-08-03 00:00:00,No,MENGO,RUBAGA,Unknown,11:00:00,12:00:00,0,0,60,0,0,2,4,0,0,0,0,0,0,66,0,66,0,No,No,Yes,Midday / Off-Peak
594,Bakuli,Cross Junction,BAKULI JUNCTION.xlsx,Day 2,2026-08-03 00:00:00,No,MENGO,RUBAGA,Unknown,12:00:00,13:00:00,0,0,11,0,0,5,6,0,0,1,0,0,0,23,0,23,0,No,No,Yes,Midday / Off-Peak
595,Bakuli,Cross Junction,BAKULI JUNCTION.xlsx,Day 2,2026-08-03 00:00:00,No,MENGO,RUBAGA,Unknown,13:00:00,14:00:00,0,0,50,2,3,6,5,2,0,0,0,0,0,68,0,68,5,No,No,Yes,Midday / Off-Peak
596,Bakuli,Cross Junction,BAKULI JUNCTION.xlsx,Day 2,2026-08-03 00:00:00,No,MENGO,RUBAGA,Unknown,14:00:00,15:00:00,0,0,50,0,0,4,5,0,0,0,0,0,0,59,0,59,0,No,No,Yes,Midday / Off-Peak
597,Bakuli,Cross Junction,BAKULI JUNCTION.xlsx,Day 2,2026-08-03 00:00:00,No,MENGO,RUBAGA,Unknown,15:00:00,16:00:00,0,0,10,0,0,5,3,0,0,0,0,0,0,18,0,18,0,No,No,Yes,Midday / Off-Peak
598,Bakuli,Cross Junction,BAKULI JUNCTION.xlsx,Day 2,2026-08-03 00:00:00,No,MENGO,RUBAGA,Unknown,16:00:00,17:00:00,0,0,75,0,0,9,7,0,0,0,1,0,0,92,0,92,0,No,No,Yes,Evening Peak
599,Bakuli,Cross Junction,BAKULI JUNCTION.xlsx,Day 2,2026-08-03 00:00:00,No,MENGO,RUBAGA,Unknown,17:00:00,18:00:00,0,0,75,0,0,8,7,3,0,0,0,0,0,93,0,93,0,No,No,Yes,Evening Peak
600,Bakuli,Cross Junction,BAKULI JUNCTION.xlsx,Day 2,2026-08-03 00:00:00,No,MENGO,RUBAGA,Unknown,18:00:00,19:00:00,0,0,50,0,0,7,11,0,0,0,0,0,0,68,0,68,0,No,No,Yes,Evening Peak
601,Bakuli,Cross Junction,BAKULI JUNCTION.xlsx,Day 2,2026-08-03 00:00:00,No,MENGO,TOWN,Unknown,07:00:00,08:00:00,0,0,950,2,0,155,58,105,1,5,0,0,2,1278,0,1278,2,No,No,Yes,Morning Peak
602,Bakuli,Cross Junction,BAKULI JUNCTION.xlsx,Day 2,2026-08-03 00:00:00,No,MENGO,TOWN,Unknown,08:00:00,09:00:00,1,2,950,0,0,150,39,143,32,16,0,5,1,1336,3,1339,0,No,No,Yes,Morning Peak
603,Bakuli,Cross Junction,BAKULI JUNCTION.xlsx,Day 2,2026-08-03 00:00:00,No,MENGO,TOWN,Unknown,09:00:00,10:00:00,0,1,775,0,1,142,31,123,13,14,4,6,0,1109,1,1110,1,No,No,Yes,Morning Peak
604,Bakuli,Cross Junction,BAKULI JUNCTION.xlsx,Day 2,2026-08-03 00:00:00,No,MENGO,TOWN,Unknown,10:00:00,11:00:00,0,0,530,0,0,130,16,95,3,0,2,4,1,781,0,781,0,No,No,Yes,Midday / Off-Peak
605,Bakuli,Cross Junction,BAKULI JUNCTION.xlsx,Day 2,2026-08-03 00:00:00,No,MENGO,TOWN,Unknown,11:00:00,12:00:00,0,0,655,1,0,126,11,94,3,0,2,6,0,898,0,898,1,No,No,Yes,Midday / Off-Peak
606,Bakuli,Cross Junction,BAKULI JUNCTION.xlsx,Day 2,2026-08-03 00:00:00,No,MENGO,TOWN,Unknown,12:00:00,13:00:00,0,0,725,1,0,72,22,145,0,5,0,1,1,972,0,972,1,No,No,Yes,Midday / Off-Peak
607,Bakuli,Cross Junction,BAKULI JUNCTION.xlsx,Day 2,2026-08-03 00:00:00,No,MENGO,TOWN,Unknown,13:00:00,14:00:00,0,0,575,0,0,64,7,79,4,1,0,0,0,730,0,730,0,No,No,Yes,Midday / Off-Peak
608,Bakuli,Cross Junction,BAKULI JUNCTION.xlsx,Day 2,2026-08-03 00:00:00,No,MENGO,TOWN,Unknown,14:00:00,15:00:00,0,0,625,0,0,40,7,30,3,2,0,1,0,708,0,708,0,No,No,Yes,Midday / Off-Peak
609,Bakuli,Cross Junction,BAKULI JUNCTION.xlsx,Day 2,2026-08-03 00:00:00,No,MENGO,TOWN,Unknown,15:00:00,16:00:00,0,0,550,1,0,46,7,55,4,7,0,4,0,674,0,674,1,No,No,Yes,Midday / Off-Peak
610,Bakuli,Cross Junction,BAKULI JUNCTION.xlsx,Day 2,2026-08-03 00:00:00,No,MENGO,TOWN,Unknown,16:00:00,17:00:00,0,0,675,1,0,59,22,70,2,7,2,2,0,840,0,840,1,No,No,Yes,Evening Peak
611,Bakuli,Cross Junction,BAKULI JUNCTION.xlsx,Day 2,2026-08-03 00:00:00,No,MENGO,TOWN,Unknown,17:00:00,18:00:00,0,0,610,2,0,47,12,80,2,5,3,0,0,761,0,761,2,No,No,Yes,Evening Peak
612,Bakuli,Cross Junction,BAKULI JUNCTION.xlsx,Day 2,2026-08-03 00:00:00,No,MENGO,TOWN,Unknown,18:00:00,19:00:00,0,1,600,2,2,61,16,75,9,8,0,0,1,774,1,775,4,No,No,Yes,Evening Peak
613,Bakuli,Cross Junction,BAKULI JUNCTION.xlsx,Day 2,2026-08-03 00:00:00,No,MENGO,NAKULABYE,Unknown,07:00:00,08:00:00,0,0,100,0,0,12,11,10,0,0,0,0,0,133,0,133,0,No,No,Yes,Morning Peak
614,Bakuli,Cross Junction,BAKULI JUNCTION.xlsx,Day 2,2026-08-03 00:00:00,No,MENGO,NAKULABYE,Unknown,08:00:00,09:00:00,0,0,600,0,0,5,3,26,3,1,0,0,0,638,0,638,0,No,No,Yes,Morning Peak
615,Bakuli,Cross Junction,BAKULI JUNCTION.xlsx,Day 2,2026-08-03 00:00:00,No,MENGO,NAKULABYE,Unknown,09:00:00,10:00:00,0,0,150,0,0,7,3,10,0,1,0,0,0,171,0,171,0,No,No,Yes,Morning Peak
616,Bakuli,Cross Junction,BAKULI JUNCTION.xlsx,Day 2,2026-08-03 00:00:00,No,MENGO,NAKULABYE,Unknown,10:00:00,11:00:00,0,0,65,0,0,6,7,1,0,0,0,0,0,79,0,79,0,No,No,Yes,Midday / Off-Peak
617,Bakuli,Cross Junction,BAKULI JUNCTION.xlsx,Day 2,2026-08-03 00:00:00,No,MENGO,NAKULABYE,Unknown,11:00:00,12:00:00,0,0,55,0,0,6,5,2,0,0,0,2,0,70,0,70,0,No,No,Yes,Midday / Off-Peak
618,Bakuli,Cross Junction,BAKULI JUNCTION.xlsx,Day 2,2026-08-03 00:00:00,No,MENGO,NAKULABYE,Unknown,12:00:00,13:00:00,0,0,5,0,0,6,4,4,0,1,0,2,0,22,0,22,0,No,No,Yes,Midday / Off-Peak
619,Bakuli,Cross Junction,BAKULI JUNCTION.xlsx,Day 2,2026-08-03 00:00:00,No,MENGO,NAKULABYE,Unknown,13:00:00,14:00:00,0,0,40,0,0,5,1,3,0,0,0,0,0,49,0,49,0,No,No,Yes,Midday / Off-Peak
620,Bakuli,Cross Junction,BAKULI JUNCTION.xlsx,Day 2,2026-08-03 00:00:00,No,MENGO,NAKULABYE,Unknown,14:00:00,15:00:00,0,0,50,0,0,3,1,2,0,0,0,0,0,56,0,56,0,No,No,Yes,Midday / Off-Peak
621,Bakuli,Cross Junction,BAKULI JUNCTION.xlsx,Day 2,2026-08-03 00:00:00,No,MENGO,NAKULABYE,Unknown,15:00:00,16:00:00,0,0,10,0,0,5,7,0,0,0,0,0,0,22,0,22,0,No,No,Yes,Midday / Off-Peak
622,Bakuli,Cross Junction,BAKULI JUNCTION.xlsx,Day 2,2026-08-03 00:00:00,No,MENGO,NAKULABYE,Unknown,16:00:00,17:00:00,0,0,50,0,0,9,6,3,0,0,2,0,0,70,0,70,0,No,No,Yes,Evening Peak
623,Bakuli,Cross Junction,BAKULI JUNCTION.xlsx,Day 2,2026-08-03 00:00:00,No,MENGO,NAKULABYE,Unknown,17:00:00,18:00:00,0,0,75,0,0,23,4,4,0,1,2,0,0,109,0,109,0,No,No,Yes,Evening Peak
624,Bakuli,Cross Junction,BAKULI JUNCTION.xlsx,Day 2,2026-08-03 00:00:00,No,MENGO,NAKULABYE,Unknown,18:00:00,19:00:00,0,0,100,0,0,10,7,1,0,0,2,1,0,121,0,121,0,No,No,Yes,Evening Peak
625,Bakuli,Cross Junction,BAKULI JUNCTION.xlsx,Day 2,2026-08-03 00:00:00,No,RUBAGA,TOWN,Unknown,07:00:00,08:00:00,0,0,184,0,0,35,39,5,0,0,0,0,0,263,0,263,0,No,No,Yes,Morning Peak
626,Bakuli,Cross Junction,BAKULI JUNCTION.xlsx,Day 2,2026-08-03 00:00:00,No,RUBAGA,TOWN,Unknown,08:00:00,09:00:00,0,0,178,0,0,47,35,8,0,2,1,0,0,271,0,271,0,No,No,Yes,Morning Peak
627,Bakuli,Cross Junction,BAKULI JUNCTION.xlsx,Day 2,2026-08-03 00:00:00,No,RUBAGA,TOWN,Unknown,09:00:00,10:00:00,0,0,632,0,0,48,36,8,0,4,1,1,0,730,0,730,0,No,No,Yes,Morning Peak
628,Bakuli,Cross Junction,BAKULI JUNCTION.xlsx,Day 2,2026-08-03 00:00:00,No,RUBAGA,TOWN,Unknown,10:00:00,11:00:00,0,0,887,0,1,49,35,5,0,0,3,1,0,981,0,981,1,No,No,Yes,Midday / Off-Peak
629,Bakuli,Cross Junction,BAKULI JUNCTION.xlsx,Day 2,2026-08-03 00:00:00,No,RUBAGA,TOWN,Unknown,11:00:00,12:00:00,0,0,499,0,4,43,32,1,2,1,0,2,2,586,0,586,4,No,No,Yes,Midday / Off-Peak
630,Bakuli,Cross Junction,BAKULI JUNCTION.xlsx,Day 2,2026-08-03 00:00:00,No,RUBAGA,TOWN,Unknown,12:00:00,13:00:00,0,0,550,12,2,32,21,5,0,1,0,1,0,624,0,624,14,No,No,Yes,Midday / Off-Peak
631,Bakuli,Cross Junction,BAKULI JUNCTION.xlsx,Day 2,2026-08-03 00:00:00,No,RUBAGA,TOWN,Unknown,13:00:00,14:00:00,0,0,517,7,1,30,29,0,0,2,0,0,0,586,0,586,8,No,No,Yes,Midday / Off-Peak
632,Bakuli,Cross Junction,BAKULI JUNCTION.xlsx,Day 2,2026-08-03 00:00:00,No,RUBAGA,TOWN,Unknown,14:00:00,15:00:00,0,0,825,1,0,19,22,5,0,3,0,0,0,875,0,875,1,No,No,Yes,Midday / Off-Peak
633,Bakuli,Cross Junction,BAKULI JUNCTION.xlsx,Day 2,2026-08-03 00:00:00,No,RUBAGA,TOWN,Unknown,15:00:00,16:00:00,0,0,1081,9,0,22,15,1,0,2,1,2,0,1133,0,1133,9,No,No,Yes,Midday / Off-Peak
634,Bakuli,Cross Junction,BAKULI JUNCTION.xlsx,Day 2,2026-08-03 00:00:00,No,RUBAGA,TOWN,Unknown,16:00:00,17:00:00,0,0,645,0,6,28,19,9,1,0,3,1,0,712,0,712,6,No,No,Yes,Evening Peak
635,Bakuli,Cross Junction,BAKULI JUNCTION.xlsx,Day 2,2026-08-03 00:00:00,No,RUBAGA,TOWN,Unknown,17:00:00,18:00:00,0,0,725,15,2,24,23,2,0,3,0,0,0,794,0,794,17,No,No,Yes,Evening Peak
636,Bakuli,Cross Junction,BAKULI JUNCTION.xlsx,Day 2,2026-08-03 00:00:00,No,RUBAGA,TOWN,Unknown,18:00:00,19:00:00,0,0,753,0,0,27,11,0,0,4,0,5,0,800,0,800,0,No,No,Yes,Evening Peak
637,Bakuli,Cross Junction,BAKULI JUNCTION.xlsx,Day 2,2026-08-03 00:00:00,No,RUBAGA,NAKULABYE,Unknown,07:00:00,08:00:00,0,0,500,0,0,20,19,10,0,0,1,6,0,556,0,556,0,No,No,Yes,Morning Peak
638,Bakuli,Cross Junction,BAKULI JUNCTION.xlsx,Day 2,2026-08-03 00:00:00,No,RUBAGA,NAKULABYE,Unknown,08:00:00,09:00:00,0,0,311,0,0,20,19,43,0,0,0,10,0,403,0,403,0,No,No,Yes,Morning Peak
639,Bakuli,Cross Junction,BAKULI JUNCTION.xlsx,Day 2,2026-08-03 00:00:00,No,RUBAGA,NAKULABYE,Unknown,09:00:00,10:00:00,1,1,245,0,2,29,22,63,0,0,2,8,13,384,2,386,2,No,No,Yes,Morning Peak
640,Bakuli,Cross Junction,BAKULI JUNCTION.xlsx,Day 2,2026-08-03 00:00:00,No,RUBAGA,NAKULABYE,Unknown,10:00:00,11:00:00,0,0,258,0,8,25,18,24,0,1,1,17,0,352,0,352,8,No,No,Yes,Midday / Off-Peak
641,Bakuli,Cross Junction,BAKULI JUNCTION.xlsx,Day 2,2026-08-03 00:00:00,No,RUBAGA,NAKULABYE,Unknown,11:00:00,12:00:00,0,0,173,7,0,30,27,33,10,0,1,13,8,302,0,302,7,No,No,Yes,Midday / Off-Peak
642,Bakuli,Cross Junction,BAKULI JUNCTION.xlsx,Day 2,2026-08-03 00:00:00,No,RUBAGA,NAKULABYE,Unknown,12:00:00,13:00:00,0,0,214,6,1,38,36,25,0,0,18,12,2,352,0,352,7,No,No,Yes,Midday / Off-Peak
643,Bakuli,Cross Junction,BAKULI JUNCTION.xlsx,Day 2,2026-08-03 00:00:00,No,RUBAGA,NAKULABYE,Unknown,13:00:00,14:00:00,0,0,158,5,0,32,21,4,0,0,0,15,2,237,0,237,5,No,No,Yes,Midday / Off-Peak
644,Bakuli,Cross Junction,BAKULI JUNCTION.xlsx,Day 2,2026-08-03 00:00:00,No,RUBAGA,NAKULABYE,Unknown,14:00:00,15:00:00,0,0,164,16,1,41,15,15,0,3,0,15,0,270,0,270,17,No,No,Yes,Midday / Off-Peak
645,Bakuli,Cross Junction,BAKULI JUNCTION.xlsx,Day 2,2026-08-03 00:00:00,No,RUBAGA,NAKULABYE,Unknown,15:00:00,16:00:00,0,0,177,1,1,35,28,21,0,0,3,21,0,287,0,287,2,No,No,Yes,Midday / Off-Peak
646,Bakuli,Cross Junction,BAKULI JUNCTION.xlsx,Day 2,2026-08-03 00:00:00,No,RUBAGA,NAKULABYE,Unknown,16:00:00,17:00:00,0,0,112,8,1,48,7,16,1,1,0,10,2,206,0,206,9,No,No,Yes,Evening Peak
647,Bakuli,Cross Junction,BAKULI JUNCTION.xlsx,Day 2,2026-08-03 00:00:00,No,RUBAGA,NAKULABYE,Unknown,17:00:00,18:00:00,0,0,253,0,3,35,41,8,0,0,0,23,5,368,0,368,3,No,No,Yes,Evening Peak
648,Bakuli,Cross Junction,BAKULI JUNCTION.xlsx,Day 2,2026-08-03 00:00:00,No,RUBAGA,NAKULABYE,Unknown,18:00:00,19:00:00,0,0,193,17,2,56,29,13,0,0,0,9,1,320,0,320,19,No,No,Yes,Evening Peak
649,Bakuli,Cross Junction,BAKULI JUNCTION.xlsx,Day 2,2026-08-03 00:00:00,No,RUBAGA,MENGO,Unknown,07:00:00,08:00:00,0,0,67,0,0,4,6,36,0,0,0,2,0,115,0,115,0,No,No,Yes,Morning Peak
650,Bakuli,Cross Junction,BAKULI JUNCTION.xlsx,Day 2,2026-08-03 00:00:00,No,RUBAGA,MENGO,Unknown,08:00:00,09:00:00,0,0,59,0,0,5,1,34,0,1,0,1,0,101,0,101,0,No,No,Yes,Morning Peak
651,Bakuli,Cross Junction,BAKULI JUNCTION.xlsx,Day 2,2026-08-03 00:00:00,No,RUBAGA,MENGO,Unknown,09:00:00,10:00:00,0,0,45,0,0,2,4,33,0,3,0,2,0,89,0,89,0,No,No,Yes,Morning Peak
652,Bakuli,Cross Junction,BAKULI JUNCTION.xlsx,Day 2,2026-08-03 00:00:00,No,RUBAGA,MENGO,Unknown,10:00:00,11:00:00,0,0,54,0,0,0,2,10,1,0,0,2,0,69,0,69,0,No,No,Yes,Midday / Off-Peak
653,Bakuli,Cross Junction,BAKULI JUNCTION.xlsx,Day 2,2026-08-03 00:00:00,No,RUBAGA,MENGO,Unknown,11:00:00,12:00:00,0,0,54,0,0,5,2,16,5,0,0,0,0,82,0,82,0,No,No,Yes,Midday / Off-Peak
654,Bakuli,Cross Junction,BAKULI JUNCTION.xlsx,Day 2,2026-08-03 00:00:00,No,RUBAGA,MENGO,Unknown,12:00:00,13:00:00,0,0,25,0,0,4,6,2,0,0,0,0,0,37,0,37,0,No,No,Yes,Midday / Off-Peak
655,Bakuli,Cross Junction,BAKULI JUNCTION.xlsx,Day 2,2026-08-03 00:00:00,No,RUBAGA,MENGO,Unknown,13:00:00,14:00:00,0,0,54,0,0,1,2,2,0,0,0,1,0,60,0,60,0,No,No,Yes,Midday / Off-Peak
656,Bakuli,Cross Junction,BAKULI JUNCTION.xlsx,Day 2,2026-08-03 00:00:00,No,RUBAGA,MENGO,Unknown,14:00:00,15:00:00,0,0,20,0,0,3,4,13,0,0,0,1,0,41,0,41,0,No,No,Yes,Midday / Off-Peak
657,Bakuli,Cross Junction,BAKULI JUNCTION.xlsx,Day 2,2026-08-03 00:00:00,No,RUBAGA,MENGO,Unknown,15:00:00,16:00:00,0,0,23,0,0,3,3,0,0,0,0,0,0,29,0,29,0,No,No,Yes,Midday / Off-Peak
658,Bakuli,Cross Junction,BAKULI JUNCTION.xlsx,Day 2,2026-08-03 00:00:00,No,RUBAGA,MENGO,Unknown,16:00:00,17:00:00,0,0,30,0,0,5,2,24,0,1,1,0,0,63,0,63,0,No,No,Yes,Evening Peak
659,Bakuli,Cross Junction,BAKULI JUNCTION.xlsx,Day 2,2026-08-03 00:00:00,No,RUBAGA,MENGO,Unknown,17:00:00,18:00:00,0,0,41,0,0,10,6,0,0,0,0,9,1,67,0,67,0,No,No,Yes,Evening Peak
660,Bakuli,Cross Junction,BAKULI JUNCTION.xlsx,Day 2,2026-08-03 00:00:00,No,RUBAGA,MENGO,Unknown,18:00:00,19:00:00,0,0,50,0,0,13,3,1,0,0,0,0,0,67,0,67,0,No,No,Yes,Evening Peak
661,Bakuli,Cross Junction,BAKULI JUNCTION.xlsx,Day 2,2026-08-03 00:00:00,No,KAMPALA TOWN,RUBAGA,Unknown,07:00:00,08:00:00,0,1,550,5,3,3,32,17,0,6,2,0,0,618,1,619,8,No,No,Yes,Morning Peak
662,Bakuli,Cross Junction,BAKULI JUNCTION.xlsx,Day 2,2026-08-03 00:00:00,No,KAMPALA TOWN,RUBAGA,Unknown,08:00:00,09:00:00,1,1,400,4,0,2,30,12,0,11,5,0,0,464,2,466,4,No,No,Yes,Morning Peak
663,Bakuli,Cross Junction,BAKULI JUNCTION.xlsx,Day 2,2026-08-03 00:00:00,No,KAMPALA TOWN,RUBAGA,Unknown,09:00:00,10:00:00,0,0,200,0,0,0,37,10,0,7,6,0,0,260,0,260,0,No,No,Yes,Morning Peak
664,Bakuli,Cross Junction,BAKULI JUNCTION.xlsx,Day 2,2026-08-03 00:00:00,No,KAMPALA TOWN,RUBAGA,Unknown,10:00:00,11:00:00,0,1,250,3,2,4,46,7,1,5,0,2,0,320,1,321,5,No,No,Yes,Midday / Off-Peak
665,Bakuli,Cross Junction,BAKULI JUNCTION.xlsx,Day 2,2026-08-03 00:00:00,No,KAMPALA TOWN,RUBAGA,Unknown,11:00:00,12:00:00,0,1,150,3,0,1,31,3,0,2,3,4,0,197,1,198,3,No,No,Yes,Midday / Off-Peak
666,Bakuli,Cross Junction,BAKULI JUNCTION.xlsx,Day 2,2026-08-03 00:00:00,No,KAMPALA TOWN,RUBAGA,Unknown,12:00:00,13:00:00,1,2,240,3,2,8,40,6,1,3,6,0,0,309,3,312,5,No,No,Yes,Midday / Off-Peak
667,Bakuli,Cross Junction,BAKULI JUNCTION.xlsx,Day 2,2026-08-03 00:00:00,No,KAMPALA TOWN,RUBAGA,Unknown,13:00:00,14:00:00,0,0,100,3,0,7,20,4,0,4,5,0,0,143,0,143,3,No,No,Yes,Midday / Off-Peak
668,Bakuli,Cross Junction,BAKULI JUNCTION.xlsx,Day 2,2026-08-03 00:00:00,No,KAMPALA TOWN,RUBAGA,Unknown,14:00:00,15:00:00,0,0,90,2,3,0,40,2,0,2,0,0,0,139,0,139,5,No,No,Yes,Midday / Off-Peak
669,Bakuli,Cross Junction,BAKULI JUNCTION.xlsx,Day 2,2026-08-03 00:00:00,No,KAMPALA TOWN,RUBAGA,Unknown,15:00:00,16:00:00,0,0,70,0,1,5,42,9,0,0,5,0,0,132,0,132,1,No,No,Yes,Midday / Off-Peak
670,Bakuli,Cross Junction,BAKULI JUNCTION.xlsx,Day 2,2026-08-03 00:00:00,No,KAMPALA TOWN,RUBAGA,Unknown,16:00:00,17:00:00,0,1,80,2,0,4,50,15,0,0,13,0,0,164,1,165,2,No,No,Yes,Evening Peak
671,Bakuli,Cross Junction,BAKULI JUNCTION.xlsx,Day 2,2026-08-03 00:00:00,No,KAMPALA TOWN,RUBAGA,Unknown,17:00:00,18:00:00,0,1,90,1,0,6,64,5,2,6,5,3,0,182,1,183,1,No,No,Yes,Evening Peak
672,Bakuli,Cross Junction,BAKULI JUNCTION.xlsx,Day 2,2026-08-03 00:00:00,No,KAMPALA TOWN,RUBAGA,Unknown,18:00:00,19:00:00,0,0,220,3,0,50,105,18,0,2,15,3,2,418,0,418,3,No,No,Yes,Evening Peak
673,Bakuli,Cross Junction,BAKULI JUNCTION.xlsx,Day 2,2026-08-03 00:00:00,No,TOWN,MENGO,Unknown,07:00:00,08:00:00,0,0,1040,5,0,0,40,165,10,7,11,2,3,1283,0,1283,5,No,No,Yes,Morning Peak
674,Bakuli,Cross Junction,BAKULI JUNCTION.xlsx,Day 2,2026-08-03 00:00:00,No,TOWN,MENGO,Unknown,08:00:00,09:00:00,0,0,1100,3,0,7,18,129,11,14,8,0,0,1290,0,1290,3,No,No,Yes,Morning Peak
675,Bakuli,Cross Junction,BAKULI JUNCTION.xlsx,Day 2,2026-08-03 00:00:00,No,TOWN,MENGO,Unknown,09:00:00,10:00:00,0,0,1090,0,3,0,67,103,0,15,2,4,3,1287,0,1287,3,No,No,Yes,Morning Peak
676,Bakuli,Cross Junction,BAKULI JUNCTION.xlsx,Day 2,2026-08-03 00:00:00,No,TOWN,MENGO,Unknown,10:00:00,11:00:00,0,3,950,5,3,0,45,79,0,4,0,2,0,1088,3,1091,8,No,No,Yes,Midday / Off-Peak
677,Bakuli,Cross Junction,BAKULI JUNCTION.xlsx,Day 2,2026-08-03 00:00:00,No,TOWN,MENGO,Unknown,11:00:00,12:00:00,0,0,800,2,0,3,63,55,0,4,1,3,0,931,0,931,2,No,No,Yes,Midday / Off-Peak
678,Bakuli,Cross Junction,BAKULI JUNCTION.xlsx,Day 2,2026-08-03 00:00:00,No,TOWN,MENGO,Unknown,12:00:00,13:00:00,0,0,650,4,4,3,53,85,1,2,3,1,0,806,0,806,8,No,No,Yes,Midday / Off-Peak
679,Bakuli,Cross Junction,BAKULI JUNCTION.xlsx,Day 2,2026-08-03 00:00:00,No,TOWN,MENGO,Unknown,13:00:00,14:00:00,0,0,600,1,0,0,43,70,5,7,6,14,0,746,0,746,1,No,No,Yes,Midday / Off-Peak
680,Bakuli,Cross Junction,BAKULI JUNCTION.xlsx,Day 2,2026-08-03 00:00:00,No,TOWN,MENGO,Unknown,14:00:00,15:00:00,0,0,500,0,0,0,23,40,1,3,5,3,0,575,0,575,0,No,No,Yes,Midday / Off-Peak
681,Bakuli,Cross Junction,BAKULI JUNCTION.xlsx,Day 2,2026-08-03 00:00:00,No,TOWN,MENGO,Unknown,15:00:00,16:00:00,0,0,350,0,0,2,37,63,3,4,6,4,2,471,0,471,0,No,No,Yes,Midday / Off-Peak
682,Bakuli,Cross Junction,BAKULI JUNCTION.xlsx,Day 2,2026-08-03 00:00:00,No,TOWN,MENGO,Unknown,16:00:00,17:00:00,0,3,500,0,0,6,73,94,3,12,2,6,1,697,3,700,0,No,No,Yes,Evening Peak
683,Bakuli,Cross Junction,BAKULI JUNCTION.xlsx,Day 2,2026-08-03 00:00:00,No,TOWN,MENGO,Unknown,17:00:00,18:00:00,0,1,670,1,0,0,80,63,1,3,0,4,0,822,1,823,1,No,No,Yes,Evening Peak
684,Bakuli,Cross Junction,BAKULI JUNCTION.xlsx,Day 2,2026-08-03 00:00:00,No,TOWN,MENGO,Unknown,18:00:00,19:00:00,0,0,1200,4,0,30,168,110,6,11,12,4,0,1545,0,1545,4,No,No,Yes,Evening Peak
685,Bakuli,Cross Junction,BAKULI JUNCTION.xlsx,Day 2,2026-08-03 00:00:00,No,KAMPALA TOWN,NANKULABYE,Unknown,07:00:00,08:00:00,0,0,1010,2,0,0,50,213,0,0,4,0,0,1279,0,1279,2,No,No,Yes,Morning Peak
686,Bakuli,Cross Junction,BAKULI JUNCTION.xlsx,Day 2,2026-08-03 00:00:00,No,KAMPALA TOWN,NANKULABYE,Unknown,08:00:00,09:00:00,0,0,700,5,0,3,16,192,0,0,2,0,0,918,0,918,5,No,No,Yes,Morning Peak
687,Bakuli,Cross Junction,BAKULI JUNCTION.xlsx,Day 2,2026-08-03 00:00:00,No,KAMPALA TOWN,NANKULABYE,Unknown,09:00:00,10:00:00,0,0,3000,6,0,0,16,150,0,0,2,0,0,3174,0,3174,6,No,No,Yes,Morning Peak
688,Bakuli,Cross Junction,BAKULI JUNCTION.xlsx,Day 2,2026-08-03 00:00:00,No,KAMPALA TOWN,NANKULABYE,Unknown,10:00:00,11:00:00,0,4,750,2,0,0,8,99,0,0,0,0,0,859,4,863,2,No,No,Yes,Midday / Off-Peak
689,Bakuli,Cross Junction,BAKULI JUNCTION.xlsx,Day 2,2026-08-03 00:00:00,No,KAMPALA TOWN,NANKULABYE,Unknown,11:00:00,12:00:00,0,1,150,3,0,1,24,72,0,0,1,0,0,251,1,252,3,No,No,Yes,Midday / Off-Peak
690,Bakuli,Cross Junction,BAKULI JUNCTION.xlsx,Day 2,2026-08-03 00:00:00,No,KAMPALA TOWN,NANKULABYE,Unknown,12:00:00,13:00:00,0,0,400,3,2,0,22,98,0,0,2,1,0,528,0,528,5,No,No,Yes,Midday / Off-Peak
691,Bakuli,Cross Junction,BAKULI JUNCTION.xlsx,Day 2,2026-08-03 00:00:00,No,KAMPALA TOWN,NANKULABYE,Unknown,13:00:00,14:00:00,0,1,370,4,0,4,13,90,0,1,3,4,0,489,1,490,4,No,No,Yes,Midday / Off-Peak
692,Bakuli,Cross Junction,BAKULI JUNCTION.xlsx,Day 2,2026-08-03 00:00:00,No,KAMPALA TOWN,NANKULABYE,Unknown,14:00:00,15:00:00,0,0,450,0,0,0,11,53,0,0,0,0,0,514,0,514,0,No,No,Yes,Midday / Off-Peak
693,Bakuli,Cross Junction,BAKULI JUNCTION.xlsx,Day 2,2026-08-03 00:00:00,No,KAMPALA TOWN,NANKULABYE,Unknown,15:00:00,16:00:00,0,0,260,1,0,0,24,81,0,0,7,10,0,383,0,383,1,No,No,Yes,Midday / Off-Peak
694,Bakuli,Cross Junction,BAKULI JUNCTION.xlsx,Day 2,2026-08-03 00:00:00,No,KAMPALA TOWN,NANKULABYE,Unknown,16:00:00,17:00:00,0,0,500,0,0,2,20,101,5,0,11,0,0,639,0,639,0,No,No,Yes,Evening Peak
695,Bakuli,Cross Junction,BAKULI JUNCTION.xlsx,Day 2,2026-08-03 00:00:00,No,KAMPALA TOWN,NANKULABYE,Unknown,17:00:00,18:00:00,0,0,910,1,0,0,43,74,0,2,4,0,0,1034,0,1034,1,No,No,Yes,Evening Peak
696,Bakuli,Cross Junction,BAKULI JUNCTION.xlsx,Day 2,2026-08-03 00:00:00,No,KAMPALA TOWN,NANKULABYE,Unknown,18:00:00,19:00:00,0,0,460,0,0,12,60,128,0,0,0,0,0,660,0,660,0,No,No,Yes,Evening Peak
697,Bwaise,Cross Junction,Bwaise CROSS JUNCTION-  Junction_count_data_entry.xlsx,Day 1,2026-08-02 00:00:00,No,,GAYAZA,Sunny,07:00:00,08:00:00,0,22,220,19,0,4,6,82,0,0,0,7,0,338,22,360,19,No,No,Yes,Morning Peak
698,Bwaise,Cross Junction,Bwaise CROSS JUNCTION-  Junction_count_data_entry.xlsx,Day 1,2026-08-02 00:00:00,No,,GAYAZA,Sunny,08:00:00,09:00:00,0,21,300,3,0,12,10,100,0,0,0,5,0,430,21,451,3,No,No,Yes,Morning Peak
699,Bwaise,Cross Junction,Bwaise CROSS JUNCTION-  Junction_count_data_entry.xlsx,Day 1,2026-08-02 00:00:00,No,,GAYAZA,Sunny,09:00:00,10:00:00,0,8,145,0,0,7,3,96,0,0,0,30,0,281,8,289,0,No,No,Yes,Morning Peak
700,Bwaise,Cross Junction,Bwaise CROSS JUNCTION-  Junction_count_data_entry.xlsx,Day 1,2026-08-02 00:00:00,No,,GAYAZA,Sunny,10:00:00,11:00:00,0,7,250,2,0,8,1,92,1,0,0,16,0,370,7,377,2,No,No,Yes,Midday / Off-Peak
701,Bwaise,Cross Junction,Bwaise CROSS JUNCTION-  Junction_count_data_entry.xlsx,Day 1,2026-08-02 00:00:00,No,,GAYAZA,Sunny,11:00:00,12:00:00,0,8,140,0,0,6,7,79,0,0,0,14,0,246,8,254,0,No,No,Yes,Midday / Off-Peak
702,Bwaise,Cross Junction,Bwaise CROSS JUNCTION-  Junction_count_data_entry.xlsx,Day 1,2026-08-02 00:00:00,No,,GAYAZA,Sunny,12:00:00,13:00:00,0,8,200,1,0,13,8,72,0,0,0,24,0,318,8,326,1,No,No,Yes,Midday / Off-Peak
703,Bwaise,Cross Junction,Bwaise CROSS JUNCTION-  Junction_count_data_entry.xlsx,Day 1,2026-08-02 00:00:00,No,,GAYAZA,Sunny,13:00:00,14:00:00,0,6,160,2,0,11,9,89,0,0,0,17,0,288,6,294,2,No,No,Yes,Midday / Off-Peak
704,Bwaise,Cross Junction,Bwaise CROSS JUNCTION-  Junction_count_data_entry.xlsx,Day 1,2026-08-02 00:00:00,No,,GAYAZA,Sunny,14:00:00,15:00:00,0,11,185,0,0,5,6,80,0,0,0,7,0,283,11,294,0,No,No,Yes,Midday / Off-Peak
705,Bwaise,Cross Junction,Bwaise CROSS JUNCTION-  Junction_count_data_entry.xlsx,Day 1,2026-08-02 00:00:00,No,,GAYAZA,Sunny,15:00:00,16:00:00,0,3,200,1,0,2,5,90,0,0,0,5,0,303,3,306,1,No,No,Yes,Midday / Off-Peak
706,Bwaise,Cross Junction,Bwaise CROSS JUNCTION-  Junction_count_data_entry.xlsx,Day 1,2026-08-02 00:00:00,No,,GAYAZA,Sunny,16:00:00,17:00:00,0,6,150,0,0,5,4,123,0,0,0,11,0,293,6,299,0,No,No,Yes,Evening Peak
707,Bwaise,Cross Junction,Bwaise CROSS JUNCTION-  Junction_count_data_entry.xlsx,Day 1,2026-08-02 00:00:00,No,,GAYAZA,Sunny,17:00:00,18:00:00,0,6,165,0,0,10,5,67,0,0,0,8,0,255,6,261,0,No,No,Yes,Evening Peak
708,Bwaise,Cross Junction,Bwaise CROSS JUNCTION-  Junction_count_data_entry.xlsx,Day 1,2026-08-02 00:00:00,No,,GAYAZA,Sunny,18:00:00,19:00:00,0,13,190,0,0,4,6,84,0,0,0,0,0,284,13,297,0,No,No,Yes,Evening Peak
709,Bwaise,Cross Junction,Bwaise CROSS JUNCTION-  Junction_count_data_entry.xlsx,Day 1,2026-08-02 00:00:00,No,,KAMPALA CITY,Cloudy,07:00:00,08:00:00,0,7,360,5,0,73,78,40,4,4,0,35,16,615,7,622,5,No,No,Yes,Morning Peak
710,Bwaise,Cross Junction,Bwaise CROSS JUNCTION-  Junction_count_data_entry.xlsx,Day 1,2026-08-02 00:00:00,No,,KAMPALA CITY,Cloudy,08:00:00,09:00:00,0,25,575,0,0,86,64,39,6,0,0,45,22,837,25,862,0,No,No,Yes,Morning Peak
711,Bwaise,Cross Junction,Bwaise CROSS JUNCTION-  Junction_count_data_entry.xlsx,Day 1,2026-08-02 00:00:00,No,,KAMPALA CITY,Cloudy,09:00:00,10:00:00,0,3,450,0,0,150,89,40,2,1,0,52,16,800,3,803,0,No,No,Yes,Morning Peak
712,Bwaise,Cross Junction,Bwaise CROSS JUNCTION-  Junction_count_data_entry.xlsx,Day 1,2026-08-02 00:00:00,No,,KAMPALA CITY,Cloudy,10:00:00,11:00:00,0,2,600,0,0,117,100,22,2,0,0,33,16,890,2,892,0,No,No,Yes,Midday / Off-Peak
713,Bwaise,Cross Junction,Bwaise CROSS JUNCTION-  Junction_count_data_entry.xlsx,Day 1,2026-08-02 00:00:00,No,,KAMPALA CITY,Cloudy,11:00:00,12:00:00,0,7,475,0,0,145,165,15,0,0,0,33,18,851,7,858,0,No,No,Yes,Midday / Off-Peak
714,Bwaise,Cross Junction,Bwaise CROSS JUNCTION-  Junction_count_data_entry.xlsx,Day 1,2026-08-02 00:00:00,No,,KAMPALA CITY,Cloudy,12:00:00,13:00:00,0,6,477,0,0,152,133,9,0,0,0,36,19,826,6,832,0,No,No,Yes,Midday / Off-Peak
715,Bwaise,Cross Junction,Bwaise CROSS JUNCTION-  Junction_count_data_entry.xlsx,Day 1,2026-08-02 00:00:00,No,,KAMPALA CITY,Cloudy,13:00:00,14:00:00,0,13,420,0,0,110,128,28,0,0,0,36,21,743,13,756,0,No,No,Yes,Midday / Off-Peak
716,Bwaise,Cross Junction,Bwaise CROSS JUNCTION-  Junction_count_data_entry.xlsx,Day 1,2026-08-02 00:00:00,No,,KAMPALA CITY,Cloudy,14:00:00,15:00:00,0,12,523,0,0,163,200,23,0,3,0,35,23,970,12,982,0,No,No,Yes,Midday / Off-Peak
717,Bwaise,Cross Junction,Bwaise CROSS JUNCTION-  Junction_count_data_entry.xlsx,Day 1,2026-08-02 00:00:00,No,,KAMPALA CITY,Cloudy,15:00:00,16:00:00,0,7,472,3,0,186,175,15,4,6,0,36,13,910,7,917,3,No,No,Yes,Midday / Off-Peak
718,Bwaise,Cross Junction,Bwaise CROSS JUNCTION-  Junction_count_data_entry.xlsx,Day 1,2026-08-02 00:00:00,No,,KAMPALA CITY,Cloudy,16:00:00,17:00:00,0,2,550,0,0,185,225,25,3,1,0,46,23,1058,2,1060,0,No,No,Yes,Evening Peak
719,Bwaise,Cross Junction,Bwaise CROSS JUNCTION-  Junction_count_data_entry.xlsx,Day 1,2026-08-02 00:00:00,No,,KAMPALA CITY,Cloudy,17:00:00,18:00:00,0,11,725,0,0,215,130,13,2,4,0,42,8,1139,11,1150,0,No,No,Yes,Evening Peak
720,Bwaise,Cross Junction,Bwaise CROSS JUNCTION-  Junction_count_data_entry.xlsx,Day 1,2026-08-02 00:00:00,No,,KAMPALA CITY,Cloudy,18:00:00,19:00:00,0,5,675,0,0,180,185,33,10,3,0,38,13,1137,5,1142,0,No,No,Yes,Evening Peak
721,Bwaise,Cross Junction,Bwaise CROSS JUNCTION-  Junction_count_data_entry.xlsx,Day 1,2026-08-02 00:00:00,No,,NABWERU,Sunny,07:00:00,08:00:00,0,5,175,1,0,3,5,0,0,0,0,1,0,185,5,190,1,No,No,Yes,Morning Peak
722,Bwaise,Cross Junction,Bwaise CROSS JUNCTION-  Junction_count_data_entry.xlsx,Day 1,2026-08-02 00:00:00,No,,NABWERU,Sunny,08:00:00,09:00:00,0,10,240,0,0,8,2,0,0,0,0,5,2,257,10,267,0,No,No,Yes,Morning Peak
723,Bwaise,Cross Junction,Bwaise CROSS JUNCTION-  Junction_count_data_entry.xlsx,Day 1,2026-08-02 00:00:00,No,,NABWERU,Sunny,09:00:00,10:00:00,0,10,150,0,0,4,4,1,0,0,0,5,0,164,10,174,0,No,No,Yes,Morning Peak
724,Bwaise,Cross Junction,Bwaise CROSS JUNCTION-  Junction_count_data_entry.xlsx,Day 1,2026-08-02 00:00:00,No,,NABWERU,Sunny,10:00:00,11:00:00,0,8,155,3,0,4,5,0,0,0,0,9,0,176,8,184,3,No,No,Yes,Midday / Off-Peak
725,Bwaise,Cross Junction,Bwaise CROSS JUNCTION-  Junction_count_data_entry.xlsx,Day 1,2026-08-02 00:00:00,No,,NABWERU,Sunny,11:00:00,12:00:00,0,9,175,0,0,7,3,0,0,0,0,6,0,191,9,200,0,No,No,Yes,Midday / Off-Peak
726,Bwaise,Cross Junction,Bwaise CROSS JUNCTION-  Junction_count_data_entry.xlsx,Day 1,2026-08-02 00:00:00,No,,NABWERU,Sunny,12:00:00,13:00:00,0,3,165,2,0,3,2,0,0,0,0,4,0,176,3,179,2,No,No,Yes,Midday / Off-Peak
727,Bwaise,Cross Junction,Bwaise CROSS JUNCTION-  Junction_count_data_entry.xlsx,Day 1,2026-08-02 00:00:00,No,,NABWERU,Sunny,13:00:00,14:00:00,0,7,129,0,0,4,6,1,0,0,0,7,0,147,7,154,0,No,No,Yes,Midday / Off-Peak
728,Bwaise,Cross Junction,Bwaise CROSS JUNCTION-  Junction_count_data_entry.xlsx,Day 1,2026-08-02 00:00:00,No,,NABWERU,Sunny,14:00:00,15:00:00,0,3,127,0,0,7,4,1,0,0,0,2,0,141,3,144,0,No,No,Yes,Midday / Off-Peak
729,Bwaise,Cross Junction,Bwaise CROSS JUNCTION-  Junction_count_data_entry.xlsx,Day 1,2026-08-02 00:00:00,No,,NABWERU,Sunny,15:00:00,16:00:00,0,2,165,4,0,3,2,3,0,0,0,2,1,180,2,182,4,No,No,Yes,Midday / Off-Peak
730,Bwaise,Cross Junction,Bwaise CROSS JUNCTION-  Junction_count_data_entry.xlsx,Day 1,2026-08-02 00:00:00,No,,NABWERU,Sunny,16:00:00,17:00:00,0,5,155,0,0,4,4,1,0,0,0,1,0,165,5,170,0,No,No,Yes,Evening Peak
731,Bwaise,Cross Junction,Bwaise CROSS JUNCTION-  Junction_count_data_entry.xlsx,Day 1,2026-08-02 00:00:00,No,,NABWERU,Sunny,17:00:00,18:00:00,0,16,125,0,0,5,3,0,0,0,0,2,0,135,16,151,0,No,No,Yes,Evening Peak
732,Bwaise,Cross Junction,Bwaise CROSS JUNCTION-  Junction_count_data_entry.xlsx,Day 1,2026-08-02 00:00:00,No,,NABWERU,Sunny,18:00:00,19:00:00,0,2,106,0,0,2,4,0,0,0,0,7,0,119,2,121,0,No,No,Yes,Evening Peak
733,Bwaise,Cross Junction,Bwaise CROSS JUNCTION-  Junction_count_data_entry.xlsx,Day 1,2026-08-02 00:00:00,No,,KAMPALA CITY,Sunny,07:00:00,08:00:00,0,6,83,2,0,7,0,9,0,0,4,1,1,107,6,113,2,No,No,Yes,Morning Peak
734,Bwaise,Cross Junction,Bwaise CROSS JUNCTION-  Junction_count_data_entry.xlsx,Day 1,2026-08-02 00:00:00,No,,KAMPALA CITY,Sunny,08:00:00,09:00:00,0,4,73,0,0,7,4,17,0,0,5,4,2,112,4,116,0,No,No,Yes,Morning Peak
735,Bwaise,Cross Junction,Bwaise CROSS JUNCTION-  Junction_count_data_entry.xlsx,Day 1,2026-08-02 00:00:00,No,,KAMPALA CITY,Sunny,09:00:00,10:00:00,0,1,53,0,2,17,11,25,0,0,0,14,0,122,1,123,2,No,No,Yes,Morning Peak
736,Bwaise,Cross Junction,Bwaise CROSS JUNCTION-  Junction_count_data_entry.xlsx,Day 1,2026-08-02 00:00:00,No,,KAMPALA CITY,Sunny,10:00:00,11:00:00,0,2,89,1,0,36,24,32,0,0,0,13,1,196,2,198,1,No,No,Yes,Midday / Off-Peak
737,Bwaise,Cross Junction,Bwaise CROSS JUNCTION-  Junction_count_data_entry.xlsx,Day 1,2026-08-02 00:00:00,No,,KAMPALA CITY,Sunny,11:00:00,12:00:00,0,3,94,1,0,14,9,36,0,0,0,2,0,156,3,159,1,No,No,Yes,Midday / Off-Peak
738,Bwaise,Cross Junction,Bwaise CROSS JUNCTION-  Junction_count_data_entry.xlsx,Day 1,2026-08-02 00:00:00,No,,KAMPALA CITY,Sunny,12:00:00,13:00:00,0,1,76,1,0,31,25,24,0,0,0,12,3,172,1,173,1,No,No,Yes,Midday / Off-Peak
739,Bwaise,Cross Junction,Bwaise CROSS JUNCTION-  Junction_count_data_entry.xlsx,Day 1,2026-08-02 00:00:00,No,,KAMPALA CITY,Sunny,13:00:00,14:00:00,0,2,50,0,0,33,23,37,0,0,0,11,2,156,2,158,0,No,No,Yes,Midday / Off-Peak
740,Bwaise,Cross Junction,Bwaise CROSS JUNCTION-  Junction_count_data_entry.xlsx,Day 1,2026-08-02 00:00:00,No,,KAMPALA CITY,Sunny,14:00:00,15:00:00,0,2,140,1,0,59,35,26,0,1,0,7,2,271,2,273,1,No,No,Yes,Midday / Off-Peak
741,Bwaise,Cross Junction,Bwaise CROSS JUNCTION-  Junction_count_data_entry.xlsx,Day 1,2026-08-02 00:00:00,No,,KAMPALA CITY,Sunny,15:00:00,16:00:00,0,1,114,0,0,51,29,29,0,2,0,18,2,245,1,246,0,No,No,Yes,Midday / Off-Peak
742,Bwaise,Cross Junction,Bwaise CROSS JUNCTION-  Junction_count_data_entry.xlsx,Day 1,2026-08-02 00:00:00,No,,KAMPALA CITY,Sunny,16:00:00,17:00:00,0,0,113,0,0,43,45,38,0,0,0,12,1,252,0,252,0,No,No,Yes,Evening Peak
743,Bwaise,Cross Junction,Bwaise CROSS JUNCTION-  Junction_count_data_entry.xlsx,Day 1,2026-08-02 00:00:00,No,,KAMPALA CITY,Sunny,17:00:00,18:00:00,0,2,153,2,0,31,13,46,2,0,0,15,0,262,2,264,2,No,No,Yes,Evening Peak
744,Bwaise,Cross Junction,Bwaise CROSS JUNCTION-  Junction_count_data_entry.xlsx,Day 1,2026-08-02 00:00:00,No,,KAMPALA CITY,Sunny,18:00:00,19:00:00,0,1,52,1,0,14,23,42,0,0,0,16,0,148,1,149,1,No,No,Yes,Evening Peak
745,Bwaise,Cross Junction,Bwaise CROSS JUNCTION-  Junction_count_data_entry.xlsx,Day 1,2026-08-02 00:00:00,No,,NABWERA,Cloudy,07:00:00,08:00:00,0,11,173,0,0,4,0,0,0,0,0,8,0,185,11,196,0,No,No,Yes,Morning Peak
746,Bwaise,Cross Junction,Bwaise CROSS JUNCTION-  Junction_count_data_entry.xlsx,Day 1,2026-08-02 00:00:00,No,,NABWERA,Cloudy,08:00:00,09:00:00,0,10,253,0,0,3,5,1,0,0,0,0,0,262,10,272,0,No,No,Yes,Morning Peak
747,Bwaise,Cross Junction,Bwaise CROSS JUNCTION-  Junction_count_data_entry.xlsx,Day 1,2026-08-02 00:00:00,No,,NABWERA,Cloudy,09:00:00,10:00:00,0,8,368,11,0,8,6,5,0,0,0,8,1,407,8,415,11,No,No,Yes,Morning Peak
748,Bwaise,Cross Junction,Bwaise CROSS JUNCTION-  Junction_count_data_entry.xlsx,Day 1,2026-08-02 00:00:00,No,,NABWERA,Cloudy,10:00:00,11:00:00,0,9,403,5,0,5,7,5,0,0,0,6,0,431,9,440,5,No,No,Yes,Midday / Off-Peak
749,Bwaise,Cross Junction,Bwaise CROSS JUNCTION-  Junction_count_data_entry.xlsx,Day 1,2026-08-02 00:00:00,No,,NABWERA,Cloudy,11:00:00,12:00:00,0,10,473,4,0,9,8,10,0,0,0,13,0,517,10,527,4,No,No,Yes,Midday / Off-Peak
750,Bwaise,Cross Junction,Bwaise CROSS JUNCTION-  Junction_count_data_entry.xlsx,Day 1,2026-08-02 00:00:00,No,,NABWERA,Cloudy,12:00:00,13:00:00,0,10,360,5,0,13,8,8,0,0,0,13,2,409,10,419,5,No,No,Yes,Midday / Off-Peak
751,Bwaise,Cross Junction,Bwaise CROSS JUNCTION-  Junction_count_data_entry.xlsx,Day 1,2026-08-02 00:00:00,No,,NABWERA,Cloudy,13:00:00,14:00:00,0,5,308,0,0,8,8,5,0,0,0,8,3,340,5,345,0,No,No,Yes,Midday / Off-Peak
752,Bwaise,Cross Junction,Bwaise CROSS JUNCTION-  Junction_count_data_entry.xlsx,Day 1,2026-08-02 00:00:00,No,,NABWERA,Cloudy,14:00:00,15:00:00,0,13,340,5,0,15,14,6,0,0,0,21,0,401,13,414,5,No,No,Yes,Midday / Off-Peak
753,Bwaise,Cross Junction,Bwaise CROSS JUNCTION-  Junction_count_data_entry.xlsx,Day 1,2026-08-02 00:00:00,No,,NABWERA,Cloudy,15:00:00,16:00:00,0,7,333,3,0,17,9,4,0,0,0,10,2,378,7,385,3,No,No,Yes,Midday / Off-Peak
754,Bwaise,Cross Junction,Bwaise CROSS JUNCTION-  Junction_count_data_entry.xlsx,Day 1,2026-08-02 00:00:00,No,,NABWERA,Cloudy,16:00:00,17:00:00,0,5,347,4,0,16,13,5,0,0,0,4,2,391,5,396,4,No,No,Yes,Evening Peak
755,Bwaise,Cross Junction,Bwaise CROSS JUNCTION-  Junction_count_data_entry.xlsx,Day 1,2026-08-02 00:00:00,No,,NABWERA,Cloudy,17:00:00,18:00:00,0,12,452,7,0,18,10,13,1,0,0,12,0,513,12,525,7,No,No,Yes,Evening Peak
756,Bwaise,Cross Junction,Bwaise CROSS JUNCTION-  Junction_count_data_entry.xlsx,Day 1,2026-08-02 00:00:00,No,,NABWERA,Cloudy,18:00:00,19:00:00,0,26,466,5,0,19,17,18,0,0,0,17,0,542,26,568,5,No,No,Yes,Evening Peak
757,Bwaise,Cross Junction,Bwaise CROSS JUNCTION-  Junction_count_data_entry.xlsx,Day 1,2026-08-02 00:00:00,No,,KAMPALA CITY,Cloudy,07:00:00,08:00:00,0,1,141,0,0,3,0,3,0,0,1,6,2,156,1,157,0,No,No,Yes,Morning Peak
758,Bwaise,Cross Junction,Bwaise CROSS JUNCTION-  Junction_count_data_entry.xlsx,Day 1,2026-08-02 00:00:00,No,,KAMPALA CITY,Cloudy,08:00:00,09:00:00,0,4,100,0,0,1,2,2,0,0,6,0,0,111,4,115,0,No,No,Yes,Morning Peak
759,Bwaise,Cross Junction,Bwaise CROSS JUNCTION-  Junction_count_data_entry.xlsx,Day 1,2026-08-02 00:00:00,No,,KAMPALA CITY,Cloudy,09:00:00,10:00:00,0,6,92,2,3,3,2,2,1,0,0,12,1,118,6,124,5,No,No,Yes,Morning Peak
760,Bwaise,Cross Junction,Bwaise CROSS JUNCTION-  Junction_count_data_entry.xlsx,Day 1,2026-08-02 00:00:00,No,,KAMPALA CITY,Cloudy,10:00:00,11:00:00,0,5,129,1,0,2,4,6,0,0,0,23,1,166,5,171,1,No,No,Yes,Midday / Off-Peak
761,Bwaise,Cross Junction,Bwaise CROSS JUNCTION-  Junction_count_data_entry.xlsx,Day 1,2026-08-02 00:00:00,No,,KAMPALA CITY,Cloudy,11:00:00,12:00:00,0,2,122,1,0,1,10,6,0,0,0,22,1,163,2,165,1,No,No,Yes,Midday / Off-Peak
762,Bwaise,Cross Junction,Bwaise CROSS JUNCTION-  Junction_count_data_entry.xlsx,Day 1,2026-08-02 00:00:00,No,,KAMPALA CITY,Cloudy,12:00:00,13:00:00,0,1,108,2,1,4,8,7,0,0,0,16,0,146,1,147,3,No,No,Yes,Midday / Off-Peak
763,Bwaise,Cross Junction,Bwaise CROSS JUNCTION-  Junction_count_data_entry.xlsx,Day 1,2026-08-02 00:00:00,No,,KAMPALA CITY,Cloudy,13:00:00,14:00:00,0,1,92,0,0,3,4,8,0,0,0,17,0,124,1,125,0,No,No,Yes,Midday / Off-Peak
764,Bwaise,Cross Junction,Bwaise CROSS JUNCTION-  Junction_count_data_entry.xlsx,Day 1,2026-08-02 00:00:00,No,,KAMPALA CITY,Cloudy,14:00:00,15:00:00,0,0,115,3,0,6,10,3,0,0,0,13,2,152,0,152,3,No,No,Yes,Midday / Off-Peak
765,Bwaise,Cross Junction,Bwaise CROSS JUNCTION-  Junction_count_data_entry.xlsx,Day 1,2026-08-02 00:00:00,No,,KAMPALA CITY,Cloudy,15:00:00,16:00:00,0,3,96,0,0,8,3,5,0,0,0,16,3,131,3,134,0,No,No,Yes,Midday / Off-Peak
766,Bwaise,Cross Junction,Bwaise CROSS JUNCTION-  Junction_count_data_entry.xlsx,Day 1,2026-08-02 00:00:00,No,,KAMPALA CITY,Cloudy,16:00:00,17:00:00,0,2,100,0,0,4,2,8,0,0,0,16,2,132,2,134,0,No,No,Yes,Evening Peak
767,Bwaise,Cross Junction,Bwaise CROSS JUNCTION-  Junction_count_data_entry.xlsx,Day 1,2026-08-02 00:00:00,No,,KAMPALA CITY,Cloudy,17:00:00,18:00:00,0,3,171,1,0,6,4,8,3,0,0,18,3,214,3,217,1,No,No,Yes,Evening Peak
768,Bwaise,Cross Junction,Bwaise CROSS JUNCTION-  Junction_count_data_entry.xlsx,Day 1,2026-08-02 00:00:00,No,,KAMPALA CITY,Cloudy,18:00:00,19:00:00,0,4,133,1,0,0,3,6,0,0,0,14,3,160,4,164,1,No,No,Yes,Evening Peak
769,Bwaise,Cross Junction,Bwaise CROSS JUNCTION-  Junction_count_data_entry.xlsx,Day 1,2026-08-02 00:00:00,No,,GAYAZA,Sunny,07:00:00,08:00:00,0,6,70,5,0,10,11,30,1,0,2,2,0,131,6,137,5,No,No,Yes,Morning Peak
770,Bwaise,Cross Junction,Bwaise CROSS JUNCTION-  Junction_count_data_entry.xlsx,Day 1,2026-08-02 00:00:00,No,,GAYAZA,Sunny,08:00:00,09:00:00,0,0,48,2,0,12,1,35,1,0,3,8,4,114,0,114,2,No,No,Yes,Morning Peak
771,Bwaise,Cross Junction,Bwaise CROSS JUNCTION-  Junction_count_data_entry.xlsx,Day 1,2026-08-02 00:00:00,No,,GAYAZA,Sunny,09:00:00,10:00:00,0,2,100,0,0,24,10,41,0,0,3,6,0,184,2,186,0,No,No,Yes,Morning Peak
772,Bwaise,Cross Junction,Bwaise CROSS JUNCTION-  Junction_count_data_entry.xlsx,Day 1,2026-08-02 00:00:00,No,,GAYAZA,Sunny,10:00:00,11:00:00,0,3,143,0,0,32,0,28,0,0,3,9,0,215,3,218,0,No,No,Yes,Midday / Off-Peak
773,Bwaise,Cross Junction,Bwaise CROSS JUNCTION-  Junction_count_data_entry.xlsx,Day 1,2026-08-02 00:00:00,No,,GAYAZA,Sunny,11:00:00,12:00:00,0,0,137,1,0,38,13,36,0,0,3,9,0,237,0,237,1,No,No,Yes,Midday / Off-Peak
774,Bwaise,Cross Junction,Bwaise CROSS JUNCTION-  Junction_count_data_entry.xlsx,Day 1,2026-08-02 00:00:00,No,,GAYAZA,Sunny,12:00:00,13:00:00,0,0,131,2,0,44,18,45,0,1,2,12,1,256,0,256,2,No,No,Yes,Midday / Off-Peak
775,Bwaise,Cross Junction,Bwaise CROSS JUNCTION-  Junction_count_data_entry.xlsx,Day 1,2026-08-02 00:00:00,No,,GAYAZA,Sunny,13:00:00,14:00:00,0,1,83,1,0,59,8,38,0,0,5,14,0,208,1,209,1,No,No,Yes,Midday / Off-Peak
776,Bwaise,Cross Junction,Bwaise CROSS JUNCTION-  Junction_count_data_entry.xlsx,Day 1,2026-08-02 00:00:00,No,,GAYAZA,Sunny,14:00:00,15:00:00,0,1,90,1,0,100,5,27,0,0,3,8,0,234,1,235,1,No,No,Yes,Midday / Off-Peak
777,Bwaise,Cross Junction,Bwaise CROSS JUNCTION-  Junction_count_data_entry.xlsx,Day 1,2026-08-02 00:00:00,No,,GAYAZA,Sunny,15:00:00,16:00:00,0,2,114,3,0,54,18,32,0,0,11,10,0,242,2,244,3,No,No,Yes,Midday / Off-Peak
778,Bwaise,Cross Junction,Bwaise CROSS JUNCTION-  Junction_count_data_entry.xlsx,Day 1,2026-08-02 00:00:00,No,,GAYAZA,Sunny,16:00:00,17:00:00,0,0,133,0,0,64,19,28,0,0,7,7,0,258,0,258,0,No,No,Yes,Evening Peak
779,Bwaise,Cross Junction,Bwaise CROSS JUNCTION-  Junction_count_data_entry.xlsx,Day 1,2026-08-02 00:00:00,No,,GAYAZA,Sunny,17:00:00,18:00:00,0,1,217,0,0,81,7,25,0,0,6,11,0,347,1,348,0,No,No,Yes,Evening Peak
780,Bwaise,Cross Junction,Bwaise CROSS JUNCTION-  Junction_count_data_entry.xlsx,Day 1,2026-08-02 00:00:00,No,,GAYAZA,Sunny,18:00:00,19:00:00,0,0,223,1,0,55,13,23,0,0,8,11,1,335,0,335,1,No,No,Yes,Evening Peak
781,Bwaise,Cross Junction,Bwaise CROSS JUNCTION-  Junction_count_data_entry.xlsx,Day 1,2026-08-02 00:00:00,No,MBALE,KAWEMPE,Sunny,07:00:00,08:00:00,0,21,195,0,0,80,55,62,0,3,13,23,15,446,21,467,0,No,No,Yes,Morning Peak
782,Bwaise,Cross Junction,Bwaise CROSS JUNCTION-  Junction_count_data_entry.xlsx,Day 1,2026-08-02 00:00:00,No,MBALE,KAWEMPE,Sunny,08:00:00,09:00:00,0,10,305,0,0,82,36,86,4,1,8,22,19,563,10,573,0,No,No,Yes,Morning Peak
783,Bwaise,Cross Junction,Bwaise CROSS JUNCTION-  Junction_count_data_entry.xlsx,Day 1,2026-08-02 00:00:00,No,MBALE,KAWEMPE,Sunny,09:00:00,10:00:00,0,10,600,2,0,118,45,94,3,2,10,22,10,906,10,916,2,No,No,Yes,Morning Peak
784,Bwaise,Cross Junction,Bwaise CROSS JUNCTION-  Junction_count_data_entry.xlsx,Day 1,2026-08-02 00:00:00,No,MBALE,KAWEMPE,Sunny,10:00:00,11:00:00,0,3,553,2,0,172,37,88,3,2,9,29,19,914,3,917,2,No,No,Yes,Midday / Off-Peak
785,Bwaise,Cross Junction,Bwaise CROSS JUNCTION-  Junction_count_data_entry.xlsx,Day 1,2026-08-02 00:00:00,No,MBALE,KAWEMPE,Sunny,11:00:00,12:00:00,0,3,585,3,0,144,29,79,4,8,4,40,16,912,3,915,3,No,No,Yes,Midday / Off-Peak
786,Bwaise,Cross Junction,Bwaise CROSS JUNCTION-  Junction_count_data_entry.xlsx,Day 1,2026-08-02 00:00:00,No,MBALE,KAWEMPE,Sunny,12:00:00,13:00:00,0,0,560,5,0,169,32,79,0,3,8,31,20,907,0,907,5,No,No,Yes,Midday / Off-Peak
787,Bwaise,Cross Junction,Bwaise CROSS JUNCTION-  Junction_count_data_entry.xlsx,Day 1,2026-08-02 00:00:00,No,MBALE,KAWEMPE,Sunny,13:00:00,14:00:00,0,1,340,6,0,169,42,98,4,1,13,28,13,714,1,715,6,No,No,Yes,Midday / Off-Peak
788,Bwaise,Cross Junction,Bwaise CROSS JUNCTION-  Junction_count_data_entry.xlsx,Day 1,2026-08-02 00:00:00,No,MBALE,KAWEMPE,Sunny,14:00:00,15:00:00,0,2,527,1,0,155,18,75,3,3,6,33,10,831,2,833,1,No,No,Yes,Midday / Off-Peak
789,Bwaise,Cross Junction,Bwaise CROSS JUNCTION-  Junction_count_data_entry.xlsx,Day 1,2026-08-02 00:00:00,No,MBALE,KAWEMPE,Sunny,15:00:00,16:00:00,0,2,315,1,0,112,31,90,1,1,4,38,15,608,2,610,1,No,No,Yes,Midday / Off-Peak
790,Bwaise,Cross Junction,Bwaise CROSS JUNCTION-  Junction_count_data_entry.xlsx,Day 1,2026-08-02 00:00:00,No,MBALE,KAWEMPE,Sunny,16:00:00,17:00:00,0,3,400,3,0,107,24,88,3,1,9,32,8,675,3,678,3,No,No,Yes,Evening Peak
791,Bwaise,Cross Junction,Bwaise CROSS JUNCTION-  Junction_count_data_entry.xlsx,Day 1,2026-08-02 00:00:00,No,MBALE,KAWEMPE,Sunny,17:00:00,18:00:00,0,1,648,0,2,120,23,80,1,0,5,25,11,915,1,916,2,No,No,Yes,Evening Peak
792,Bwaise,Cross Junction,Bwaise CROSS JUNCTION-  Junction_count_data_entry.xlsx,Day 1,2026-08-02 00:00:00,No,MBALE,KAWEMPE,Sunny,18:00:00,19:00:00,0,0,717,2,0,101,32,105,1,2,6,18,12,996,0,996,2,No,No,Yes,Evening Peak
793,Bwaise,Cross Junction,Bwaise CROSS JUNCTION-  Junction_count_data_entry.xlsx,Day 1,2026-08-02 00:00:00,No,,NABWERA,Sunny,07:00:00,08:00:00,0,5,135,0,0,10,6,6,1,0,0,0,2,160,5,165,0,No,No,Yes,Morning Peak
794,Bwaise,Cross Junction,Bwaise CROSS JUNCTION-  Junction_count_data_entry.xlsx,Day 1,2026-08-02 00:00:00,No,,NABWERA,Sunny,08:00:00,09:00:00,0,10,175,1,0,19,2,4,0,0,0,3,0,204,10,214,1,No,No,Yes,Morning Peak
795,Bwaise,Cross Junction,Bwaise CROSS JUNCTION-  Junction_count_data_entry.xlsx,Day 1,2026-08-02 00:00:00,No,,NABWERA,Sunny,09:00:00,10:00:00,0,1,280,0,0,21,5,15,0,0,5,6,1,333,1,334,0,No,No,Yes,Morning Peak
796,Bwaise,Cross Junction,Bwaise CROSS JUNCTION-  Junction_count_data_entry.xlsx,Day 1,2026-08-02 00:00:00,No,,NABWERA,Sunny,10:00:00,11:00:00,0,3,295,1,0,20,7,12,0,0,2,2,0,339,3,342,1,No,No,Yes,Midday / Off-Peak
797,Bwaise,Cross Junction,Bwaise CROSS JUNCTION-  Junction_count_data_entry.xlsx,Day 1,2026-08-02 00:00:00,No,,NABWERA,Sunny,11:00:00,12:00:00,0,3,215,1,0,20,9,6,0,0,1,0,0,252,3,255,1,No,No,Yes,Midday / Off-Peak
798,Bwaise,Cross Junction,Bwaise CROSS JUNCTION-  Junction_count_data_entry.xlsx,Day 1,2026-08-02 00:00:00,No,,NABWERA,Sunny,12:00:00,13:00:00,0,0,165,1,0,42,10,13,1,1,5,10,1,249,0,249,1,No,No,Yes,Midday / Off-Peak
799,Bwaise,Cross Junction,Bwaise CROSS JUNCTION-  Junction_count_data_entry.xlsx,Day 1,2026-08-02 00:00:00,No,,NABWERA,Sunny,13:00:00,14:00:00,0,0,153,0,0,46,8,13,0,0,3,5,1,229,0,229,0,No,No,Yes,Midday / Off-Peak
800,Bwaise,Cross Junction,Bwaise CROSS JUNCTION-  Junction_count_data_entry.xlsx,Day 1,2026-08-02 00:00:00,No,,NABWERA,Sunny,14:00:00,15:00:00,0,1,191,1,0,67,10,15,1,0,2,10,2,299,1,300,1,No,No,Yes,Midday / Off-Peak
801,Bwaise,Cross Junction,Bwaise CROSS JUNCTION-  Junction_count_data_entry.xlsx,Day 1,2026-08-02 00:00:00,No,,NABWERA,Sunny,15:00:00,16:00:00,0,1,173,3,0,26,7,17,0,0,6,4,0,236,1,237,3,No,No,Yes,Midday / Off-Peak
802,Bwaise,Cross Junction,Bwaise CROSS JUNCTION-  Junction_count_data_entry.xlsx,Day 1,2026-08-02 00:00:00,No,,NABWERA,Sunny,16:00:00,17:00:00,0,0,197,2,0,27,3,20,0,0,1,8,0,258,0,258,2,No,No,Yes,Evening Peak
803,Bwaise,Cross Junction,Bwaise CROSS JUNCTION-  Junction_count_data_entry.xlsx,Day 1,2026-08-02 00:00:00,No,,NABWERA,Sunny,17:00:00,18:00:00,0,0,360,0,0,49,11,19,0,0,7,7,0,453,0,453,0,No,No,Yes,Evening Peak
804,Bwaise,Cross Junction,Bwaise CROSS JUNCTION-  Junction_count_data_entry.xlsx,Day 1,2026-08-02 00:00:00,No,,NABWERA,Sunny,18:00:00,19:00:00,0,3,270,0,0,62,8,28,0,0,6,5,0,379,3,382,0,No,No,Yes,Evening Peak
805,Bwaise,Cross Junction,Bwaise CROSS JUNCTION-  Junction_count_data_entry.xlsx,Day 1,2026-08-02 00:00:00,No,,KAWEMPE,Sunny,07:00:00,08:00:00,0,5,47,0,0,6,0,8,0,0,0,6,0,67,5,72,0,No,No,Yes,Morning Peak
806,Bwaise,Cross Junction,Bwaise CROSS JUNCTION-  Junction_count_data_entry.xlsx,Day 1,2026-08-02 00:00:00,No,,KAWEMPE,Sunny,08:00:00,09:00:00,0,0,31,1,0,1,1,0,0,0,0,0,1,35,0,35,1,No,No,Yes,Morning Peak
807,Bwaise,Cross Junction,Bwaise CROSS JUNCTION-  Junction_count_data_entry.xlsx,Day 1,2026-08-02 00:00:00,No,,KAWEMPE,Sunny,09:00:00,10:00:00,0,0,41,0,0,12,6,8,1,0,17,2,2,89,0,89,0,No,No,Yes,Morning Peak
808,Bwaise,Cross Junction,Bwaise CROSS JUNCTION-  Junction_count_data_entry.xlsx,Day 1,2026-08-02 00:00:00,No,,KAWEMPE,Sunny,10:00:00,11:00:00,0,0,70,0,0,0,2,3,0,0,4,2,0,81,0,81,0,No,No,Yes,Midday / Off-Peak
809,Bwaise,Cross Junction,Bwaise CROSS JUNCTION-  Junction_count_data_entry.xlsx,Day 1,2026-08-02 00:00:00,No,,KAWEMPE,Sunny,11:00:00,12:00:00,0,0,79,0,0,5,1,1,0,0,12,0,0,98,0,98,0,No,No,Yes,Midday / Off-Peak
810,Bwaise,Cross Junction,Bwaise CROSS JUNCTION-  Junction_count_data_entry.xlsx,Day 1,2026-08-02 00:00:00,No,,KAWEMPE,Sunny,12:00:00,13:00:00,0,0,77,0,0,0,0,2,0,0,11,0,0,90,0,90,0,No,No,Yes,Midday / Off-Peak
811,Bwaise,Cross Junction,Bwaise CROSS JUNCTION-  Junction_count_data_entry.xlsx,Day 1,2026-08-02 00:00:00,No,,KAWEMPE,Sunny,13:00:00,14:00:00,0,0,65,0,0,1,0,1,0,0,3,0,1,71,0,71,0,No,No,Yes,Midday / Off-Peak
812,Bwaise,Cross Junction,Bwaise CROSS JUNCTION-  Junction_count_data_entry.xlsx,Day 1,2026-08-02 00:00:00,No,,KAWEMPE,Sunny,14:00:00,15:00:00,0,0,60,0,0,0,0,1,0,0,6,0,0,67,0,67,0,No,No,Yes,Midday / Off-Peak
813,Bwaise,Cross Junction,Bwaise CROSS JUNCTION-  Junction_count_data_entry.xlsx,Day 1,2026-08-02 00:00:00,No,,KAWEMPE,Sunny,15:00:00,16:00:00,0,0,54,0,0,0,0,0,0,0,0,0,0,54,0,54,0,No,No,Yes,Midday / Off-Peak
814,Bwaise,Cross Junction,Bwaise CROSS JUNCTION-  Junction_count_data_entry.xlsx,Day 1,2026-08-02 00:00:00,No,,KAWEMPE,Sunny,16:00:00,17:00:00,0,0,40,0,0,0,0,0,0,0,3,1,0,44,0,44,0,No,No,Yes,Evening Peak
815,Bwaise,Cross Junction,Bwaise CROSS JUNCTION-  Junction_count_data_entry.xlsx,Day 1,2026-08-02 00:00:00,No,,KAWEMPE,Sunny,17:00:00,18:00:00,0,0,61,0,0,0,1,2,0,0,4,1,0,69,0,69,0,No,No,Yes,Evening Peak
816,Bwaise,Cross Junction,Bwaise CROSS JUNCTION-  Junction_count_data_entry.xlsx,Day 1,2026-08-02 00:00:00,No,,KAWEMPE,Sunny,18:00:00,19:00:00,0,0,85,0,0,2,0,0,0,0,2,0,1,90,0,90,0,No,No,Yes,Evening Peak
817,Bwaise,Cross Junction,Bwaise CROSS JUNCTION-  Junction_count_data_entry.xlsx,Day 1,2026-08-02 00:00:00,No,,GAYAZA,Sunny,07:00:00,08:00:00,0,0,188,0,0,3,0,8,0,0,0,6,0,205,0,205,0,No,No,Yes,Morning Peak
818,Bwaise,Cross Junction,Bwaise CROSS JUNCTION-  Junction_count_data_entry.xlsx,Day 1,2026-08-02 00:00:00,No,,GAYAZA,Sunny,08:00:00,09:00:00,0,0,141,0,0,1,14,5,0,0,0,4,4,169,0,169,0,No,No,Yes,Morning Peak
819,Bwaise,Cross Junction,Bwaise CROSS JUNCTION-  Junction_count_data_entry.xlsx,Day 1,2026-08-02 00:00:00,No,,GAYAZA,Sunny,09:00:00,10:00:00,0,10,207,0,0,7,18,2,0,0,9,2,0,245,10,255,0,No,No,Yes,Morning Peak
820,Bwaise,Cross Junction,Bwaise CROSS JUNCTION-  Junction_count_data_entry.xlsx,Day 1,2026-08-02 00:00:00,No,,GAYAZA,Sunny,10:00:00,11:00:00,0,0,200,0,0,11,19,11,0,0,13,1,0,255,0,255,0,No,No,Yes,Midday / Off-Peak
821,Bwaise,Cross Junction,Bwaise CROSS JUNCTION-  Junction_count_data_entry.xlsx,Day 1,2026-08-02 00:00:00,No,,GAYAZA,Sunny,11:00:00,12:00:00,0,0,175,0,0,12,7,26,0,0,11,0,0,231,0,231,0,No,No,Yes,Midday / Off-Peak
822,Bwaise,Cross Junction,Bwaise CROSS JUNCTION-  Junction_count_data_entry.xlsx,Day 1,2026-08-02 00:00:00,No,,GAYAZA,Sunny,12:00:00,13:00:00,0,0,189,0,0,9,18,11,0,0,12,3,0,242,0,242,0,No,No,Yes,Midday / Off-Peak
823,Bwaise,Cross Junction,Bwaise CROSS JUNCTION-  Junction_count_data_entry.xlsx,Day 1,2026-08-02 00:00:00,No,,GAYAZA,Sunny,13:00:00,14:00:00,0,0,145,0,0,11,10,13,0,0,4,1,0,184,0,184,0,No,No,Yes,Midday / Off-Peak
824,Bwaise,Cross Junction,Bwaise CROSS JUNCTION-  Junction_count_data_entry.xlsx,Day 1,2026-08-02 00:00:00,No,,GAYAZA,Sunny,14:00:00,15:00:00,0,0,180,0,0,12,4,2,0,0,15,2,0,215,0,215,0,No,No,Yes,Midday / Off-Peak
825,Bwaise,Cross Junction,Bwaise CROSS JUNCTION-  Junction_count_data_entry.xlsx,Day 1,2026-08-02 00:00:00,No,,GAYAZA,Sunny,15:00:00,16:00:00,0,0,175,0,0,14,17,3,0,0,9,5,0,223,0,223,0,No,No,Yes,Midday / Off-Peak
826,Bwaise,Cross Junction,Bwaise CROSS JUNCTION-  Junction_count_data_entry.xlsx,Day 1,2026-08-02 00:00:00,No,,GAYAZA,Sunny,16:00:00,17:00:00,0,0,158,0,0,7,6,8,0,0,8,3,0,190,0,190,0,No,No,Yes,Evening Peak
827,Bwaise,Cross Junction,Bwaise CROSS JUNCTION-  Junction_count_data_entry.xlsx,Day 1,2026-08-02 00:00:00,No,,GAYAZA,Sunny,17:00:00,18:00:00,0,0,275,0,0,17,22,9,0,0,8,1,0,332,0,332,0,No,No,Yes,Evening Peak
828,Bwaise,Cross Junction,Bwaise CROSS JUNCTION-  Junction_count_data_entry.xlsx,Day 1,2026-08-02 00:00:00,No,,GAYAZA,Sunny,18:00:00,19:00:00,0,0,190,0,0,20,24,16,0,0,7,2,0,259,0,259,0,No,No,Yes,Evening Peak
829,Bwaise,Cross Junction,Bwaise CROSS JUNCTION-  Junction_count_data_entry.xlsx,Day 1,2026-08-02 00:00:00,No,,KAMPALA CITY,Sunny,07:00:00,08:00:00,0,0,334,0,0,11,6,5,0,0,0,6,0,362,0,362,0,No,No,Yes,Morning Peak
830,Bwaise,Cross Junction,Bwaise CROSS JUNCTION-  Junction_count_data_entry.xlsx,Day 1,2026-08-02 00:00:00,No,,KAMPALA CITY,Sunny,08:00:00,09:00:00,0,7,350,0,0,12,24,6,0,0,3,3,1,399,7,406,0,No,No,Yes,Morning Peak
831,Bwaise,Cross Junction,Bwaise CROSS JUNCTION-  Junction_count_data_entry.xlsx,Day 1,2026-08-02 00:00:00,No,,KAMPALA CITY,Sunny,09:00:00,10:00:00,0,0,425,0,0,38,21,3,0,0,9,2,0,498,0,498,0,No,No,Yes,Morning Peak
832,Bwaise,Cross Junction,Bwaise CROSS JUNCTION-  Junction_count_data_entry.xlsx,Day 1,2026-08-02 00:00:00,No,,KAMPALA CITY,Sunny,10:00:00,11:00:00,0,0,490,0,0,29,21,6,0,0,10,4,2,562,0,562,0,No,No,Yes,Midday / Off-Peak
833,Bwaise,Cross Junction,Bwaise CROSS JUNCTION-  Junction_count_data_entry.xlsx,Day 1,2026-08-02 00:00:00,No,,KAMPALA CITY,Sunny,11:00:00,12:00:00,0,0,595,0,0,22,13,10,0,0,8,0,0,648,0,648,0,No,No,Yes,Midday / Off-Peak
834,Bwaise,Cross Junction,Bwaise CROSS JUNCTION-  Junction_count_data_entry.xlsx,Day 1,2026-08-02 00:00:00,No,,KAMPALA CITY,Sunny,12:00:00,13:00:00,0,0,470,0,0,52,41,3,1,0,15,1,1,584,0,584,0,No,No,Yes,Midday / Off-Peak
835,Bwaise,Cross Junction,Bwaise CROSS JUNCTION-  Junction_count_data_entry.xlsx,Day 1,2026-08-02 00:00:00,No,,KAMPALA CITY,Sunny,13:00:00,14:00:00,0,0,325,0,0,55,35,7,0,0,7,7,1,437,0,437,0,No,No,Yes,Midday / Off-Peak
836,Bwaise,Cross Junction,Bwaise CROSS JUNCTION-  Junction_count_data_entry.xlsx,Day 1,2026-08-02 00:00:00,No,,KAMPALA CITY,Sunny,14:00:00,15:00:00,0,0,370,0,0,49,36,2,0,0,8,2,0,467,0,467,0,No,No,Yes,Midday / Off-Peak
837,Bwaise,Cross Junction,Bwaise CROSS JUNCTION-  Junction_count_data_entry.xlsx,Day 1,2026-08-02 00:00:00,No,,KAMPALA CITY,Sunny,15:00:00,16:00:00,0,0,315,0,0,46,21,8,0,0,4,1,1,396,0,396,0,No,No,Yes,Midday / Off-Peak
838,Bwaise,Cross Junction,Bwaise CROSS JUNCTION-  Junction_count_data_entry.xlsx,Day 1,2026-08-02 00:00:00,No,,KAMPALA CITY,Sunny,16:00:00,17:00:00,0,0,310,0,0,35,20,3,0,0,8,1,0,377,0,377,0,No,No,Yes,Evening Peak
839,Bwaise,Cross Junction,Bwaise CROSS JUNCTION-  Junction_count_data_entry.xlsx,Day 1,2026-08-02 00:00:00,No,,KAMPALA CITY,Sunny,17:00:00,18:00:00,0,0,430,0,0,43,38,3,0,1,12,3,0,530,0,530,0,No,No,Yes,Evening Peak
840,Bwaise,Cross Junction,Bwaise CROSS JUNCTION-  Junction_count_data_entry.xlsx,Day 1,2026-08-02 00:00:00,No,,KAMPALA CITY,Sunny,18:00:00,19:00:00,0,0,365,0,0,33,20,6,0,0,8,1,1,434,0,434,0,No,No,Yes,Evening Peak
841,Bwaise,Cross Junction,Bwaise CROSS JUNCTION-  Junction_count_data_entry.xlsx,Day 2,2026-08-03 00:00:00,No,,GAYAZA,Sunny,07:00:00,08:00:00,0,6,200,0,0,10,6,39,2,0,17,5,0,279,6,285,0,No,No,Yes,Morning Peak
842,Bwaise,Cross Junction,Bwaise CROSS JUNCTION-  Junction_count_data_entry.xlsx,Day 2,2026-08-03 00:00:00,No,,GAYAZA,Sunny,08:00:00,09:00:00,0,3,200,1,0,5,3,46,0,0,0,5,1,261,3,264,1,No,No,Yes,Morning Peak
843,Bwaise,Cross Junction,Bwaise CROSS JUNCTION-  Junction_count_data_entry.xlsx,Day 2,2026-08-03 00:00:00,No,,GAYAZA,Sunny,09:00:00,10:00:00,0,6,400,2,0,3,2,36,0,1,17,16,0,477,6,483,2,No,No,Yes,Morning Peak
844,Bwaise,Cross Junction,Bwaise CROSS JUNCTION-  Junction_count_data_entry.xlsx,Day 2,2026-08-03 00:00:00,No,,GAYAZA,Sunny,10:00:00,11:00:00,0,2,300,0,0,4,7,44,3,0,0,13,0,371,2,373,0,No,No,Yes,Midday / Off-Peak
845,Bwaise,Cross Junction,Bwaise CROSS JUNCTION-  Junction_count_data_entry.xlsx,Day 2,2026-08-03 00:00:00,No,,GAYAZA,Sunny,11:00:00,12:00:00,0,3,250,2,0,6,7,68,0,0,23,10,0,366,3,369,2,No,No,Yes,Midday / Off-Peak
846,Bwaise,Cross Junction,Bwaise CROSS JUNCTION-  Junction_count_data_entry.xlsx,Day 2,2026-08-03 00:00:00,No,,GAYAZA,Sunny,12:00:00,13:00:00,0,4,352,4,1,3,0,84,0,0,7,9,0,460,4,464,5,No,No,Yes,Midday / Off-Peak
847,Bwaise,Cross Junction,Bwaise CROSS JUNCTION-  Junction_count_data_entry.xlsx,Day 2,2026-08-03 00:00:00,No,,GAYAZA,Sunny,13:00:00,14:00:00,2,4,275,2,0,11,5,85,2,0,0,12,0,392,6,398,2,No,No,Yes,Midday / Off-Peak
848,Bwaise,Cross Junction,Bwaise CROSS JUNCTION-  Junction_count_data_entry.xlsx,Day 2,2026-08-03 00:00:00,No,,GAYAZA,Sunny,14:00:00,15:00:00,0,3,255,1,0,2,4,72,0,0,18,10,0,362,3,365,1,No,No,Yes,Midday / Off-Peak
849,Bwaise,Cross Junction,Bwaise CROSS JUNCTION-  Junction_count_data_entry.xlsx,Day 2,2026-08-03 00:00:00,No,,GAYAZA,Sunny,15:00:00,16:00:00,0,5,290,2,0,5,11,75,1,1,8,3,0,396,5,401,2,No,No,Yes,Midday / Off-Peak
850,Bwaise,Cross Junction,Bwaise CROSS JUNCTION-  Junction_count_data_entry.xlsx,Day 2,2026-08-03 00:00:00,No,,GAYAZA,Sunny,16:00:00,17:00:00,1,3,275,2,0,7,6,69,2,0,10,33,0,404,4,408,2,No,No,Yes,Evening Peak
851,Bwaise,Cross Junction,Bwaise CROSS JUNCTION-  Junction_count_data_entry.xlsx,Day 2,2026-08-03 00:00:00,No,,GAYAZA,Sunny,17:00:00,18:00:00,0,2,235,1,0,4,10,45,0,0,8,6,0,309,2,311,1,No,No,Yes,Evening Peak
852,Bwaise,Cross Junction,Bwaise CROSS JUNCTION-  Junction_count_data_entry.xlsx,Day 2,2026-08-03 00:00:00,No,,GAYAZA,Sunny,18:00:00,19:00:00,0,1,203,1,0,8,11,65,0,0,0,8,0,296,1,297,1,No,No,Yes,Evening Peak
853,Bwaise,Cross Junction,Bwaise CROSS JUNCTION-  Junction_count_data_entry.xlsx,Day 2,2026-08-03 00:00:00,No,,KAMPALA CITY,Sunny,07:00:00,08:00:00,0,17,1000,0,0,135,140,69,11,4,42,31,12,1444,17,1461,0,No,No,Yes,Morning Peak
854,Bwaise,Cross Junction,Bwaise CROSS JUNCTION-  Junction_count_data_entry.xlsx,Day 2,2026-08-03 00:00:00,No,,KAMPALA CITY,Sunny,08:00:00,09:00:00,0,12,1350,4,0,205,265,22,3,0,0,38,14,1901,12,1913,4,No,No,Yes,Morning Peak
855,Bwaise,Cross Junction,Bwaise CROSS JUNCTION-  Junction_count_data_entry.xlsx,Day 2,2026-08-03 00:00:00,No,,KAMPALA CITY,Sunny,09:00:00,10:00:00,0,10,1780,8,0,100,128,25,3,0,23,74,25,2166,10,2176,8,No,No,Yes,Morning Peak
856,Bwaise,Cross Junction,Bwaise CROSS JUNCTION-  Junction_count_data_entry.xlsx,Day 2,2026-08-03 00:00:00,No,,KAMPALA CITY,Sunny,10:00:00,11:00:00,0,5,1370,3,0,84,97,17,1,0,0,70,24,1666,5,1671,3,No,No,Yes,Midday / Off-Peak
857,Bwaise,Cross Junction,Bwaise CROSS JUNCTION-  Junction_count_data_entry.xlsx,Day 2,2026-08-03 00:00:00,No,,KAMPALA CITY,Sunny,11:00:00,12:00:00,0,5,1451,4,0,135,129,16,1,0,23,101,20,1880,5,1885,4,No,No,Yes,Midday / Off-Peak
858,Bwaise,Cross Junction,Bwaise CROSS JUNCTION-  Junction_count_data_entry.xlsx,Day 2,2026-08-03 00:00:00,No,,KAMPALA CITY,Sunny,12:00:00,13:00:00,0,1,1475,0,0,150,133,43,3,2,0,65,23,1894,1,1895,0,No,No,Yes,Midday / Off-Peak
859,Bwaise,Cross Junction,Bwaise CROSS JUNCTION-  Junction_count_data_entry.xlsx,Day 2,2026-08-03 00:00:00,No,,KAMPALA CITY,Sunny,13:00:00,14:00:00,3,3,1420,5,0,120,141,18,0,1,0,85,29,1819,6,1825,5,No,No,Yes,Midday / Off-Peak
860,Bwaise,Cross Junction,Bwaise CROSS JUNCTION-  Junction_count_data_entry.xlsx,Day 2,2026-08-03 00:00:00,No,,KAMPALA CITY,Sunny,14:00:00,15:00:00,0,4,1570,5,0,100,166,36,0,0,32,65,27,2001,4,2005,5,No,No,Yes,Midday / Off-Peak
861,Bwaise,Cross Junction,Bwaise CROSS JUNCTION-  Junction_count_data_entry.xlsx,Day 2,2026-08-03 00:00:00,No,,KAMPALA CITY,Sunny,15:00:00,16:00:00,0,2,1520,7,0,98,155,24,2,3,14,54,22,1899,2,1901,7,No,No,Yes,Midday / Off-Peak
862,Bwaise,Cross Junction,Bwaise CROSS JUNCTION-  Junction_count_data_entry.xlsx,Day 2,2026-08-03 00:00:00,No,,KAMPALA CITY,Sunny,16:00:00,17:00:00,0,5,1333,3,0,112,136,41,2,3,12,50,32,1724,5,1729,3,No,No,Yes,Evening Peak
863,Bwaise,Cross Junction,Bwaise CROSS JUNCTION-  Junction_count_data_entry.xlsx,Day 2,2026-08-03 00:00:00,No,,KAMPALA CITY,Sunny,17:00:00,18:00:00,0,3,1270,4,0,93,127,25,4,6,15,35,22,1601,3,1604,4,No,No,Yes,Evening Peak
864,Bwaise,Cross Junction,Bwaise CROSS JUNCTION-  Junction_count_data_entry.xlsx,Day 2,2026-08-03 00:00:00,No,,KAMPALA CITY,Sunny,18:00:00,19:00:00,0,3,171,0,0,105,90,33,3,3,0,52,19,476,3,479,0,No,No,Yes,Evening Peak
865,Bwaise,Cross Junction,Bwaise CROSS JUNCTION-  Junction_count_data_entry.xlsx,Day 2,2026-08-03 00:00:00,No,,NABWERU,Sunny,07:00:00,08:00:00,0,4,157,0,0,2,1,1,0,0,0,1,0,162,4,166,0,No,No,Yes,Morning Peak
866,Bwaise,Cross Junction,Bwaise CROSS JUNCTION-  Junction_count_data_entry.xlsx,Day 2,2026-08-03 00:00:00,No,,NABWERU,Sunny,08:00:00,09:00:00,0,3,185,1,0,7,3,0,0,0,2,2,0,200,3,203,1,No,No,Yes,Morning Peak
867,Bwaise,Cross Junction,Bwaise CROSS JUNCTION-  Junction_count_data_entry.xlsx,Day 2,2026-08-03 00:00:00,No,,NABWERU,Sunny,09:00:00,10:00:00,0,3,202,3,0,2,1,0,0,0,0,4,0,212,3,215,3,No,No,Yes,Morning Peak
868,Bwaise,Cross Junction,Bwaise CROSS JUNCTION-  Junction_count_data_entry.xlsx,Day 2,2026-08-03 00:00:00,No,,NABWERU,Sunny,10:00:00,11:00:00,0,2,210,4,0,1,0,0,0,0,0,1,0,216,2,218,4,No,No,Yes,Midday / Off-Peak
869,Bwaise,Cross Junction,Bwaise CROSS JUNCTION-  Junction_count_data_entry.xlsx,Day 2,2026-08-03 00:00:00,No,,NABWERU,Sunny,11:00:00,12:00:00,0,1,171,1,0,3,3,0,0,0,2,0,0,180,1,181,1,No,No,Yes,Midday / Off-Peak
870,Bwaise,Cross Junction,Bwaise CROSS JUNCTION-  Junction_count_data_entry.xlsx,Day 2,2026-08-03 00:00:00,No,,NABWERU,Sunny,12:00:00,13:00:00,0,3,175,1,0,0,0,4,0,0,2,5,0,187,3,190,1,No,No,Yes,Midday / Off-Peak
871,Bwaise,Cross Junction,Bwaise CROSS JUNCTION-  Junction_count_data_entry.xlsx,Day 2,2026-08-03 00:00:00,No,,NABWERU,Sunny,13:00:00,14:00:00,0,1,201,1,0,1,1,0,0,0,0,4,0,208,1,209,1,No,No,Yes,Midday / Off-Peak
872,Bwaise,Cross Junction,Bwaise CROSS JUNCTION-  Junction_count_data_entry.xlsx,Day 2,2026-08-03 00:00:00,No,,NABWERU,Sunny,14:00:00,15:00:00,0,5,200,5,0,1,3,2,0,0,0,5,0,216,5,221,5,No,No,Yes,Midday / Off-Peak
873,Bwaise,Cross Junction,Bwaise CROSS JUNCTION-  Junction_count_data_entry.xlsx,Day 2,2026-08-03 00:00:00,No,,NABWERU,Sunny,15:00:00,16:00:00,0,3,150,4,0,3,3,0,0,0,1,1,0,162,3,165,4,No,No,Yes,Midday / Off-Peak
874,Bwaise,Cross Junction,Bwaise CROSS JUNCTION-  Junction_count_data_entry.xlsx,Day 2,2026-08-03 00:00:00,No,,NABWERU,Sunny,16:00:00,17:00:00,0,1,155,3,0,3,1,0,0,0,0,2,0,164,1,165,3,No,No,Yes,Evening Peak
875,Bwaise,Cross Junction,Bwaise CROSS JUNCTION-  Junction_count_data_entry.xlsx,Day 2,2026-08-03 00:00:00,No,,NABWERU,Sunny,17:00:00,18:00:00,0,1,130,5,0,20,20,1,0,0,1,1,0,178,1,179,5,No,No,Yes,Evening Peak
876,Bwaise,Cross Junction,Bwaise CROSS JUNCTION-  Junction_count_data_entry.xlsx,Day 2,2026-08-03 00:00:00,No,,NABWERU,Sunny,18:00:00,19:00:00,0,3,171,0,0,16,11,0,0,0,0,6,0,204,3,207,0,No,No,Yes,Evening Peak
877,Bwaise,Cross Junction,Bwaise CROSS JUNCTION-  Junction_count_data_entry.xlsx,Day 2,2026-08-03 00:00:00,No,,KAWEMPE,Sunny,07:00:00,08:00:00,0,6,185,0,0,67,88,3,0,0,0,19,0,362,6,368,0,No,No,Yes,Morning Peak
878,Bwaise,Cross Junction,Bwaise CROSS JUNCTION-  Junction_count_data_entry.xlsx,Day 2,2026-08-03 00:00:00,No,,KAWEMPE,Sunny,08:00:00,09:00:00,0,1,164,0,0,79,36,7,0,0,0,22,0,308,1,309,0,No,No,Yes,Morning Peak
879,Bwaise,Cross Junction,Bwaise CROSS JUNCTION-  Junction_count_data_entry.xlsx,Day 2,2026-08-03 00:00:00,No,,KAWEMPE,Sunny,09:00:00,10:00:00,0,5,134,8,0,72,64,4,0,0,0,26,1,309,5,314,8,No,No,Yes,Morning Peak
880,Bwaise,Cross Junction,Bwaise CROSS JUNCTION-  Junction_count_data_entry.xlsx,Day 2,2026-08-03 00:00:00,No,,KAWEMPE,Sunny,10:00:00,11:00:00,0,4,204,4,0,70,39,5,0,0,0,34,0,356,4,360,4,No,No,Yes,Midday / Off-Peak
881,Bwaise,Cross Junction,Bwaise CROSS JUNCTION-  Junction_count_data_entry.xlsx,Day 2,2026-08-03 00:00:00,No,,KAWEMPE,Sunny,11:00:00,12:00:00,0,2,151,10,0,22,18,6,0,0,1,13,0,221,2,223,10,No,No,Yes,Midday / Off-Peak
882,Bwaise,Cross Junction,Bwaise CROSS JUNCTION-  Junction_count_data_entry.xlsx,Day 2,2026-08-03 00:00:00,No,,KAWEMPE,Sunny,12:00:00,13:00:00,0,10,142,6,0,21,27,6,0,0,0,13,0,215,10,225,6,No,No,Yes,Midday / Off-Peak
883,Bwaise,Cross Junction,Bwaise CROSS JUNCTION-  Junction_count_data_entry.xlsx,Day 2,2026-08-03 00:00:00,No,,KAWEMPE,Sunny,13:00:00,14:00:00,0,6,125,5,0,16,21,4,0,0,0,17,0,188,6,194,5,No,No,Yes,Midday / Off-Peak
884,Bwaise,Cross Junction,Bwaise CROSS JUNCTION-  Junction_count_data_entry.xlsx,Day 2,2026-08-03 00:00:00,No,,KAWEMPE,Sunny,14:00:00,15:00:00,0,3,113,10,0,15,16,8,0,0,0,19,0,181,3,184,10,No,No,Yes,Midday / Off-Peak
885,Bwaise,Cross Junction,Bwaise CROSS JUNCTION-  Junction_count_data_entry.xlsx,Day 2,2026-08-03 00:00:00,No,,KAWEMPE,Sunny,15:00:00,16:00:00,0,5,117,8,0,8,6,3,0,0,0,18,1,161,5,166,8,No,No,Yes,Midday / Off-Peak
886,Bwaise,Cross Junction,Bwaise CROSS JUNCTION-  Junction_count_data_entry.xlsx,Day 2,2026-08-03 00:00:00,No,,KAWEMPE,Sunny,16:00:00,17:00:00,0,2,158,2,0,18,14,6,0,0,0,12,1,211,2,213,2,No,No,Yes,Evening Peak
887,Bwaise,Cross Junction,Bwaise CROSS JUNCTION-  Junction_count_data_entry.xlsx,Day 2,2026-08-03 00:00:00,No,,KAWEMPE,Sunny,17:00:00,18:00:00,0,5,159,6,0,7,5,1,0,0,0,13,5,196,5,201,6,No,No,Yes,Evening Peak
888,Bwaise,Cross Junction,Bwaise CROSS JUNCTION-  Junction_count_data_entry.xlsx,Day 2,2026-08-03 00:00:00,No,,KAWEMPE,Sunny,18:00:00,19:00:00,0,5,188,12,0,21,19,2,0,0,0,9,0,251,5,256,12,No,No,Yes,Evening Peak
889,Bwaise,Cross Junction,Bwaise CROSS JUNCTION-  Junction_count_data_entry.xlsx,Day 2,2026-08-03 00:00:00,No,,NABWERU,Cloudy,07:00:00,08:00:00,0,13,491,6,0,12,8,0,0,0,0,1,0,518,13,531,6,No,No,Yes,Morning Peak
890,Bwaise,Cross Junction,Bwaise CROSS JUNCTION-  Junction_count_data_entry.xlsx,Day 2,2026-08-03 00:00:00,No,,NABWERU,Cloudy,08:00:00,09:00:00,0,9,510,1,0,14,10,3,1,0,0,5,0,544,9,553,1,No,No,Yes,Morning Peak
891,Bwaise,Cross Junction,Bwaise CROSS JUNCTION-  Junction_count_data_entry.xlsx,Day 2,2026-08-03 00:00:00,No,,NABWERU,Cloudy,09:00:00,10:00:00,0,12,596,6,0,14,22,2,0,0,0,4,0,644,12,656,6,No,No,Yes,Morning Peak
892,Bwaise,Cross Junction,Bwaise CROSS JUNCTION-  Junction_count_data_entry.xlsx,Day 2,2026-08-03 00:00:00,No,,NABWERU,Cloudy,10:00:00,11:00:00,0,12,552,5,0,22,12,6,0,0,0,19,0,616,12,628,5,No,No,Yes,Midday / Off-Peak
893,Bwaise,Cross Junction,Bwaise CROSS JUNCTION-  Junction_count_data_entry.xlsx,Day 2,2026-08-03 00:00:00,No,,NABWERU,Cloudy,11:00:00,12:00:00,0,12,600,5,0,11,5,7,1,0,0,12,0,641,12,653,5,No,No,Yes,Midday / Off-Peak
894,Bwaise,Cross Junction,Bwaise CROSS JUNCTION-  Junction_count_data_entry.xlsx,Day 2,2026-08-03 00:00:00,No,,NABWERU,Cloudy,12:00:00,13:00:00,0,14,575,4,0,3,9,3,0,0,0,15,0,609,14,623,4,No,No,Yes,Midday / Off-Peak
895,Bwaise,Cross Junction,Bwaise CROSS JUNCTION-  Junction_count_data_entry.xlsx,Day 2,2026-08-03 00:00:00,No,,NABWERU,Cloudy,13:00:00,14:00:00,0,13,385,7,0,13,12,4,0,0,0,13,1,435,13,448,7,No,No,Yes,Midday / Off-Peak
896,Bwaise,Cross Junction,Bwaise CROSS JUNCTION-  Junction_count_data_entry.xlsx,Day 2,2026-08-03 00:00:00,No,,NABWERU,Cloudy,14:00:00,15:00:00,0,14,390,7,0,10,9,5,0,0,0,15,1,437,14,451,7,No,No,Yes,Midday / Off-Peak
897,Bwaise,Cross Junction,Bwaise CROSS JUNCTION-  Junction_count_data_entry.xlsx,Day 2,2026-08-03 00:00:00,No,,NABWERU,Cloudy,15:00:00,16:00:00,0,21,508,6,0,10,9,3,0,0,0,9,0,545,21,566,6,No,No,Yes,Midday / Off-Peak
898,Bwaise,Cross Junction,Bwaise CROSS JUNCTION-  Junction_count_data_entry.xlsx,Day 2,2026-08-03 00:00:00,No,,NABWERU,Cloudy,16:00:00,17:00:00,0,13,524,8,0,8,16,2,0,0,0,18,0,576,13,589,8,No,No,Yes,Evening Peak
899,Bwaise,Cross Junction,Bwaise CROSS JUNCTION-  Junction_count_data_entry.xlsx,Day 2,2026-08-03 00:00:00,No,,NABWERU,Cloudy,17:00:00,18:00:00,0,10,585,6,0,13,11,7,0,0,2,13,0,637,10,647,6,No,No,Yes,Evening Peak
900,Bwaise,Cross Junction,Bwaise CROSS JUNCTION-  Junction_count_data_entry.xlsx,Day 2,2026-08-03 00:00:00,No,,NABWERU,Cloudy,18:00:00,19:00:00,0,13,650,7,0,12,17,8,0,0,0,11,0,705,13,718,7,No,No,Yes,Evening Peak
901,Bwaise,Cross Junction,Bwaise CROSS JUNCTION-  Junction_count_data_entry.xlsx,Day 2,2026-08-03 00:00:00,No,,KAWEMPE,Sunny,07:00:00,08:00:00,0,3,241,2,0,1,5,12,0,0,0,11,1,273,3,276,2,No,No,Yes,Morning Peak
902,Bwaise,Cross Junction,Bwaise CROSS JUNCTION-  Junction_count_data_entry.xlsx,Day 2,2026-08-03 00:00:00,No,,KAWEMPE,Sunny,08:00:00,09:00:00,0,11,261,1,0,3,3,18,0,0,0,5,0,291,11,302,1,No,No,Yes,Morning Peak
903,Bwaise,Cross Junction,Bwaise CROSS JUNCTION-  Junction_count_data_entry.xlsx,Day 2,2026-08-03 00:00:00,No,,KAWEMPE,Sunny,09:00:00,10:00:00,0,7,231,4,0,1,3,22,0,0,0,4,1,266,7,273,4,No,No,Yes,Morning Peak
904,Bwaise,Cross Junction,Bwaise CROSS JUNCTION-  Junction_count_data_entry.xlsx,Day 2,2026-08-03 00:00:00,No,,KAWEMPE,Sunny,10:00:00,11:00:00,0,4,235,1,0,2,4,23,0,0,0,17,0,282,4,286,1,No,No,Yes,Midday / Off-Peak
905,Bwaise,Cross Junction,Bwaise CROSS JUNCTION-  Junction_count_data_entry.xlsx,Day 2,2026-08-03 00:00:00,No,,KAWEMPE,Sunny,11:00:00,12:00:00,0,2,190,6,0,2,2,23,1,0,0,24,0,248,2,250,6,No,No,Yes,Midday / Off-Peak
906,Bwaise,Cross Junction,Bwaise CROSS JUNCTION-  Junction_count_data_entry.xlsx,Day 2,2026-08-03 00:00:00,No,,KAWEMPE,Sunny,12:00:00,13:00:00,0,1,204,1,0,2,4,28,0,0,0,15,0,254,1,255,1,No,No,Yes,Midday / Off-Peak
907,Bwaise,Cross Junction,Bwaise CROSS JUNCTION-  Junction_count_data_entry.xlsx,Day 2,2026-08-03 00:00:00,No,,KAWEMPE,Sunny,13:00:00,14:00:00,0,2,148,0,0,4,7,20,0,0,0,16,0,195,2,197,0,No,No,Yes,Midday / Off-Peak
908,Bwaise,Cross Junction,Bwaise CROSS JUNCTION-  Junction_count_data_entry.xlsx,Day 2,2026-08-03 00:00:00,No,,KAWEMPE,Sunny,14:00:00,15:00:00,0,1,198,1,0,3,4,24,0,0,0,16,1,247,1,248,1,No,No,Yes,Midday / Off-Peak
909,Bwaise,Cross Junction,Bwaise CROSS JUNCTION-  Junction_count_data_entry.xlsx,Day 2,2026-08-03 00:00:00,No,,KAWEMPE,Sunny,15:00:00,16:00:00,0,3,274,5,0,1,3,11,0,0,0,18,0,312,3,315,5,No,No,Yes,Midday / Off-Peak
910,Bwaise,Cross Junction,Bwaise CROSS JUNCTION-  Junction_count_data_entry.xlsx,Day 2,2026-08-03 00:00:00,No,,KAWEMPE,Sunny,16:00:00,17:00:00,0,3,175,4,0,13,9,20,0,0,0,8,0,229,3,232,4,No,No,Yes,Evening Peak
911,Bwaise,Cross Junction,Bwaise CROSS JUNCTION-  Junction_count_data_entry.xlsx,Day 2,2026-08-03 00:00:00,No,,KAWEMPE,Sunny,17:00:00,18:00:00,0,3,223,10,0,5,8,25,0,1,0,13,2,287,3,290,10,No,No,Yes,Evening Peak
912,Bwaise,Cross Junction,Bwaise CROSS JUNCTION-  Junction_count_data_entry.xlsx,Day 2,2026-08-03 00:00:00,No,,KAWEMPE,Sunny,18:00:00,19:00:00,0,0,213,10,0,2,5,23,0,1,0,18,0,272,0,272,10,No,No,Yes,Evening Peak
913,Bwaise,Cross Junction,Bwaise CROSS JUNCTION-  Junction_count_data_entry.xlsx,Day 2,2026-08-03 00:00:00,No,,GAYAZA,Sunny,07:00:00,08:00:00,1,0,170,0,0,24,5,30,0,0,2,1,0,232,1,233,0,No,No,Yes,Morning Peak
914,Bwaise,Cross Junction,Bwaise CROSS JUNCTION-  Junction_count_data_entry.xlsx,Day 2,2026-08-03 00:00:00,No,,GAYAZA,Sunny,08:00:00,09:00:00,0,0,180,1,0,23,10,55,1,0,3,2,0,275,0,275,1,No,No,Yes,Morning Peak
915,Bwaise,Cross Junction,Bwaise CROSS JUNCTION-  Junction_count_data_entry.xlsx,Day 2,2026-08-03 00:00:00,No,,GAYAZA,Sunny,09:00:00,10:00:00,0,0,190,1,0,35,10,68,0,0,2,4,3,313,0,313,1,No,No,Yes,Morning Peak
916,Bwaise,Cross Junction,Bwaise CROSS JUNCTION-  Junction_count_data_entry.xlsx,Day 2,2026-08-03 00:00:00,No,,GAYAZA,Sunny,10:00:00,11:00:00,0,0,153,0,0,29,13,37,1,0,6,14,0,253,0,253,0,No,No,Yes,Midday / Off-Peak
917,Bwaise,Cross Junction,Bwaise CROSS JUNCTION-  Junction_count_data_entry.xlsx,Day 2,2026-08-03 00:00:00,No,,GAYAZA,Sunny,11:00:00,12:00:00,0,0,190,2,0,41,8,31,0,0,4,21,1,298,0,298,2,No,No,Yes,Midday / Off-Peak
918,Bwaise,Cross Junction,Bwaise CROSS JUNCTION-  Junction_count_data_entry.xlsx,Day 2,2026-08-03 00:00:00,No,,GAYAZA,Sunny,12:00:00,13:00:00,0,1,280,0,0,45,12,35,0,1,10,23,0,406,1,407,0,No,No,Yes,Midday / Off-Peak
919,Bwaise,Cross Junction,Bwaise CROSS JUNCTION-  Junction_count_data_entry.xlsx,Day 2,2026-08-03 00:00:00,No,,GAYAZA,Sunny,13:00:00,14:00:00,0,2,167,1,0,33,4,23,0,0,4,11,0,243,2,245,1,No,No,Yes,Midday / Off-Peak
920,Bwaise,Cross Junction,Bwaise CROSS JUNCTION-  Junction_count_data_entry.xlsx,Day 2,2026-08-03 00:00:00,No,,GAYAZA,Sunny,14:00:00,15:00:00,0,0,180,2,0,38,21,18,1,0,6,20,1,287,0,287,2,No,No,Yes,Midday / Off-Peak
921,Bwaise,Cross Junction,Bwaise CROSS JUNCTION-  Junction_count_data_entry.xlsx,Day 2,2026-08-03 00:00:00,No,,GAYAZA,Sunny,15:00:00,16:00:00,0,1,230,0,0,48,16,23,0,0,2,30,1,350,1,351,0,No,No,Yes,Midday / Off-Peak
922,Bwaise,Cross Junction,Bwaise CROSS JUNCTION-  Junction_count_data_entry.xlsx,Day 2,2026-08-03 00:00:00,No,,GAYAZA,Sunny,16:00:00,17:00:00,0,1,160,1,1,88,15,20,0,0,1,21,0,307,1,308,2,No,No,Yes,Evening Peak
923,Bwaise,Cross Junction,Bwaise CROSS JUNCTION-  Junction_count_data_entry.xlsx,Day 2,2026-08-03 00:00:00,No,,GAYAZA,Sunny,17:00:00,18:00:00,0,1,215,1,1,101,19,34,0,0,7,21,0,399,1,400,2,No,No,Yes,Evening Peak
924,Bwaise,Cross Junction,Bwaise CROSS JUNCTION-  Junction_count_data_entry.xlsx,Day 2,2026-08-03 00:00:00,No,,GAYAZA,Sunny,18:00:00,19:00:00,0,3,305,1,0,128,16,23,0,0,4,16,1,494,3,497,1,No,No,Yes,Evening Peak
925,Bwaise,Cross Junction,Bwaise CROSS JUNCTION-  Junction_count_data_entry.xlsx,Day 2,2026-08-03 00:00:00,No,,KAWEMPE,Sunny,07:00:00,08:00:00,0,10,604,0,0,66,25,110,3,3,1,17,11,840,10,850,0,No,No,Yes,Morning Peak
926,Bwaise,Cross Junction,Bwaise CROSS JUNCTION-  Junction_count_data_entry.xlsx,Day 2,2026-08-03 00:00:00,No,,KAWEMPE,Sunny,08:00:00,09:00:00,0,5,580,0,0,82,36,106,6,3,2,32,10,857,5,862,0,No,No,Yes,Morning Peak
927,Bwaise,Cross Junction,Bwaise CROSS JUNCTION-  Junction_count_data_entry.xlsx,Day 2,2026-08-03 00:00:00,No,,KAWEMPE,Sunny,09:00:00,10:00:00,0,2,1050,3,0,80,43,96,2,3,10,43,12,1342,2,1344,3,No,No,Yes,Morning Peak
928,Bwaise,Cross Junction,Bwaise CROSS JUNCTION-  Junction_count_data_entry.xlsx,Day 2,2026-08-03 00:00:00,No,,KAWEMPE,Sunny,10:00:00,11:00:00,0,1,914,3,0,106,29,90,1,2,8,39,17,1209,1,1210,3,No,No,Yes,Midday / Off-Peak
929,Bwaise,Cross Junction,Bwaise CROSS JUNCTION-  Junction_count_data_entry.xlsx,Day 2,2026-08-03 00:00:00,No,,KAWEMPE,Sunny,11:00:00,12:00:00,0,0,974,2,0,128,25,102,2,1,17,61,14,1326,0,1326,2,No,No,Yes,Midday / Off-Peak
930,Bwaise,Cross Junction,Bwaise CROSS JUNCTION-  Junction_count_data_entry.xlsx,Day 2,2026-08-03 00:00:00,No,,KAWEMPE,Sunny,12:00:00,13:00:00,0,5,1250,10,0,138,22,92,2,3,15,45,18,1595,5,1600,10,No,No,Yes,Midday / Off-Peak
931,Bwaise,Cross Junction,Bwaise CROSS JUNCTION-  Junction_count_data_entry.xlsx,Day 2,2026-08-03 00:00:00,No,,KAWEMPE,Sunny,13:00:00,14:00:00,0,2,1150,13,0,148,8,96,2,4,8,62,19,1510,2,1512,13,No,No,Yes,Midday / Off-Peak
932,Bwaise,Cross Junction,Bwaise CROSS JUNCTION-  Junction_count_data_entry.xlsx,Day 2,2026-08-03 00:00:00,No,,KAWEMPE,Sunny,14:00:00,15:00:00,0,3,1202,15,0,119,38,92,3,1,17,61,18,1566,3,1569,15,No,No,Yes,Midday / Off-Peak
933,Bwaise,Cross Junction,Bwaise CROSS JUNCTION-  Junction_count_data_entry.xlsx,Day 2,2026-08-03 00:00:00,No,,KAWEMPE,Sunny,15:00:00,16:00:00,0,2,1154,6,0,150,51,92,2,1,11,45,16,1528,2,1530,6,No,No,Yes,Midday / Off-Peak
934,Bwaise,Cross Junction,Bwaise CROSS JUNCTION-  Junction_count_data_entry.xlsx,Day 2,2026-08-03 00:00:00,No,,KAWEMPE,Sunny,16:00:00,17:00:00,0,1,900,7,0,128,33,95,2,1,5,56,18,1245,1,1246,7,No,No,Yes,Evening Peak
935,Bwaise,Cross Junction,Bwaise CROSS JUNCTION-  Junction_count_data_entry.xlsx,Day 2,2026-08-03 00:00:00,No,,KAWEMPE,Sunny,17:00:00,18:00:00,0,4,1262,3,0,123,20,85,1,1,5,43,16,1559,4,1563,3,No,No,Yes,Evening Peak
936,Bwaise,Cross Junction,Bwaise CROSS JUNCTION-  Junction_count_data_entry.xlsx,Day 2,2026-08-03 00:00:00,No,,KAWEMPE,Sunny,18:00:00,19:00:00,0,8,1500,7,0,168,15,102,3,1,7,38,12,1853,8,1861,7,No,No,Yes,Evening Peak
937,Bwaise,Cross Junction,Bwaise CROSS JUNCTION-  Junction_count_data_entry.xlsx,Day 2,2026-08-03 00:00:00,No,,NABWERU,Sunny,07:00:00,08:00:00,0,0,270,0,0,13,3,31,0,0,1,5,0,323,0,323,0,No,No,Yes,Morning Peak
938,Bwaise,Cross Junction,Bwaise CROSS JUNCTION-  Junction_count_data_entry.xlsx,Day 2,2026-08-03 00:00:00,No,,NABWERU,Sunny,08:00:00,09:00:00,0,1,290,0,0,28,3,38,0,0,2,5,1,367,1,368,0,No,No,Yes,Morning Peak
939,Bwaise,Cross Junction,Bwaise CROSS JUNCTION-  Junction_count_data_entry.xlsx,Day 2,2026-08-03 00:00:00,No,,NABWERU,Sunny,09:00:00,10:00:00,1,1,420,3,0,32,5,37,0,1,4,8,1,511,2,513,3,No,No,Yes,Morning Peak
940,Bwaise,Cross Junction,Bwaise CROSS JUNCTION-  Junction_count_data_entry.xlsx,Day 2,2026-08-03 00:00:00,No,,NABWERU,Sunny,10:00:00,11:00:00,0,0,250,0,0,27,7,20,1,0,5,19,0,329,0,329,0,No,No,Yes,Midday / Off-Peak
941,Bwaise,Cross Junction,Bwaise CROSS JUNCTION-  Junction_count_data_entry.xlsx,Day 2,2026-08-03 00:00:00,No,,NABWERU,Sunny,11:00:00,12:00:00,0,0,323,1,0,33,10,13,0,0,6,19,1,406,0,406,1,No,No,Yes,Midday / Off-Peak
942,Bwaise,Cross Junction,Bwaise CROSS JUNCTION-  Junction_count_data_entry.xlsx,Day 2,2026-08-03 00:00:00,No,,NABWERU,Sunny,12:00:00,13:00:00,0,6,410,3,0,31,10,24,0,1,8,19,0,506,6,512,3,No,No,Yes,Midday / Off-Peak
943,Bwaise,Cross Junction,Bwaise CROSS JUNCTION-  Junction_count_data_entry.xlsx,Day 2,2026-08-03 00:00:00,No,,NABWERU,Sunny,13:00:00,14:00:00,0,1,245,1,0,38,8,24,0,0,7,11,1,335,1,336,1,No,No,Yes,Midday / Off-Peak
944,Bwaise,Cross Junction,Bwaise CROSS JUNCTION-  Junction_count_data_entry.xlsx,Day 2,2026-08-03 00:00:00,No,,NABWERU,Sunny,14:00:00,15:00:00,0,1,340,3,0,31,3,17,0,0,4,17,1,416,1,417,3,No,No,Yes,Midday / Off-Peak
945,Bwaise,Cross Junction,Bwaise CROSS JUNCTION-  Junction_count_data_entry.xlsx,Day 2,2026-08-03 00:00:00,No,,NABWERU,Sunny,15:00:00,16:00:00,0,0,383,4,0,37,7,21,1,0,5,18,0,476,0,476,4,No,No,Yes,Midday / Off-Peak
946,Bwaise,Cross Junction,Bwaise CROSS JUNCTION-  Junction_count_data_entry.xlsx,Day 2,2026-08-03 00:00:00,No,,NABWERU,Sunny,16:00:00,17:00:00,0,0,255,0,0,55,8,20,0,0,0,20,0,358,0,358,0,No,No,Yes,Evening Peak
947,Bwaise,Cross Junction,Bwaise CROSS JUNCTION-  Junction_count_data_entry.xlsx,Day 2,2026-08-03 00:00:00,No,,NABWERU,Sunny,17:00:00,18:00:00,0,2,370,0,0,90,9,30,2,0,4,23,1,529,2,531,0,No,No,Yes,Evening Peak
948,Bwaise,Cross Junction,Bwaise CROSS JUNCTION-  Junction_count_data_entry.xlsx,Day 2,2026-08-03 00:00:00,No,,NABWERU,Sunny,18:00:00,19:00:00,0,3,440,2,0,75,10,24,1,0,6,12,0,570,3,573,2,No,No,Yes,Evening Peak
949,Bwaise,Cross Junction,Bwaise CROSS JUNCTION-  Junction_count_data_entry.xlsx,Day 2,2026-08-03 00:00:00,No,,KAWEMPE,Sunny,07:00:00,08:00:00,0,0,83,0,0,0,0,0,0,0,7,1,0,91,0,91,0,No,No,Yes,Morning Peak
950,Bwaise,Cross Junction,Bwaise CROSS JUNCTION-  Junction_count_data_entry.xlsx,Day 2,2026-08-03 00:00:00,No,,KAWEMPE,Sunny,08:00:00,09:00:00,0,0,186,0,0,1,0,0,0,0,3,0,0,190,0,190,0,No,No,Yes,Morning Peak
951,Bwaise,Cross Junction,Bwaise CROSS JUNCTION-  Junction_count_data_entry.xlsx,Day 2,2026-08-03 00:00:00,No,,KAWEMPE,Sunny,09:00:00,10:00:00,0,0,214,0,0,0,4,3,0,0,7,0,0,228,0,228,0,No,No,Yes,Morning Peak
952,Bwaise,Cross Junction,Bwaise CROSS JUNCTION-  Junction_count_data_entry.xlsx,Day 2,2026-08-03 00:00:00,No,,KAWEMPE,Sunny,10:00:00,11:00:00,0,0,216,0,0,6,5,0,0,0,10,1,0,238,0,238,0,No,No,Yes,Midday / Off-Peak
953,Bwaise,Cross Junction,Bwaise CROSS JUNCTION-  Junction_count_data_entry.xlsx,Day 2,2026-08-03 00:00:00,No,,KAWEMPE,Sunny,11:00:00,12:00:00,0,0,124,0,0,9,4,0,0,0,7,1,0,145,0,145,0,No,No,Yes,Midday / Off-Peak
954,Bwaise,Cross Junction,Bwaise CROSS JUNCTION-  Junction_count_data_entry.xlsx,Day 2,2026-08-03 00:00:00,No,,KAWEMPE,Sunny,12:00:00,13:00:00,0,0,93,0,0,0,0,0,0,0,4,0,0,97,0,97,0,No,No,Yes,Midday / Off-Peak
955,Bwaise,Cross Junction,Bwaise CROSS JUNCTION-  Junction_count_data_entry.xlsx,Day 2,2026-08-03 00:00:00,No,,KAWEMPE,Sunny,13:00:00,14:00:00,0,0,105,0,0,3,3,2,0,0,14,0,1,128,0,128,0,No,No,Yes,Midday / Off-Peak
956,Bwaise,Cross Junction,Bwaise CROSS JUNCTION-  Junction_count_data_entry.xlsx,Day 2,2026-08-03 00:00:00,No,,KAWEMPE,Sunny,14:00:00,15:00:00,0,0,98,0,0,0,3,3,0,0,9,0,1,114,0,114,0,No,No,Yes,Midday / Off-Peak
957,Bwaise,Cross Junction,Bwaise CROSS JUNCTION-  Junction_count_data_entry.xlsx,Day 2,2026-08-03 00:00:00,No,,KAWEMPE,Sunny,15:00:00,16:00:00,0,0,104,0,0,3,3,2,0,0,1,0,0,113,0,113,0,No,No,Yes,Midday / Off-Peak
958,Bwaise,Cross Junction,Bwaise CROSS JUNCTION-  Junction_count_data_entry.xlsx,Day 2,2026-08-03 00:00:00,No,,KAWEMPE,Sunny,16:00:00,17:00:00,0,0,94,0,0,4,2,0,0,0,17,0,2,119,0,119,0,No,No,Yes,Evening Peak
959,Bwaise,Cross Junction,Bwaise CROSS JUNCTION-  Junction_count_data_entry.xlsx,Day 2,2026-08-03 00:00:00,No,,KAWEMPE,Sunny,17:00:00,18:00:00,0,0,113,0,0,0,0,2,0,0,8,0,0,123,0,123,0,No,No,Yes,Evening Peak
960,Bwaise,Cross Junction,Bwaise CROSS JUNCTION-  Junction_count_data_entry.xlsx,Day 2,2026-08-03 00:00:00,No,,KAWEMPE,Sunny,18:00:00,19:00:00,0,0,102,0,0,4,0,1,0,0,11,0,0,118,0,118,0,No,No,Yes,Evening Peak
961,Bwaise,Cross Junction,Bwaise CROSS JUNCTION-  Junction_count_data_entry.xlsx,Day 2,2026-08-03 00:00:00,No,,GAYAZA,Sunny,07:00:00,08:00:00,0,0,375,0,0,8,14,12,0,0,12,1,0,422,0,422,0,No,No,Yes,Morning Peak
962,Bwaise,Cross Junction,Bwaise CROSS JUNCTION-  Junction_count_data_entry.xlsx,Day 2,2026-08-03 00:00:00,No,,GAYAZA,Sunny,08:00:00,09:00:00,0,0,315,0,0,6,10,13,0,0,8,1,0,353,0,353,0,No,No,Yes,Morning Peak
963,Bwaise,Cross Junction,Bwaise CROSS JUNCTION-  Junction_count_data_entry.xlsx,Day 2,2026-08-03 00:00:00,No,,GAYAZA,Sunny,09:00:00,10:00:00,0,0,423,0,0,13,10,13,0,0,12,5,0,476,0,476,0,No,No,Yes,Morning Peak
964,Bwaise,Cross Junction,Bwaise CROSS JUNCTION-  Junction_count_data_entry.xlsx,Day 2,2026-08-03 00:00:00,No,,GAYAZA,Sunny,10:00:00,11:00:00,0,0,455,0,0,17,15,14,0,0,14,1,1,517,0,517,0,No,No,Yes,Midday / Off-Peak
965,Bwaise,Cross Junction,Bwaise CROSS JUNCTION-  Junction_count_data_entry.xlsx,Day 2,2026-08-03 00:00:00,No,,GAYAZA,Sunny,11:00:00,12:00:00,0,0,307,0,0,11,14,4,1,1,17,2,0,357,0,357,0,No,No,Yes,Midday / Off-Peak
966,Bwaise,Cross Junction,Bwaise CROSS JUNCTION-  Junction_count_data_entry.xlsx,Day 2,2026-08-03 00:00:00,No,,GAYAZA,Sunny,12:00:00,13:00:00,0,0,224,0,0,22,10,6,0,0,4,1,1,268,0,268,0,No,No,Yes,Midday / Off-Peak
967,Bwaise,Cross Junction,Bwaise CROSS JUNCTION-  Junction_count_data_entry.xlsx,Day 2,2026-08-03 00:00:00,No,,GAYAZA,Sunny,13:00:00,14:00:00,0,0,312,0,0,12,13,3,0,0,10,1,0,351,0,351,0,No,No,Yes,Midday / Off-Peak
968,Bwaise,Cross Junction,Bwaise CROSS JUNCTION-  Junction_count_data_entry.xlsx,Day 2,2026-08-03 00:00:00,No,,GAYAZA,Sunny,14:00:00,15:00:00,0,0,245,0,0,11,22,6,0,0,13,1,0,298,0,298,0,No,No,Yes,Midday / Off-Peak
969,Bwaise,Cross Junction,Bwaise CROSS JUNCTION-  Junction_count_data_entry.xlsx,Day 2,2026-08-03 00:00:00,No,,GAYAZA,Sunny,15:00:00,16:00:00,0,0,257,0,0,14,12,6,0,0,20,1,0,310,0,310,0,No,No,Yes,Midday / Off-Peak
970,Bwaise,Cross Junction,Bwaise CROSS JUNCTION-  Junction_count_data_entry.xlsx,Day 2,2026-08-03 00:00:00,No,,GAYAZA,Sunny,16:00:00,17:00:00,0,0,243,0,0,18,20,6,0,0,8,1,1,297,0,297,0,No,No,Yes,Evening Peak
971,Bwaise,Cross Junction,Bwaise CROSS JUNCTION-  Junction_count_data_entry.xlsx,Day 2,2026-08-03 00:00:00,No,,GAYAZA,Sunny,17:00:00,18:00:00,0,0,294,0,0,15,15,16,0,0,9,0,0,349,0,349,0,No,No,Yes,Evening Peak
972,Bwaise,Cross Junction,Bwaise CROSS JUNCTION-  Junction_count_data_entry.xlsx,Day 2,2026-08-03 00:00:00,No,,GAYAZA,Sunny,18:00:00,19:00:00,0,0,274,0,0,19,22,10,0,0,22,0,0,347,0,347,0,No,No,Yes,Evening Peak
973,Bwaise,Cross Junction,Bwaise CROSS JUNCTION-  Junction_count_data_entry.xlsx,Day 2,2026-08-03 00:00:00,No,,KAMPALA CITY,Sunny,07:00:00,08:00:00,0,0,694,0,0,135,80,14,3,0,17,3,1,947,0,947,0,No,No,Yes,Morning Peak
974,Bwaise,Cross Junction,Bwaise CROSS JUNCTION-  Junction_count_data_entry.xlsx,Day 2,2026-08-03 00:00:00,No,,KAMPALA CITY,Sunny,08:00:00,09:00:00,0,0,692,0,0,120,81,8,0,0,14,4,0,919,0,919,0,No,No,Yes,Morning Peak
975,Bwaise,Cross Junction,Bwaise CROSS JUNCTION-  Junction_count_data_entry.xlsx,Day 2,2026-08-03 00:00:00,No,,KAMPALA CITY,Sunny,09:00:00,10:00:00,0,0,605,0,0,58,48,15,0,0,17,1,1,745,0,745,0,No,No,Yes,Morning Peak
976,Bwaise,Cross Junction,Bwaise CROSS JUNCTION-  Junction_count_data_entry.xlsx,Day 2,2026-08-03 00:00:00,No,,KAMPALA CITY,Sunny,10:00:00,11:00:00,0,0,665,0,0,74,52,14,0,0,20,2,1,828,0,828,0,No,No,Yes,Midday / Off-Peak
977,Bwaise,Cross Junction,Bwaise CROSS JUNCTION-  Junction_count_data_entry.xlsx,Day 2,2026-08-03 00:00:00,No,,KAMPALA CITY,Sunny,11:00:00,12:00:00,0,0,482,0,0,35,31,9,0,0,19,7,0,583,0,583,0,No,No,Yes,Midday / Off-Peak
978,Bwaise,Cross Junction,Bwaise CROSS JUNCTION-  Junction_count_data_entry.xlsx,Day 2,2026-08-03 00:00:00,No,,KAMPALA CITY,Sunny,12:00:00,13:00:00,0,0,484,0,0,48,31,4,1,0,10,3,1,582,0,582,0,No,No,Yes,Midday / Off-Peak
979,Bwaise,Cross Junction,Bwaise CROSS JUNCTION-  Junction_count_data_entry.xlsx,Day 2,2026-08-03 00:00:00,No,,KAMPALA CITY,Sunny,13:00:00,14:00:00,0,0,435,0,0,35,35,6,0,0,23,3,0,537,0,537,0,No,No,Yes,Midday / Off-Peak
980,Bwaise,Cross Junction,Bwaise CROSS JUNCTION-  Junction_count_data_entry.xlsx,Day 2,2026-08-03 00:00:00,No,,KAMPALA CITY,Sunny,14:00:00,15:00:00,0,0,422,0,0,20,23,3,0,0,12,0,1,481,0,481,0,No,No,Yes,Midday / Off-Peak
981,Bwaise,Cross Junction,Bwaise CROSS JUNCTION-  Junction_count_data_entry.xlsx,Day 2,2026-08-03 00:00:00,No,,KAMPALA CITY,Sunny,15:00:00,16:00:00,0,0,366,0,0,24,35,7,0,0,22,1,0,455,0,455,0,No,No,Yes,Midday / Off-Peak
982,Bwaise,Cross Junction,Bwaise CROSS JUNCTION-  Junction_count_data_entry.xlsx,Day 2,2026-08-03 00:00:00,No,,KAMPALA CITY,Sunny,16:00:00,17:00:00,0,0,375,0,0,36,28,9,0,0,11,2,1,462,0,462,0,No,No,Yes,Evening Peak
983,Bwaise,Cross Junction,Bwaise CROSS JUNCTION-  Junction_count_data_entry.xlsx,Day 2,2026-08-03 00:00:00,No,,KAMPALA CITY,Sunny,17:00:00,18:00:00,0,0,462,0,0,10,20,5,1,0,20,1,0,519,0,519,0,No,No,Yes,Evening Peak
984,Bwaise,Cross Junction,Bwaise CROSS JUNCTION-  Junction_count_data_entry.xlsx,Day 2,2026-08-03 00:00:00,No,,KAMPALA CITY,Sunny,18:00:00,19:00:00,0,0,442,0,0,21,10,13,0,0,15,15,3,519,0,519,0,No,No,Yes,Evening Peak
