Intersection,Date,Hour,Period,Weather,Cars,Boda_bodas,Tricycles,Minibuses,Heavy_Trucks
Bakuli Intersection,2026-06-01,6,Off-Peak,Dry,191,392,101,82,6
Bakuli Intersection,2026-06-01,6,Off-Peak,Dry,125,234,73,47,7
Bakuli Intersection,2026-06-01,6,Off-Peak,Dry,163,223,63,74,6
Bakuli Intersection,2026-06-01,6,Off-Peak,Dry,159,389,120,58,6
Bakuli Intersection,2026-06-01,7,Peak,Dry,357,889,239,143,7
Bakuli Intersection,2026-06-01,7,Peak,Dry,481,761,196,170,13
Bakuli Intersection,2026-06-01,7,Peak,Dry,464,955,211,212,26
Bakuli Intersection,2026-06-01,7,Peak,Dry,411,887,176,184,10
Bakuli Intersection,2026-06-01,8,Peak,Dry,392,942,228,189,20
Bakuli Intersection,2026-06-01,8,Peak,Dry,504,1221,191,197,16
Bakuli Intersection,2026-06-01,8,Peak,Dry,483,869,188,154,24
Bakuli Intersection,2026-06-01,8,Peak,Dry,469,1144,223,228,31
Bakuli Intersection,2026-06-01,9,Off-Peak,Dry,459,767,214,212,36
Bakuli Intersection,2026-06-01,9,Off-Peak,Dry,406,910,224,163,24
Bakuli Intersection,2026-06-01,9,Off-Peak,Dry,462,1123,249,225,35
Bakuli Intersection,2026-06-01,9,Off-Peak,Dry,493,924,176,153,16
Bakuli Intersection,2026-06-01,10,Off-Peak,Dry,185,407,90,61,10
Bakuli Intersection,2026-06-01,10,Off-Peak,Dry,204,516,77,65,10
Bakuli Intersection,2026-06-01,10,Off-Peak,Dry,145,320,79,54,9
Bakuli Intersection,2026-06-01,10,Off-Peak,Dry,138,388,93,66,6
Bakuli Intersection,2026-06-01,11,Off-Peak,Dry,171,396,112,72,8
Bakuli Intersection,2026-06-01,11,Off-Peak,Dry,212,489,92,94,8
Bakuli Intersection,2026-06-01,11,Off-Peak,Dry,121,344,54,48,7
Bakuli Intersection,2026-06-01,11,Off-Peak,Dry,158,430,100,73,5
Bakuli Intersection,2026-06-01,12,Off-Peak,Dry,127,355,86,44,5
Bakuli Intersection,2026-06-01,12,Off-Peak,Dry,170,247,69,67,6
Bakuli Intersection,2026-06-01,12,Off-Peak,Dry,152,247,74,67,9
Bakuli Intersection,2026-06-01,12,Off-Peak,Dry,148,302,76,47,8
Bakuli Intersection,2026-06-01,13,Off-Peak,Dry,161,353,70,70,4
Bakuli Intersection,2026-06-01,13,Off-Peak,Dry,188,271,77,69,6
Bakuli Intersection,2026-06-01,13,Off-Peak,Dry,197,448,91,63,15
Bakuli Intersection,2026-06-01,13,Off-Peak,Dry,108,197,60,43,7
Bakuli Intersection,2026-06-01,14,Off-Peak,Dry,154,299,95,67,10
Bakuli Intersection,2026-06-01,14,Off-Peak,Dry,171,303,85,80,8
Bakuli Intersection,2026-06-01,14,Off-Peak,Dry,178,371,79,77,11
Bakuli Intersection,2026-06-01,14,Off-Peak,Dry,205,447,94,98,12
Bakuli Intersection,2026-06-01,15,Off-Peak,Dry,127,235,57,61,3
Bakuli Intersection,2026-06-01,15,Off-Peak,Dry,153,373,93,65,7
Bakuli Intersection,2026-06-01,15,Off-Peak,Dry,161,371,65,53,7
Bakuli Intersection,2026-06-01,15,Off-Peak,Dry,189,418,86,90,9
Bakuli Intersection,2026-06-01,16,Peak,Dry,428,987,202,131,15
Bakuli Intersection,2026-06-01,16,Peak,Dry,417,1149,253,194,12
Bakuli Intersection,2026-06-01,16,Peak,Dry,424,718,261,206,21
Bakuli Intersection,2026-06-01,16,Peak,Dry,387,676,185,165,28
Bakuli Intersection,2026-06-01,17,Peak,Dry,365,765,173,145,29
Bakuli Intersection,2026-06-01,17,Peak,Dry,436,891,187,147,8
Bakuli Intersection,2026-06-01,17,Peak,Dry,517,1266,204,252,12
Bakuli Intersection,2026-06-01,17,Peak,Dry,439,1349,290,194,11
Bakuli Intersection,2026-06-01,18,Peak,Dry,427,903,249,176,33
Bakuli Intersection,2026-06-01,18,Peak,Dry,472,1019,276,225,29
Bakuli Intersection,2026-06-01,18,Peak,Dry,329,1079,173,162,9
Bakuli Intersection,2026-06-01,18,Peak,Dry,439,715,218,137,34
Bakuli Intersection,2026-06-01,19,Off-Peak,Dry,373,633,156,167,22
Bakuli Intersection,2026-06-01,19,Off-Peak,Dry,507,795,212,168,18
Bakuli Intersection,2026-06-01,19,Off-Peak,Dry,465,861,201,140,29
Bakuli Intersection,2026-06-01,19,Off-Peak,Dry,469,1251,187,200,13
Bakuli Intersection,2026-06-01,20,Off-Peak,Dry,110,258,57,48,6
Bakuli Intersection,2026-06-01,20,Off-Peak,Dry,147,241,52,49,6
Bakuli Intersection,2026-06-01,20,Off-Peak,Dry,243,434,130,83,19
Bakuli Intersection,2026-06-01,20,Off-Peak,Dry,154,232,64,51,6
Bakuli Intersection,2026-06-01,21,Off-Peak,Dry,179,489,117,53,7
Bakuli Intersection,2026-06-01,21,Off-Peak,Dry,174,310,103,79,5
Bakuli Intersection,2026-06-01,21,Off-Peak,Dry,206,528,125,87,5
Bakuli Intersection,2026-06-01,21,Off-Peak,Dry,203,388,105,87,16
Bakuli Intersection,2026-06-02,6,Off-Peak,Dry,204,389,113,90,5
Bakuli Intersection,2026-06-02,6,Off-Peak,Dry,152,297,96,56,6
Bakuli Intersection,2026-06-02,6,Off-Peak,Dry,131,287,67,55,8
Bakuli Intersection,2026-06-02,6,Off-Peak,Dry,179,513,112,89,11
Bakuli Intersection,2026-06-02,7,Peak,Dry,380,845,222,114,21
Bakuli Intersection,2026-06-02,7,Peak,Dry,472,1004,287,160,31
Bakuli Intersection,2026-06-02,7,Peak,Dry,436,1209,277,163,9
Bakuli Intersection,2026-06-02,7,Peak,Dry,466,966,241,144,18
Bakuli Intersection,2026-06-02,8,Peak,Dry,303,659,232,119,6
Bakuli Intersection,2026-06-02,8,Peak,Dry,476,1121,226,179,32
Bakuli Intersection,2026-06-02,8,Peak,Dry,506,1263,271,173,15
Bakuli Intersection,2026-06-02,8,Peak,Dry,384,799,190,156,29
Bakuli Intersection,2026-06-02,9,Off-Peak,Dry,510,869,232,215,14
Bakuli Intersection,2026-06-02,9,Off-Peak,Dry,416,1185,195,185,8
Bakuli Intersection,2026-06-02,9,Off-Peak,Dry,377,805,195,176,7
Bakuli Intersection,2026-06-02,9,Off-Peak,Dry,387,1040,262,133,15
Bakuli Intersection,2026-06-02,10,Off-Peak,Dry,188,481,98,84,8
Bakuli Intersection,2026-06-02,10,Off-Peak,Dry,186,511,91,73,12
Bakuli Intersection,2026-06-02,10,Off-Peak,Dry,118,203,60,35,4
Bakuli Intersection,2026-06-02,10,Off-Peak,Dry,129,250,59,57,4
Bakuli Intersection,2026-06-02,11,Off-Peak,Dry,140,290,59,57,3
Bakuli Intersection,2026-06-02,11,Off-Peak,Dry,143,343,58,45,11
Bakuli Intersection,2026-06-02,11,Off-Peak,Dry,244,570,124,113,6
Bakuli Intersection,2026-06-02,11,Off-Peak,Dry,132,346,79,64,4
Bakuli Intersection,2026-06-02,12,Off-Peak,Dry,229,426,87,106,11
Bakuli Intersection,2026-06-02,12,Off-Peak,Dry,146,342,90,66,6
Bakuli Intersection,2026-06-02,12,Off-Peak,Dry,132,394,82,46,6
Bakuli Intersection,2026-06-02,12,Off-Peak,Dry,197,440,90,60,8
Bakuli Intersection,2026-06-02,13,Off-Peak,Dry,206,370,108,84,7
Bakuli Intersection,2026-06-02,13,Off-Peak,Dry,139,263,74,67,3
Bakuli Intersection,2026-06-02,13,Off-Peak,Dry,186,614,110,64,9
Bakuli Intersection,2026-06-02,13,Off-Peak,Dry,232,380,101,86,5
Bakuli Intersection,2026-06-02,14,Off-Peak,Dry,127,247,84,40,9
Bakuli Intersection,2026-06-02,14,Off-Peak,Dry,211,318,107,93,5
Bakuli Intersection,2026-06-02,14,Off-Peak,Dry,171,567,94,82,6
Bakuli Intersection,2026-06-02,14,Off-Peak,Dry,225,545,115,83,9
Bakuli Intersection,2026-06-02,15,Off-Peak,Dry,143,259,52,66,6
Bakuli Intersection,2026-06-02,15,Off-Peak,Dry,118,294,83,46,7
Bakuli Intersection,2026-06-02,15,Off-Peak,Dry,175,332,92,61,10
Bakuli Intersection,2026-06-02,15,Off-Peak,Dry,192,482,73,69,4
Bakuli Intersection,2026-06-02,16,Peak,Dry,321,956,176,112,8
Bakuli Intersection,2026-06-02,16,Peak,Dry,429,1072,216,185,13
Bakuli Intersection,2026-06-02,16,Peak,Dry,353,770,189,116,19
Bakuli Intersection,2026-06-02,16,Peak,Dry,432,1025,204,205,31
Bakuli Intersection,2026-06-02,17,Peak,Dry,338,766,171,149,12
Bakuli Intersection,2026-06-02,17,Peak,Dry,327,859,212,148,18
Bakuli Intersection,2026-06-02,17,Peak,Dry,353,835,237,113,27
Bakuli Intersection,2026-06-02,17,Peak,Dry,493,938,198,218,21
Bakuli Intersection,2026-06-02,18,Peak,Dry,432,1200,237,176,16
Bakuli Intersection,2026-06-02,18,Peak,Dry,469,811,238,195,24
Bakuli Intersection,2026-06-02,18,Peak,Dry,460,718,210,193,31
Bakuli Intersection,2026-06-02,18,Peak,Dry,345,883,184,134,11
Bakuli Intersection,2026-06-02,19,Off-Peak,Dry,398,687,174,133,28
Bakuli Intersection,2026-06-02,19,Off-Peak,Dry,394,1006,156,143,14
Bakuli Intersection,2026-06-02,19,Off-Peak,Dry,322,920,208,127,22
Bakuli Intersection,2026-06-02,19,Off-Peak,Dry,443,1032,232,190,15
Bakuli Intersection,2026-06-02,20,Off-Peak,Dry,161,293,91,59,6
Bakuli Intersection,2026-06-02,20,Off-Peak,Dry,107,261,75,46,3
Bakuli Intersection,2026-06-02,20,Off-Peak,Dry,161,365,101,64,11
Bakuli Intersection,2026-06-02,20,Off-Peak,Dry,132,286,69,40,9
Bakuli Intersection,2026-06-02,21,Off-Peak,Dry,200,445,100,80,11
Bakuli Intersection,2026-06-02,21,Off-Peak,Dry,129,366,82,63,7
Bakuli Intersection,2026-06-02,21,Off-Peak,Dry,141,392,77,45,8
Bakuli Intersection,2026-06-02,21,Off-Peak,Dry,153,316,80,61,8
Bakuli Intersection,2026-06-03,6,Off-Peak,Dry,158,354,80,67,8
Bakuli Intersection,2026-06-03,6,Off-Peak,Dry,145,313,66,69,3
Bakuli Intersection,2026-06-03,6,Off-Peak,Dry,186,478,121,66,10
Bakuli Intersection,2026-06-03,6,Off-Peak,Dry,156,301,80,66,7
Bakuli Intersection,2026-06-03,7,Peak,Dry,519,944,272,221,27
Bakuli Intersection,2026-06-03,7,Peak,Dry,366,1184,219,181,9
Bakuli Intersection,2026-06-03,7,Peak,Dry,398,664,212,122,31
Bakuli Intersection,2026-06-03,7,Peak,Dry,304,770,214,146,15
Bakuli Intersection,2026-06-03,8,Peak,Dry,464,823,205,170,32
Bakuli Intersection,2026-06-03,8,Peak,Dry,293,845,165,134,9
Bakuli Intersection,2026-06-03,8,Peak,Dry,342,702,224,133,8
Bakuli Intersection,2026-06-03,8,Peak,Dry,376,812,190,158,13
Bakuli Intersection,2026-06-03,9,Off-Peak,Dry,408,821,252,125,8
Bakuli Intersection,2026-06-03,9,Off-Peak,Dry,406,872,179,124,11
Bakuli Intersection,2026-06-03,9,Off-Peak,Dry,535,1090,243,210,28
Bakuli Intersection,2026-06-03,9,Off-Peak,Dry,382,979,236,183,10
Bakuli Intersection,2026-06-03,10,Off-Peak,Dry,138,229,66,59,4
Bakuli Intersection,2026-06-03,10,Off-Peak,Dry,151,360,58,59,4
Bakuli Intersection,2026-06-03,10,Off-Peak,Dry,190,539,111,75,6
Bakuli Intersection,2026-06-03,10,Off-Peak,Dry,155,420,104,62,8
Bakuli Intersection,2026-06-03,11,Off-Peak,Dry,124,248,63,39,7
Bakuli Intersection,2026-06-03,11,Off-Peak,Dry,162,438,89,69,11
Bakuli Intersection,2026-06-03,11,Off-Peak,Dry,127,244,66,43,5
Bakuli Intersection,2026-06-03,11,Off-Peak,Dry,188,466,86,56,13
Bakuli Intersection,2026-06-03,12,Off-Peak,Dry,160,441,107,55,3
Bakuli Intersection,2026-06-03,12,Off-Peak,Dry,140,209,62,58,5
Bakuli Intersection,2026-06-03,12,Off-Peak,Dry,199,375,78,89,12
Bakuli Intersection,2026-06-03,12,Off-Peak,Dry,147,374,62,48,8
Bakuli Intersection,2026-06-03,13,Off-Peak,Dry,140,383,72,43,6
Bakuli Intersection,2026-06-03,13,Off-Peak,Dry,189,488,108,93,8
Bakuli Intersection,2026-06-03,13,Off-Peak,Dry,154,370,78,73,10
Bakuli Intersection,2026-06-03,13,Off-Peak,Dry,182,411,114,87,11
Bakuli Intersection,2026-06-03,14,Off-Peak,Dry,219,413,94,92,11
Bakuli Intersection,2026-06-03,14,Off-Peak,Dry,190,530,105,58,7
Bakuli Intersection,2026-06-03,14,Off-Peak,Dry,201,507,103,85,14
Bakuli Intersection,2026-06-03,14,Off-Peak,Dry,178,358,125,72,11
Bakuli Intersection,2026-06-03,15,Off-Peak,Dry,166,340,91,69,5
Bakuli Intersection,2026-06-03,15,Off-Peak,Dry,168,401,74,59,4
Bakuli Intersection,2026-06-03,15,Off-Peak,Dry,160,352,100,58,10
Bakuli Intersection,2026-06-03,15,Off-Peak,Dry,204,433,98,69,10
Bakuli Intersection,2026-06-03,16,Peak,Dry,483,1101,282,154,17
Bakuli Intersection,2026-06-03,16,Peak,Dry,404,1231,239,144,13
Bakuli Intersection,2026-06-03,16,Peak,Dry,408,774,196,160,14
Bakuli Intersection,2026-06-03,16,Peak,Dry,435,770,187,154,12
Bakuli Intersection,2026-06-03,17,Peak,Dry,324,787,182,126,11
Bakuli Intersection,2026-06-03,17,Peak,Dry,394,1146,252,184,22
Bakuli Intersection,2026-06-03,17,Peak,Dry,353,774,225,110,15
Bakuli Intersection,2026-06-03,17,Peak,Dry,330,1022,161,164,8
Bakuli Intersection,2026-06-03,18,Peak,Dry,332,1013,226,152,25
Bakuli Intersection,2026-06-03,18,Peak,Dry,491,1252,191,168,27
Bakuli Intersection,2026-06-03,18,Peak,Dry,424,880,228,193,28
Bakuli Intersection,2026-06-03,18,Peak,Dry,486,858,217,166,21
Bakuli Intersection,2026-06-03,19,Off-Peak,Dry,441,786,200,194,18
Bakuli Intersection,2026-06-03,19,Off-Peak,Dry,421,615,170,158,31
Bakuli Intersection,2026-06-03,19,Off-Peak,Dry,438,739,229,142,34
Bakuli Intersection,2026-06-03,19,Off-Peak,Dry,397,1016,266,127,25
Bakuli Intersection,2026-06-03,20,Off-Peak,Dry,146,236,81,44,6
Bakuli Intersection,2026-06-03,20,Off-Peak,Dry,172,406,91,61,6
Bakuli Intersection,2026-06-03,20,Off-Peak,Dry,235,526,106,82,18
Bakuli Intersection,2026-06-03,20,Off-Peak,Dry,242,456,88,88,6
Bakuli Intersection,2026-06-03,21,Off-Peak,Dry,207,336,98,92,5
Bakuli Intersection,2026-06-03,21,Off-Peak,Dry,161,369,106,74,8
Bakuli Intersection,2026-06-03,21,Off-Peak,Dry,171,577,120,72,7
Bakuli Intersection,2026-06-03,21,Off-Peak,Dry,122,326,52,39,9
Bakuli Intersection,2026-06-04,6,Off-Peak,Wet (Rain),150,301,101,74,9
Bakuli Intersection,2026-06-04,6,Off-Peak,Wet (Rain),151,312,98,60,7
Bakuli Intersection,2026-06-04,6,Off-Peak,Wet (Rain),212,368,99,79,8
Bakuli Intersection,2026-06-04,6,Off-Peak,Wet (Rain),128,251,65,40,9
Bakuli Intersection,2026-06-04,7,Peak,Wet (Rain),431,890,155,144,21
Bakuli Intersection,2026-06-04,7,Peak,Dry,400,1393,276,152,31
Bakuli Intersection,2026-06-04,7,Peak,Dry,483,950,193,170,35
Bakuli Intersection,2026-06-04,7,Peak,Dry,366,1080,274,120,9
Bakuli Intersection,2026-06-04,8,Peak,Wet (Rain),291,893,190,96,7
Bakuli Intersection,2026-06-04,8,Peak,Dry,326,992,217,147,6
Bakuli Intersection,2026-06-04,8,Peak,Dry,508,732,259,186,11
Bakuli Intersection,2026-06-04,8,Peak,Dry,368,814,183,169,17
Bakuli Intersection,2026-06-04,9,Off-Peak,Wet (Rain),394,886,174,143,14
Bakuli Intersection,2026-06-04,9,Off-Peak,Dry,532,1300,266,211,17
Bakuli Intersection,2026-06-04,9,Off-Peak,Wet (Rain),423,723,164,142,16
Bakuli Intersection,2026-06-04,9,Off-Peak,Wet (Rain),364,782,211,143,25
Bakuli Intersection,2026-06-04,10,Off-Peak,Wet (Rain),202,507,92,96,9
Bakuli Intersection,2026-06-04,10,Off-Peak,Wet (Rain),178,417,77,62,9
Bakuli Intersection,2026-06-04,10,Off-Peak,Dry,147,249,73,46,4
Bakuli Intersection,2026-06-04,10,Off-Peak,Wet (Rain),180,324,85,81,5
Bakuli Intersection,2026-06-04,11,Off-Peak,Wet (Rain),193,536,100,70,6
Bakuli Intersection,2026-06-04,11,Off-Peak,Dry,164,350,85,50,4
Bakuli Intersection,2026-06-04,11,Off-Peak,Dry,156,485,113,73,4
Bakuli Intersection,2026-06-04,11,Off-Peak,Dry,204,603,111,85,14
Bakuli Intersection,2026-06-04,12,Off-Peak,Wet (Rain),183,463,84,67,9
Bakuli Intersection,2026-06-04,12,Off-Peak,Dry,144,269,80,61,5
Bakuli Intersection,2026-06-04,12,Off-Peak,Dry,145,332,104,63,3
Bakuli Intersection,2026-06-04,12,Off-Peak,Dry,181,375,109,71,4
Bakuli Intersection,2026-06-04,13,Off-Peak,Wet (Rain),173,309,81,54,7
Bakuli Intersection,2026-06-04,13,Off-Peak,Dry,149,318,75,54,9
Bakuli Intersection,2026-06-04,13,Off-Peak,Dry,198,316,88,60,12
Bakuli Intersection,2026-06-04,13,Off-Peak,Wet (Rain),186,414,83,75,9
Bakuli Intersection,2026-06-04,14,Off-Peak,Dry,180,512,78,56,11
Bakuli Intersection,2026-06-04,14,Off-Peak,Wet (Rain),145,390,78,68,10
Bakuli Intersection,2026-06-04,14,Off-Peak,Dry,198,428,83,93,4
Bakuli Intersection,2026-06-04,14,Off-Peak,Dry,180,493,84,78,4
Bakuli Intersection,2026-06-04,15,Off-Peak,Dry,164,400,87,54,7
Bakuli Intersection,2026-06-04,15,Off-Peak,Wet (Rain),170,461,89,70,10
Bakuli Intersection,2026-06-04,15,Off-Peak,Wet (Rain),100,228,61,34,3
Bakuli Intersection,2026-06-04,15,Off-Peak,Dry,164,251,84,52,9
Bakuli Intersection,2026-06-04,16,Peak,Dry,431,1098,187,184,22
Bakuli Intersection,2026-06-04,16,Peak,Wet (Rain),291,690,161,111,18
Bakuli Intersection,2026-06-04,16,Peak,Dry,375,1087,221,184,7
Bakuli Intersection,2026-06-04,16,Peak,Dry,393,1079,207,161,12
Bakuli Intersection,2026-06-04,17,Peak,Wet (Rain),372,958,153,164,24
Bakuli Intersection,2026-06-04,17,Peak,Dry,490,774,246,230,10
Bakuli Intersection,2026-06-04,17,Peak,Wet (Rain),396,1022,208,187,24
Bakuli Intersection,2026-06-04,17,Peak,Wet (Rain),306,889,183,105,7
Bakuli Intersection,2026-06-04,18,Peak,Wet (Rain),304,571,139,137,17
Bakuli Intersection,2026-06-04,18,Peak,Dry,515,769,232,186,11
Bakuli Intersection,2026-06-04,18,Peak,Wet (Rain),310,841,193,99,9
Bakuli Intersection,2026-06-04,18,Peak,Dry,374,925,192,176,16
Bakuli Intersection,2026-06-04,19,Off-Peak,Wet (Rain),332,563,168,147,22
Bakuli Intersection,2026-06-04,19,Off-Peak,Dry,422,1228,259,140,24
Bakuli Intersection,2026-06-04,19,Off-Peak,Wet (Rain),397,1062,182,155,19
Bakuli Intersection,2026-06-04,19,Off-Peak,Wet (Rain),284,739,146,114,13
Bakuli Intersection,2026-06-04,20,Off-Peak,Dry,111,218,71,48,5
Bakuli Intersection,2026-06-04,20,Off-Peak,Dry,165,567,102,53,8
Bakuli Intersection,2026-06-04,20,Off-Peak,Dry,149,266,71,48,8
Bakuli Intersection,2026-06-04,20,Off-Peak,Dry,161,444,98,59,8
Bakuli Intersection,2026-06-04,21,Off-Peak,Dry,214,397,97,93,13
Bakuli Intersection,2026-06-04,21,Off-Peak,Wet (Rain),161,297,102,73,11
Bakuli Intersection,2026-06-04,21,Off-Peak,Dry,183,335,128,62,12
Bakuli Intersection,2026-06-04,21,Off-Peak,Wet (Rain),128,211,75,42,8
Bakuli Intersection,2026-06-05,6,Off-Peak,Dry,169,420,76,71,9
Bakuli Intersection,2026-06-05,6,Off-Peak,Dry,149,294,58,57,4
Bakuli Intersection,2026-06-05,6,Off-Peak,Dry,135,206,79,56,4
Bakuli Intersection,2026-06-05,6,Off-Peak,Dry,195,406,103,84,14
Bakuli Intersection,2026-06-05,7,Peak,Dry,398,847,206,127,21
Bakuli Intersection,2026-06-05,7,Peak,Dry,555,1067,251,267,33
Bakuli Intersection,2026-06-05,7,Peak,Dry,406,1254,257,141,25
Bakuli Intersection,2026-06-05,7,Peak,Dry,398,774,256,156,27
Bakuli Intersection,2026-06-05,8,Peak,Dry,368,687,221,136,27
Bakuli Intersection,2026-06-05,8,Peak,Dry,392,991,237,121,14
Bakuli Intersection,2026-06-05,8,Peak,Dry,455,840,266,177,32
Bakuli Intersection,2026-06-05,8,Peak,Dry,458,1057,218,182,19
Bakuli Intersection,2026-06-05,9,Off-Peak,Dry,386,1126,215,168,13
Bakuli Intersection,2026-06-05,9,Off-Peak,Dry,439,682,186,192,21
Bakuli Intersection,2026-06-05,9,Off-Peak,Dry,324,1081,196,123,25
Bakuli Intersection,2026-06-05,9,Off-Peak,Dry,552,952,290,239,29
Bakuli Intersection,2026-06-05,10,Off-Peak,Dry,174,254,74,65,13
Bakuli Intersection,2026-06-05,10,Off-Peak,Dry,140,418,103,69,5
Bakuli Intersection,2026-06-05,10,Off-Peak,Dry,253,581,125,77,10
Bakuli Intersection,2026-06-05,10,Off-Peak,Dry,179,527,84,55,12
Bakuli Intersection,2026-06-05,11,Off-Peak,Dry,199,465,93,75,12
Bakuli Intersection,2026-06-05,11,Off-Peak,Dry,130,306,76,63,6
Bakuli Intersection,2026-06-05,11,Off-Peak,Dry,165,448,75,51,3
Bakuli Intersection,2026-06-05,11,Off-Peak,Dry,233,620,107,76,13
Bakuli Intersection,2026-06-05,12,Off-Peak,Dry,148,402,109,52,11
Bakuli Intersection,2026-06-05,12,Off-Peak,Dry,137,374,81,52,10
Bakuli Intersection,2026-06-05,12,Off-Peak,Dry,172,517,81,80,5
Bakuli Intersection,2026-06-05,12,Off-Peak,Dry,174,374,94,64,5
Bakuli Intersection,2026-06-05,13,Off-Peak,Dry,225,528,81,70,6
Bakuli Intersection,2026-06-05,13,Off-Peak,Dry,257,425,118,102,18
Bakuli Intersection,2026-06-05,13,Off-Peak,Dry,147,367,64,50,3
Bakuli Intersection,2026-06-05,13,Off-Peak,Dry,163,445,85,74,12
Bakuli Intersection,2026-06-05,14,Off-Peak,Dry,144,283,102,45,10
Bakuli Intersection,2026-06-05,14,Off-Peak,Dry,129,357,71,49,5
Bakuli Intersection,2026-06-05,14,Off-Peak,Dry,106,286,62,33,6
Bakuli Intersection,2026-06-05,14,Off-Peak,Dry,112,294,65,33,3
Bakuli Intersection,2026-06-05,15,Off-Peak,Dry,153,342,112,73,5
Bakuli Intersection,2026-06-05,15,Off-Peak,Dry,167,272,96,75,10
Bakuli Intersection,2026-06-05,15,Off-Peak,Dry,182,460,89,70,6
Bakuli Intersection,2026-06-05,15,Off-Peak,Dry,172,297,85,76,11
Bakuli Intersection,2026-06-05,16,Peak,Dry,432,646,234,163,30
Bakuli Intersection,2026-06-05,16,Peak,Dry,460,920,243,228,18
Bakuli Intersection,2026-06-05,16,Peak,Dry,460,653,179,212,23
Bakuli Intersection,2026-06-05,16,Peak,Dry,425,1062,200,153,15
Bakuli Intersection,2026-06-05,17,Peak,Dry,526,1265,253,177,30
Bakuli Intersection,2026-06-05,17,Peak,Dry,365,1044,231,132,22
Bakuli Intersection,2026-06-05,17,Peak,Dry,483,656,183,161,25
Bakuli Intersection,2026-06-05,17,Peak,Dry,385,801,207,177,9
Bakuli Intersection,2026-06-05,18,Peak,Dry,356,1004,231,136,15
Bakuli Intersection,2026-06-05,18,Peak,Dry,339,738,224,143,21
Bakuli Intersection,2026-06-05,18,Peak,Dry,404,1175,267,155,11
Bakuli Intersection,2026-06-05,18,Peak,Dry,338,865,229,147,14
Bakuli Intersection,2026-06-05,19,Off-Peak,Dry,505,823,198,151,16
Bakuli Intersection,2026-06-05,19,Off-Peak,Dry,363,1000,273,114,17
Bakuli Intersection,2026-06-05,19,Off-Peak,Dry,355,1080,166,142,14
Bakuli Intersection,2026-06-05,19,Off-Peak,Dry,386,807,217,185,20
Bakuli Intersection,2026-06-05,20,Off-Peak,Dry,139,350,62,48,8
Bakuli Intersection,2026-06-05,20,Off-Peak,Dry,196,414,117,96,14
Bakuli Intersection,2026-06-05,20,Off-Peak,Dry,249,340,115,102,10
Bakuli Intersection,2026-06-05,20,Off-Peak,Dry,200,515,103,60,15
Bakuli Intersection,2026-06-05,21,Off-Peak,Dry,188,307,88,62,8
Bakuli Intersection,2026-06-05,21,Off-Peak,Dry,162,412,84,63,5
Bakuli Intersection,2026-06-05,21,Off-Peak,Dry,204,353,84,88,6
Bakuli Intersection,2026-06-05,21,Off-Peak,Dry,118,305,68,40,3
Bakuli Intersection,2026-06-06,6,Off-Peak,Dry,134,309,52,53,10
Bakuli Intersection,2026-06-06,6,Off-Peak,Dry,142,235,86,63,9
Bakuli Intersection,2026-06-06,6,Off-Peak,Dry,198,465,93,83,12
Bakuli Intersection,2026-06-06,6,Off-Peak,Dry,127,282,83,42,8
Bakuli Intersection,2026-06-06,7,Peak,Dry,417,1194,199,139,20
Bakuli Intersection,2026-06-06,7,Peak,Dry,470,1051,277,222,26
Bakuli Intersection,2026-06-06,7,Peak,Dry,351,783,239,136,7
Bakuli Intersection,2026-06-06,7,Peak,Dry,449,943,193,136,29
Bakuli Intersection,2026-06-06,8,Peak,Dry,354,754,250,160,8
Bakuli Intersection,2026-06-06,8,Peak,Dry,483,1154,244,213,10
Bakuli Intersection,2026-06-06,8,Peak,Dry,424,975,235,153,17
Bakuli Intersection,2026-06-06,8,Peak,Dry,491,715,251,199,34
Bakuli Intersection,2026-06-06,9,Off-Peak,Dry,421,966,222,172,31
Bakuli Intersection,2026-06-06,9,Off-Peak,Dry,342,924,218,135,15
Bakuli Intersection,2026-06-06,9,Off-Peak,Dry,388,987,196,164,29
Bakuli Intersection,2026-06-06,9,Off-Peak,Dry,499,1115,290,170,11
Bakuli Intersection,2026-06-06,10,Off-Peak,Dry,135,243,66,47,2
Bakuli Intersection,2026-06-06,10,Off-Peak,Dry,181,342,100,67,5
Bakuli Intersection,2026-06-06,10,Off-Peak,Dry,148,276,92,46,10
Bakuli Intersection,2026-06-06,10,Off-Peak,Dry,212,460,82,63,12
Bakuli Intersection,2026-06-06,11,Off-Peak,Dry,163,359,72,72,10
Bakuli Intersection,2026-06-06,11,Off-Peak,Dry,148,220,57,45,7
Bakuli Intersection,2026-06-06,11,Off-Peak,Dry,137,443,76,61,5
Bakuli Intersection,2026-06-06,11,Off-Peak,Dry,112,244,64,37,3
Bakuli Intersection,2026-06-06,12,Off-Peak,Dry,139,203,71,58,9
Bakuli Intersection,2026-06-06,12,Off-Peak,Dry,143,260,68,67,11
Bakuli Intersection,2026-06-06,12,Off-Peak,Dry,181,554,98,68,3
Bakuli Intersection,2026-06-06,12,Off-Peak,Dry,189,494,94,77,8
Bakuli Intersection,2026-06-06,13,Off-Peak,Dry,222,552,118,69,10
Bakuli Intersection,2026-06-06,13,Off-Peak,Dry,158,441,100,51,7
Bakuli Intersection,2026-06-06,13,Off-Peak,Dry,209,525,129,82,4
Bakuli Intersection,2026-06-06,13,Off-Peak,Dry,155,388,77,66,8
Bakuli Intersection,2026-06-06,14,Off-Peak,Dry,133,245,83,55,6
Bakuli Intersection,2026-06-06,14,Off-Peak,Dry,220,322,108,101,4
Bakuli Intersection,2026-06-06,14,Off-Peak,Dry,125,399,79,40,9
Bakuli Intersection,2026-06-06,14,Off-Peak,Dry,143,343,95,48,7
Bakuli Intersection,2026-06-06,15,Off-Peak,Dry,250,531,100,76,18
Bakuli Intersection,2026-06-06,15,Off-Peak,Dry,198,331,97,63,11
Bakuli Intersection,2026-06-06,15,Off-Peak,Dry,189,380,101,82,13
Bakuli Intersection,2026-06-06,15,Off-Peak,Dry,186,364,74,88,8
Bakuli Intersection,2026-06-06,16,Peak,Dry,457,1182,219,219,16
Bakuli Intersection,2026-06-06,16,Peak,Dry,356,1003,257,152,16
Bakuli Intersection,2026-06-06,16,Peak,Dry,303,853,218,133,10
Bakuli Intersection,2026-06-06,16,Peak,Dry,375,850,199,156,13
Bakuli Intersection,2026-06-06,17,Peak,Dry,374,768,267,139,28
Bakuli Intersection,2026-06-06,17,Peak,Dry,560,1056,281,198,21
Bakuli Intersection,2026-06-06,17,Peak,Dry,352,864,218,111,11
Bakuli Intersection,2026-06-06,17,Peak,Dry,462,1078,229,229,35
Bakuli Intersection,2026-06-06,18,Peak,Dry,383,1084,225,159,11
Bakuli Intersection,2026-06-06,18,Peak,Dry,413,1180,219,174,29
Bakuli Intersection,2026-06-06,18,Peak,Dry,438,679,223,203,22
Bakuli Intersection,2026-06-06,18,Peak,Dry,375,731,196,136,19
Bakuli Intersection,2026-06-06,19,Off-Peak,Dry,330,1128,204,144,12
Bakuli Intersection,2026-06-06,19,Off-Peak,Dry,394,1104,263,190,10
Bakuli Intersection,2026-06-06,19,Off-Peak,Dry,423,1084,235,146,16
Bakuli Intersection,2026-06-06,19,Off-Peak,Dry,435,1114,251,164,20
Bakuli Intersection,2026-06-06,20,Off-Peak,Dry,153,313,101,55,8
Bakuli Intersection,2026-06-06,20,Off-Peak,Dry,162,484,116,50,3
Bakuli Intersection,2026-06-06,20,Off-Peak,Dry,144,309,70,69,9
Bakuli Intersection,2026-06-06,20,Off-Peak,Dry,174,316,121,59,4
Bakuli Intersection,2026-06-06,21,Off-Peak,Dry,151,220,75,50,9
Bakuli Intersection,2026-06-06,21,Off-Peak,Dry,141,314,56,43,8
Bakuli Intersection,2026-06-06,21,Off-Peak,Dry,203,582,93,64,9
Bakuli Intersection,2026-06-06,21,Off-Peak,Dry,159,382,94,53,8
Bakuli Intersection,2026-06-07,6,Off-Peak,Dry,169,425,95,78,7
Bakuli Intersection,2026-06-07,6,Off-Peak,Dry,163,285,90,51,8
Bakuli Intersection,2026-06-07,6,Off-Peak,Dry,212,424,110,104,5
Bakuli Intersection,2026-06-07,6,Off-Peak,Dry,212,568,115,89,7
Bakuli Intersection,2026-06-07,7,Peak,Dry,497,896,220,237,17
Bakuli Intersection,2026-06-07,7,Peak,Dry,355,988,185,132,15
Bakuli Intersection,2026-06-07,7,Peak,Dry,500,814,250,157,12
Bakuli Intersection,2026-06-07,7,Peak,Dry,549,1253,272,196,19
Bakuli Intersection,2026-06-07,8,Peak,Dry,496,1002,200,209,21
Bakuli Intersection,2026-06-07,8,Peak,Dry,407,937,193,182,9
Bakuli Intersection,2026-06-07,8,Peak,Dry,449,1116,220,209,22
Bakuli Intersection,2026-06-07,8,Peak,Dry,347,781,220,170,8
Bakuli Intersection,2026-06-07,9,Off-Peak,Dry,429,1265,201,194,18
Bakuli Intersection,2026-06-07,9,Off-Peak,Dry,429,1193,231,204,14
Bakuli Intersection,2026-06-07,9,Off-Peak,Dry,379,861,209,173,19
Bakuli Intersection,2026-06-07,9,Off-Peak,Dry,379,1319,285,152,16
Bakuli Intersection,2026-06-07,10,Off-Peak,Dry,156,544,109,50,10
Bakuli Intersection,2026-06-07,10,Off-Peak,Dry,214,334,105,71,12
Bakuli Intersection,2026-06-07,10,Off-Peak,Dry,159,455,116,52,5
Bakuli Intersection,2026-06-07,10,Off-Peak,Dry,121,284,71,38,3
Bakuli Intersection,2026-06-07,11,Off-Peak,Dry,118,349,72,57,3
Bakuli Intersection,2026-06-07,11,Off-Peak,Dry,208,324,126,69,7
Bakuli Intersection,2026-06-07,11,Off-Peak,Dry,195,498,115,87,6
Bakuli Intersection,2026-06-07,11,Off-Peak,Dry,225,544,121,92,6
Bakuli Intersection,2026-06-07,12,Off-Peak,Dry,145,294,70,58,7
Bakuli Intersection,2026-06-07,12,Off-Peak,Dry,132,412,77,57,9
Bakuli Intersection,2026-06-07,12,Off-Peak,Dry,174,502,110,80,13
Bakuli Intersection,2026-06-07,12,Off-Peak,Dry,139,261,96,44,5
Bakuli Intersection,2026-06-07,13,Off-Peak,Dry,141,367,83,70,4
Bakuli Intersection,2026-06-07,13,Off-Peak,Dry,185,337,110,80,8
Bakuli Intersection,2026-06-07,13,Off-Peak,Dry,121,323,83,48,3
Bakuli Intersection,2026-06-07,13,Off-Peak,Dry,203,362,111,72,12
Bakuli Intersection,2026-06-07,14,Off-Peak,Dry,141,237,64,68,3
Bakuli Intersection,2026-06-07,14,Off-Peak,Dry,219,482,97,87,4
Bakuli Intersection,2026-06-07,14,Off-Peak,Dry,176,360,89,67,6
Bakuli Intersection,2026-06-07,14,Off-Peak,Dry,126,244,65,49,7
Bakuli Intersection,2026-06-07,15,Off-Peak,Dry,146,289,84,67,11
Bakuli Intersection,2026-06-07,15,Off-Peak,Dry,158,391,73,61,5
Bakuli Intersection,2026-06-07,15,Off-Peak,Dry,171,395,103,76,3
Bakuli Intersection,2026-06-07,15,Off-Peak,Dry,175,263,85,53,9
Bakuli Intersection,2026-06-07,16,Peak,Dry,443,791,193,134,13
Bakuli Intersection,2026-06-07,16,Peak,Dry,388,1034,181,130,16
Bakuli Intersection,2026-06-07,16,Peak,Dry,389,1024,184,126,14
Bakuli Intersection,2026-06-07,16,Peak,Dry,394,1211,275,143,28
Bakuli Intersection,2026-06-07,17,Peak,Dry,386,695,213,182,19
Bakuli Intersection,2026-06-07,17,Peak,Dry,424,1149,231,162,10
Bakuli Intersection,2026-06-07,17,Peak,Dry,475,680,229,207,17
Bakuli Intersection,2026-06-07,17,Peak,Dry,545,859,203,245,30
Bakuli Intersection,2026-06-07,18,Peak,Dry,506,897,218,202,22
Bakuli Intersection,2026-06-07,18,Peak,Dry,410,940,242,196,15
Bakuli Intersection,2026-06-07,18,Peak,Dry,444,1261,226,197,19
Bakuli Intersection,2026-06-07,18,Peak,Dry,457,824,248,187,22
Bakuli Intersection,2026-06-07,19,Off-Peak,Dry,318,1069,226,114,22
Bakuli Intersection,2026-06-07,19,Off-Peak,Dry,498,1058,249,195,37
Bakuli Intersection,2026-06-07,19,Off-Peak,Dry,375,941,163,148,11
Bakuli Intersection,2026-06-07,19,Off-Peak,Dry,491,1202,244,165,17
Bakuli Intersection,2026-06-07,20,Off-Peak,Dry,209,401,111,91,10
Bakuli Intersection,2026-06-07,20,Off-Peak,Dry,192,298,87,87,4
Bakuli Intersection,2026-06-07,20,Off-Peak,Dry,198,531,117,72,12
Bakuli Intersection,2026-06-07,20,Off-Peak,Dry,204,342,95,79,12
Bakuli Intersection,2026-06-07,21,Off-Peak,Dry,103,353,65,45,7
Bakuli Intersection,2026-06-07,21,Off-Peak,Dry,149,383,78,52,5
Bakuli Intersection,2026-06-07,21,Off-Peak,Dry,215,486,82,72,4
Bakuli Intersection,2026-06-07,21,Off-Peak,Dry,206,359,111,101,16
Bakuli Intersection,2026-06-08,6,Off-Peak,Dry,147,406,114,56,5
Bakuli Intersection,2026-06-08,6,Off-Peak,Dry,179,443,85,61,9
Bakuli Intersection,2026-06-08,6,Off-Peak,Dry,122,254,70,39,8
Bakuli Intersection,2026-06-08,6,Off-Peak,Dry,137,367,75,50,7
Bakuli Intersection,2026-06-08,7,Peak,Dry,468,1260,280,185,30
Bakuli Intersection,2026-06-08,7,Peak,Dry,446,712,190,195,26
Bakuli Intersection,2026-06-08,7,Peak,Dry,409,747,188,176,25
Bakuli Intersection,2026-06-08,7,Peak,Dry,540,1015,275,172,34
Bakuli Intersection,2026-06-08,8,Peak,Dry,444,971,236,198,9
Bakuli Intersection,2026-06-08,8,Peak,Dry,445,1188,217,222,28
Bakuli Intersection,2026-06-08,8,Peak,Dry,454,1070,201,173,12
Bakuli Intersection,2026-06-08,8,Peak,Dry,393,1053,256,141,17
Bakuli Intersection,2026-06-08,9,Off-Peak,Dry,495,1212,232,160,26
Bakuli Intersection,2026-06-08,9,Off-Peak,Dry,335,683,215,102,26
Bakuli Intersection,2026-06-08,9,Off-Peak,Dry,472,1041,222,186,16
Bakuli Intersection,2026-06-08,9,Off-Peak,Dry,419,1059,204,148,19
Bakuli Intersection,2026-06-08,10,Off-Peak,Dry,219,342,91,70,11
Bakuli Intersection,2026-06-08,10,Off-Peak,Dry,216,459,97,103,8
Bakuli Intersection,2026-06-08,10,Off-Peak,Dry,175,583,118,71,7
Bakuli Intersection,2026-06-08,10,Off-Peak,Dry,114,353,60,53,6
Bakuli Intersection,2026-06-08,11,Off-Peak,Dry,154,336,81,58,7
Bakuli Intersection,2026-06-08,11,Off-Peak,Dry,137,427,74,62,3
Bakuli Intersection,2026-06-08,11,Off-Peak,Dry,207,440,100,80,5
Bakuli Intersection,2026-06-08,11,Off-Peak,Dry,228,462,123,75,11
Bakuli Intersection,2026-06-08,12,Off-Peak,Dry,153,318,86,60,3
Bakuli Intersection,2026-06-08,12,Off-Peak,Dry,164,272,82,73,6
Bakuli Intersection,2026-06-08,12,Off-Peak,Dry,193,425,110,73,7
Bakuli Intersection,2026-06-08,12,Off-Peak,Dry,155,216,75,72,12
Bakuli Intersection,2026-06-08,13,Off-Peak,Dry,181,325,86,68,11
Bakuli Intersection,2026-06-08,13,Off-Peak,Dry,137,502,106,63,6
Bakuli Intersection,2026-06-08,13,Off-Peak,Dry,141,373,80,45,5
Bakuli Intersection,2026-06-08,13,Off-Peak,Dry,150,273,65,71,5
Bakuli Intersection,2026-06-08,14,Off-Peak,Dry,175,495,111,56,12
Bakuli Intersection,2026-06-08,14,Off-Peak,Dry,249,433,109,107,4
Bakuli Intersection,2026-06-08,14,Off-Peak,Dry,118,261,67,46,9
Bakuli Intersection,2026-06-08,14,Off-Peak,Dry,206,537,94,95,11
Bakuli Intersection,2026-06-08,15,Off-Peak,Dry,178,543,113,62,7
Bakuli Intersection,2026-06-08,15,Off-Peak,Dry,130,221,71,63,3
Bakuli Intersection,2026-06-08,15,Off-Peak,Dry,172,513,93,62,9
Bakuli Intersection,2026-06-08,15,Off-Peak,Dry,147,468,90,44,5
Bakuli Intersection,2026-06-08,16,Peak,Dry,508,1113,252,186,28
Bakuli Intersection,2026-06-08,16,Peak,Dry,508,771,193,177,38
Bakuli Intersection,2026-06-08,16,Peak,Dry,453,629,186,184,25
Bakuli Intersection,2026-06-08,16,Peak,Dry,469,971,228,152,25
Bakuli Intersection,2026-06-08,17,Peak,Dry,366,1059,233,178,9
Bakuli Intersection,2026-06-08,17,Peak,Dry,430,789,258,197,32
Bakuli Intersection,2026-06-08,17,Peak,Dry,519,708,218,178,30
Bakuli Intersection,2026-06-08,17,Peak,Dry,512,1117,239,154,30
Bakuli Intersection,2026-06-08,18,Peak,Dry,378,842,258,184,20
Bakuli Intersection,2026-06-08,18,Peak,Dry,371,996,170,166,26
Bakuli Intersection,2026-06-08,18,Peak,Dry,507,800,213,201,14
Bakuli Intersection,2026-06-08,18,Peak,Dry,382,793,212,149,8
Bakuli Intersection,2026-06-08,19,Off-Peak,Dry,535,1154,237,162,16
Bakuli Intersection,2026-06-08,19,Off-Peak,Dry,380,1002,238,135,21
Bakuli Intersection,2026-06-08,19,Off-Peak,Dry,502,861,202,165,31
Bakuli Intersection,2026-06-08,19,Off-Peak,Dry,432,759,240,177,34
Bakuli Intersection,2026-06-08,20,Off-Peak,Dry,223,539,91,87,16
Bakuli Intersection,2026-06-08,20,Off-Peak,Dry,146,287,74,68,8
Bakuli Intersection,2026-06-08,20,Off-Peak,Dry,143,271,63,51,5
Bakuli Intersection,2026-06-08,20,Off-Peak,Dry,221,566,94,83,8
Bakuli Intersection,2026-06-08,21,Off-Peak,Dry,227,452,94,96,7
Bakuli Intersection,2026-06-08,21,Off-Peak,Dry,247,488,100,88,10
Bakuli Intersection,2026-06-08,21,Off-Peak,Dry,220,494,113,102,15
Bakuli Intersection,2026-06-08,21,Off-Peak,Dry,147,506,107,57,5
Bakuli Intersection,2026-06-09,6,Off-Peak,Wet (Rain),126,240,60,42,5
Bakuli Intersection,2026-06-09,6,Off-Peak,Wet (Rain),198,410,105,86,9
Bakuli Intersection,2026-06-09,6,Off-Peak,Wet (Rain),112,320,52,34,4
Bakuli Intersection,2026-06-09,6,Off-Peak,Dry,218,467,117,102,16
Bakuli Intersection,2026-06-09,7,Peak,Wet (Rain),434,738,194,156,13
Bakuli Intersection,2026-06-09,7,Peak,Dry,513,1210,225,212,21
Bakuli Intersection,2026-06-09,7,Peak,Dry,442,749,173,207,16
Bakuli Intersection,2026-06-09,7,Peak,Dry,315,961,181,127,10
Bakuli Intersection,2026-06-09,8,Peak,Wet (Rain),426,893,168,164,16
Bakuli Intersection,2026-06-09,8,Peak,Dry,472,735,192,164,34
Bakuli Intersection,2026-06-09,8,Peak,Wet (Rain),342,863,186,112,10
Bakuli Intersection,2026-06-09,8,Peak,Dry,428,754,241,168,8
Bakuli Intersection,2026-06-09,9,Off-Peak,Wet (Rain),282,663,158,113,7
Bakuli Intersection,2026-06-09,9,Off-Peak,Dry,493,1107,239,199,32
Bakuli Intersection,2026-06-09,9,Off-Peak,Dry,480,1126,250,211,22
Bakuli Intersection,2026-06-09,9,Off-Peak,Wet (Rain),455,925,207,199,16
Bakuli Intersection,2026-06-09,10,Off-Peak,Wet (Rain),162,317,76,60,11
Bakuli Intersection,2026-06-09,10,Off-Peak,Dry,194,385,112,87,13
Bakuli Intersection,2026-06-09,10,Off-Peak,Dry,210,586,116,100,12
Bakuli Intersection,2026-06-09,10,Off-Peak,Wet (Rain),212,331,83,84,5
Bakuli Intersection,2026-06-09,11,Off-Peak,Wet (Rain),123,327,68,48,4
Bakuli Intersection,2026-06-09,11,Off-Peak,Dry,163,512,84,80,4
Bakuli Intersection,2026-06-09,11,Off-Peak,Dry,177,336,112,80,8
Bakuli Intersection,2026-06-09,11,Off-Peak,Dry,198,535,96,95,4
Bakuli Intersection,2026-06-09,12,Off-Peak,Dry,226,494,125,68,12
Bakuli Intersection,2026-06-09,12,Off-Peak,Wet (Rain),195,284,85,83,14
Bakuli Intersection,2026-06-09,12,Off-Peak,Dry,115,293,58,46,9
Bakuli Intersection,2026-06-09,12,Off-Peak,Dry,170,394,86,73,12
Bakuli Intersection,2026-06-09,13,Off-Peak,Dry,151,426,85,75,7
Bakuli Intersection,2026-06-09,13,Off-Peak,Dry,114,354,76,53,4
Bakuli Intersection,2026-06-09,13,Off-Peak,Dry,198,352,105,83,6
Bakuli Intersection,2026-06-09,13,Off-Peak,Dry,206,330,84,62,7
Bakuli Intersection,2026-06-09,14,Off-Peak,Dry,152,393,77,63,5
Bakuli Intersection,2026-06-09,14,Off-Peak,Dry,188,448,117,90,14
Bakuli Intersection,2026-06-09,14,Off-Peak,Dry,190,351,84,83,12
Bakuli Intersection,2026-06-09,14,Off-Peak,Dry,164,453,89,53,4
Bakuli Intersection,2026-06-09,15,Off-Peak,Wet (Rain),216,354,89,69,10
Bakuli Intersection,2026-06-09,15,Off-Peak,Dry,203,463,129,98,15
Bakuli Intersection,2026-06-09,15,Off-Peak,Dry,146,323,72,53,9
Bakuli Intersection,2026-06-09,15,Off-Peak,Wet (Rain),179,377,80,88,12
Bakuli Intersection,2026-06-09,16,Peak,Dry,532,805,257,254,11
Bakuli Intersection,2026-06-09,16,Peak,Dry,382,832,261,157,29
Bakuli Intersection,2026-06-09,16,Peak,Wet (Rain),421,1137,172,180,33
Bakuli Intersection,2026-06-09,16,Peak,Dry,465,1127,217,141,27
Bakuli Intersection,2026-06-09,17,Peak,Dry,370,1125,180,161,21
Bakuli Intersection,2026-06-09,17,Peak,Dry,319,1106,216,145,18
Bakuli Intersection,2026-06-09,17,Peak,Dry,372,716,220,156,18
Bakuli Intersection,2026-06-09,17,Peak,Dry,538,1052,202,252,42
Bakuli Intersection,2026-06-09,18,Peak,Wet (Rain),372,634,182,175,26
Bakuli Intersection,2026-06-09,18,Peak,Dry,380,892,202,123,8
Bakuli Intersection,2026-06-09,18,Peak,Dry,342,936,176,103,25
Bakuli Intersection,2026-06-09,18,Peak,Dry,442,1221,233,148,26
Bakuli Intersection,2026-06-09,19,Off-Peak,Dry,481,1136,210,187,15
Bakuli Intersection,2026-06-09,19,Off-Peak,Wet (Rain),295,624,191,118,19
Bakuli Intersection,2026-06-09,19,Off-Peak,Dry,438,794,160,153,16
Bakuli Intersection,2026-06-09,19,Off-Peak,Wet (Rain),467,954,213,211,24
Bakuli Intersection,2026-06-09,20,Off-Peak,Dry,132,261,64,65,5
Bakuli Intersection,2026-06-09,20,Off-Peak,Wet (Rain),177,290,70,63,12
Bakuli Intersection,2026-06-09,20,Off-Peak,Dry,147,338,75,70,6
Bakuli Intersection,2026-06-09,20,Off-Peak,Dry,163,282,82,54,11
Bakuli Intersection,2026-06-09,21,Off-Peak,Wet (Rain),126,437,68,62,4
Bakuli Intersection,2026-06-09,21,Off-Peak,Dry,154,421,72,51,9
Bakuli Intersection,2026-06-09,21,Off-Peak,Dry,188,406,87,87,4
Bakuli Intersection,2026-06-09,21,Off-Peak,Dry,166,266,66,64,8
Bakuli Intersection,2026-06-10,6,Off-Peak,Dry,172,339,99,83,13
Bakuli Intersection,2026-06-10,6,Off-Peak,Dry,179,277,85,72,7
Bakuli Intersection,2026-06-10,6,Off-Peak,Dry,124,340,65,51,8
Bakuli Intersection,2026-06-10,6,Off-Peak,Dry,256,426,103,89,16
Bakuli Intersection,2026-06-10,7,Peak,Dry,428,815,182,157,28
Bakuli Intersection,2026-06-10,7,Peak,Dry,479,1209,236,169,33
Bakuli Intersection,2026-06-10,7,Peak,Dry,476,801,229,143,13
Bakuli Intersection,2026-06-10,7,Peak,Dry,357,846,250,142,11
Bakuli Intersection,2026-06-10,8,Peak,Dry,407,867,217,198,20
Bakuli Intersection,2026-06-10,8,Peak,Dry,476,999,229,155,33
Bakuli Intersection,2026-06-10,8,Peak,Dry,522,1163,243,230,28
Bakuli Intersection,2026-06-10,8,Peak,Dry,365,972,179,112,25
Bakuli Intersection,2026-06-10,9,Off-Peak,Dry,361,844,231,125,25
Bakuli Intersection,2026-06-10,9,Off-Peak,Dry,336,933,202,129,7
Bakuli Intersection,2026-06-10,9,Off-Peak,Dry,375,663,221,157,9
Bakuli Intersection,2026-06-10,9,Off-Peak,Dry,435,636,182,190,11
Bakuli Intersection,2026-06-10,10,Off-Peak,Dry,153,527,92,64,8
Bakuli Intersection,2026-06-10,10,Off-Peak,Dry,148,440,102,60,10
Bakuli Intersection,2026-06-10,10,Off-Peak,Dry,259,610,104,95,12
Bakuli Intersection,2026-06-10,10,Off-Peak,Dry,186,366,82,74,10
Bakuli Intersection,2026-06-10,11,Off-Peak,Dry,117,232,73,52,6
Bakuli Intersection,2026-06-10,11,Off-Peak,Dry,183,315,90,78,14
Bakuli Intersection,2026-06-10,11,Off-Peak,Dry,215,435,128,66,10
Bakuli Intersection,2026-06-10,11,Off-Peak,Dry,176,437,76,85,4
Bakuli Intersection,2026-06-10,12,Off-Peak,Dry,200,339,89,96,4
Bakuli Intersection,2026-06-10,12,Off-Peak,Dry,149,284,76,74,8
Bakuli Intersection,2026-06-10,12,Off-Peak,Dry,166,518,114,58,4
Bakuli Intersection,2026-06-10,12,Off-Peak,Dry,208,388,86,77,7
Bakuli Intersection,2026-06-10,13,Off-Peak,Dry,138,320,68,66,5
Bakuli Intersection,2026-06-10,13,Off-Peak,Dry,184,402,93,85,8
Bakuli Intersection,2026-06-10,13,Off-Peak,Dry,194,375,105,78,12
Bakuli Intersection,2026-06-10,13,Off-Peak,Dry,190,419,93,65,14
Bakuli Intersection,2026-06-10,14,Off-Peak,Dry,170,475,98,65,12
Bakuli Intersection,2026-06-10,14,Off-Peak,Dry,178,327,71,55,6
Bakuli Intersection,2026-06-10,14,Off-Peak,Dry,170,383,71,83,4
Bakuli Intersection,2026-06-10,14,Off-Peak,Dry,162,326,90,69,12
Bakuli Intersection,2026-06-10,15,Off-Peak,Dry,194,587,100,90,13
Bakuli Intersection,2026-06-10,15,Off-Peak,Dry,149,382,81,53,6
Bakuli Intersection,2026-06-10,15,Off-Peak,Dry,115,215,71,49,2
Bakuli Intersection,2026-06-10,15,Off-Peak,Dry,139,255,71,68,9
Bakuli Intersection,2026-06-10,16,Peak,Dry,497,1320,287,162,21
Bakuli Intersection,2026-06-10,16,Peak,Dry,310,992,217,109,14
Bakuli Intersection,2026-06-10,16,Peak,Dry,475,1004,279,205,9
Bakuli Intersection,2026-06-10,16,Peak,Dry,443,771,197,184,27
Bakuli Intersection,2026-06-10,17,Peak,Dry,371,1054,183,174,17
Bakuli Intersection,2026-06-10,17,Peak,Dry,429,1095,193,201,19
Bakuli Intersection,2026-06-10,17,Peak,Dry,384,1204,275,128,13
Bakuli Intersection,2026-06-10,17,Peak,Dry,453,1037,245,193,9
Bakuli Intersection,2026-06-10,18,Peak,Dry,377,1041,271,181,10
Bakuli Intersection,2026-06-10,18,Peak,Dry,482,1009,196,177,21
Bakuli Intersection,2026-06-10,18,Peak,Dry,330,1086,176,108,9
Bakuli Intersection,2026-06-10,18,Peak,Dry,381,1056,231,159,17
Bakuli Intersection,2026-06-10,19,Off-Peak,Dry,425,788,256,143,11
Bakuli Intersection,2026-06-10,19,Off-Peak,Dry,467,1169,236,204,10
Bakuli Intersection,2026-06-10,19,Off-Peak,Dry,381,729,213,154,30
Bakuli Intersection,2026-06-10,19,Off-Peak,Dry,383,591,191,180,20
Bakuli Intersection,2026-06-10,20,Off-Peak,Dry,194,629,132,96,14
Bakuli Intersection,2026-06-10,20,Off-Peak,Dry,167,293,63,54,4
Bakuli Intersection,2026-06-10,20,Off-Peak,Dry,173,376,89,60,13
Bakuli Intersection,2026-06-10,20,Off-Peak,Dry,144,276,99,62,4
Bakuli Intersection,2026-06-10,21,Off-Peak,Dry,212,487,79,99,14
Bakuli Intersection,2026-06-10,21,Off-Peak,Dry,140,357,66,60,7
Bakuli Intersection,2026-06-10,21,Off-Peak,Dry,163,397,93,56,7
Bakuli Intersection,2026-06-10,21,Off-Peak,Dry,219,597,134,97,4
Bakuli Intersection,2026-06-11,6,Off-Peak,Dry,168,392,113,68,7
Bakuli Intersection,2026-06-11,6,Off-Peak,Dry,109,233,67,36,2
Bakuli Intersection,2026-06-11,6,Off-Peak,Dry,186,373,100,87,12
Bakuli Intersection,2026-06-11,6,Off-Peak,Dry,162,335,115,51,11
Bakuli Intersection,2026-06-11,7,Peak,Dry,371,1095,179,113,22
Bakuli Intersection,2026-06-11,7,Peak,Dry,442,806,225,178,10
Bakuli Intersection,2026-06-11,7,Peak,Dry,387,885,222,158,22
Bakuli Intersection,2026-06-11,7,Peak,Dry,404,982,241,180,27
Bakuli Intersection,2026-06-11,8,Peak,Dry,390,979,224,148,20
Bakuli Intersection,2026-06-11,8,Peak,Dry,350,1085,213,163,18
Bakuli Intersection,2026-06-11,8,Peak,Dry,450,879,195,147,32
Bakuli Intersection,2026-06-11,8,Peak,Dry,402,711,186,190,19
Bakuli Intersection,2026-06-11,9,Off-Peak,Dry,327,891,223,134,22
Bakuli Intersection,2026-06-11,9,Off-Peak,Dry,437,802,193,158,9
Bakuli Intersection,2026-06-11,9,Off-Peak,Dry,501,1054,269,209,24
Bakuli Intersection,2026-06-11,9,Off-Peak,Dry,414,868,225,182,25
Bakuli Intersection,2026-06-11,10,Off-Peak,Dry,170,319,88,57,11
Bakuli Intersection,2026-06-11,10,Off-Peak,Dry,179,391,90,68,11
Bakuli Intersection,2026-06-11,10,Off-Peak,Dry,119,308,84,48,8
Bakuli Intersection,2026-06-11,10,Off-Peak,Dry,212,357,94,71,16
Bakuli Intersection,2026-06-11,11,Off-Peak,Dry,159,395,86,71,4
Bakuli Intersection,2026-06-11,11,Off-Peak,Dry,128,366,78,44,5
Bakuli Intersection,2026-06-11,11,Off-Peak,Dry,129,244,63,57,3
Bakuli Intersection,2026-06-11,11,Off-Peak,Dry,147,290,98,64,4
Bakuli Intersection,2026-06-11,12,Off-Peak,Dry,202,493,91,72,8
Bakuli Intersection,2026-06-11,12,Off-Peak,Dry,174,556,98,68,5
Bakuli Intersection,2026-06-11,12,Off-Peak,Dry,209,462,115,87,4
Bakuli Intersection,2026-06-11,12,Off-Peak,Dry,161,343,84,77,10
Bakuli Intersection,2026-06-11,13,Off-Peak,Dry,192,381,80,61,8
Bakuli Intersection,2026-06-11,13,Off-Peak,Dry,165,593,122,62,5
Bakuli Intersection,2026-06-11,13,Off-Peak,Dry,155,260,57,59,5
Bakuli Intersection,2026-06-11,13,Off-Peak,Dry,140,246,87,47,3
Bakuli Intersection,2026-06-11,14,Off-Peak,Dry,219,523,92,92,14
Bakuli Intersection,2026-06-11,14,Off-Peak,Dry,199,345,101,69,11
Bakuli Intersection,2026-06-11,14,Off-Peak,Dry,107,315,63,37,2
Bakuli Intersection,2026-06-11,14,Off-Peak,Dry,188,326,106,83,6
Bakuli Intersection,2026-06-11,15,Off-Peak,Dry,123,239,73,53,4
Bakuli Intersection,2026-06-11,15,Off-Peak,Dry,182,436,94,58,5
Bakuli Intersection,2026-06-11,15,Off-Peak,Dry,216,482,90,98,14
Bakuli Intersection,2026-06-11,15,Off-Peak,Dry,185,266,74,57,14
Bakuli Intersection,2026-06-11,16,Peak,Dry,328,917,192,155,18
Bakuli Intersection,2026-06-11,16,Peak,Dry,411,1014,231,176,9
Bakuli Intersection,2026-06-11,16,Peak,Dry,389,832,242,155,18
Bakuli Intersection,2026-06-11,16,Peak,Dry,360,993,230,170,19
Bakuli Intersection,2026-06-11,17,Peak,Dry,416,751,254,142,25
Bakuli Intersection,2026-06-11,17,Peak,Dry,458,1142,240,192,29
Bakuli Intersection,2026-06-11,17,Peak,Dry,386,1167,241,137,9
Bakuli Intersection,2026-06-11,17,Peak,Dry,398,1014,208,171,8
Bakuli Intersection,2026-06-11,18,Peak,Dry,368,769,218,170,13
Bakuli Intersection,2026-06-11,18,Peak,Dry,379,1008,210,166,21
Bakuli Intersection,2026-06-11,18,Peak,Dry,397,1262,216,124,8
Bakuli Intersection,2026-06-11,18,Peak,Dry,477,733,199,150,10
Bakuli Intersection,2026-06-11,19,Off-Peak,Dry,488,1050,244,168,33
Bakuli Intersection,2026-06-11,19,Off-Peak,Dry,442,1088,229,181,29
Bakuli Intersection,2026-06-11,19,Off-Peak,Dry,338,1011,164,107,24
Bakuli Intersection,2026-06-11,19,Off-Peak,Dry,491,1111,217,205,32
Bakuli Intersection,2026-06-11,20,Off-Peak,Dry,192,358,112,86,4
Bakuli Intersection,2026-06-11,20,Off-Peak,Dry,147,299,62,52,4
Bakuli Intersection,2026-06-11,20,Off-Peak,Dry,135,409,64,46,5
Bakuli Intersection,2026-06-11,20,Off-Peak,Dry,145,289,71,48,3
Bakuli Intersection,2026-06-11,21,Off-Peak,Dry,145,338,67,52,8
Bakuli Intersection,2026-06-11,21,Off-Peak,Dry,140,339,78,55,5
Bakuli Intersection,2026-06-11,21,Off-Peak,Dry,158,256,71,66,10
Bakuli Intersection,2026-06-11,21,Off-Peak,Dry,106,279,75,50,6
Bakuli Intersection,2026-06-12,6,Off-Peak,Dry,187,319,87,84,5
Bakuli Intersection,2026-06-12,6,Off-Peak,Dry,188,313,87,66,14
Bakuli Intersection,2026-06-12,6,Off-Peak,Dry,128,247,84,48,5
Bakuli Intersection,2026-06-12,6,Off-Peak,Dry,159,419,89,69,7
Bakuli Intersection,2026-06-12,7,Peak,Dry,407,997,164,147,25
Bakuli Intersection,2026-06-12,7,Peak,Dry,331,635,218,144,11
Bakuli Intersection,2026-06-12,7,Peak,Dry,329,795,210,112,21
Bakuli Intersection,2026-06-12,7,Peak,Dry,456,979,233,177,20
Bakuli Intersection,2026-06-12,8,Peak,Dry,427,1198,254,172,9
Bakuli Intersection,2026-06-12,8,Peak,Dry,433,657,210,182,21
Bakuli Intersection,2026-06-12,8,Peak,Dry,364,733,174,141,12
Bakuli Intersection,2026-06-12,8,Peak,Dry,363,845,187,176,15
Bakuli Intersection,2026-06-12,9,Off-Peak,Dry,417,1094,224,149,13
Bakuli Intersection,2026-06-12,9,Off-Peak,Dry,443,649,224,135,32
Bakuli Intersection,2026-06-12,9,Off-Peak,Dry,327,662,225,127,11
Bakuli Intersection,2026-06-12,9,Off-Peak,Dry,423,784,189,132,10
Bakuli Intersection,2026-06-12,10,Off-Peak,Dry,231,497,129,114,17
Bakuli Intersection,2026-06-12,10,Off-Peak,Dry,120,322,70,51,6
Bakuli Intersection,2026-06-12,10,Off-Peak,Dry,111,332,84,46,6
Bakuli Intersection,2026-06-12,10,Off-Peak,Dry,169,463,90,73,8
Bakuli Intersection,2026-06-12,11,Off-Peak,Dry,225,454,122,106,6
Bakuli Intersection,2026-06-12,11,Off-Peak,Dry,126,252,76,39,9
Bakuli Intersection,2026-06-12,11,Off-Peak,Dry,139,342,80,67,5
Bakuli Intersection,2026-06-12,11,Off-Peak,Dry,170,417,89,58,6
Bakuli Intersection,2026-06-12,12,Off-Peak,Dry,107,349,69,35,6
Bakuli Intersection,2026-06-12,12,Off-Peak,Dry,143,520,90,56,3
Bakuli Intersection,2026-06-12,12,Off-Peak,Dry,161,299,83,79,6
Bakuli Intersection,2026-06-12,12,Off-Peak,Dry,246,345,89,116,11
Bakuli Intersection,2026-06-12,13,Off-Peak,Dry,123,318,78,55,7
Bakuli Intersection,2026-06-12,13,Off-Peak,Dry,191,497,87,78,6
Bakuli Intersection,2026-06-12,13,Off-Peak,Dry,222,413,96,106,16
Bakuli Intersection,2026-06-12,13,Off-Peak,Dry,222,486,104,76,9
Bakuli Intersection,2026-06-12,14,Off-Peak,Dry,144,229,76,57,9
Bakuli Intersection,2026-06-12,14,Off-Peak,Dry,242,494,108,99,11
Bakuli Intersection,2026-06-12,14,Off-Peak,Dry,160,285,67,58,9
Bakuli Intersection,2026-06-12,14,Off-Peak,Dry,160,312,72,71,10
Bakuli Intersection,2026-06-12,15,Off-Peak,Dry,184,303,109,74,14
Bakuli Intersection,2026-06-12,15,Off-Peak,Dry,147,347,65,53,8
Bakuli Intersection,2026-06-12,15,Off-Peak,Dry,137,251,86,41,9
Bakuli Intersection,2026-06-12,15,Off-Peak,Dry,158,475,87,56,7
Bakuli Intersection,2026-06-12,16,Peak,Dry,410,956,233,167,27
Bakuli Intersection,2026-06-12,16,Peak,Dry,363,705,228,175,20
Bakuli Intersection,2026-06-12,16,Peak,Dry,313,968,214,142,20
Bakuli Intersection,2026-06-12,16,Peak,Dry,511,1110,212,220,37
Bakuli Intersection,2026-06-12,17,Peak,Dry,456,661,236,179,28
Bakuli Intersection,2026-06-12,17,Peak,Dry,477,982,203,194,26
Bakuli Intersection,2026-06-12,17,Peak,Dry,462,893,222,151,21
Bakuli Intersection,2026-06-12,17,Peak,Dry,444,1223,230,162,26
Bakuli Intersection,2026-06-12,18,Peak,Dry,519,1181,205,248,30
Bakuli Intersection,2026-06-12,18,Peak,Dry,518,1021,232,174,16
Bakuli Intersection,2026-06-12,18,Peak,Dry,465,1085,281,206,34
Bakuli Intersection,2026-06-12,18,Peak,Dry,491,700,202,235,16
Bakuli Intersection,2026-06-12,19,Off-Peak,Dry,448,731,166,152,28
Bakuli Intersection,2026-06-12,19,Off-Peak,Dry,436,677,209,198,32
Bakuli Intersection,2026-06-12,19,Off-Peak,Dry,363,942,193,112,24
Bakuli Intersection,2026-06-12,19,Off-Peak,Dry,455,1271,273,218,30
Bakuli Intersection,2026-06-12,20,Off-Peak,Dry,204,339,101,68,9
Bakuli Intersection,2026-06-12,20,Off-Peak,Dry,230,572,104,74,16
Bakuli Intersection,2026-06-12,20,Off-Peak,Dry,177,610,129,57,8
Bakuli Intersection,2026-06-12,20,Off-Peak,Dry,195,302,92,73,5
Bakuli Intersection,2026-06-12,21,Off-Peak,Dry,150,256,74,66,9
Bakuli Intersection,2026-06-12,21,Off-Peak,Dry,233,466,112,76,18
Bakuli Intersection,2026-06-12,21,Off-Peak,Dry,141,320,64,57,8
Bakuli Intersection,2026-06-12,21,Off-Peak,Dry,157,373,77,59,11
Bakuli Intersection,2026-06-13,6,Off-Peak,Dry,151,507,110,71,5
Bakuli Intersection,2026-06-13,6,Off-Peak,Dry,226,530,112,111,15
Bakuli Intersection,2026-06-13,6,Off-Peak,Dry,209,331,111,70,14
Bakuli Intersection,2026-06-13,6,Off-Peak,Dry,143,351,75,61,10
Bakuli Intersection,2026-06-13,7,Peak,Dry,434,740,268,204,10
Bakuli Intersection,2026-06-13,7,Peak,Dry,408,630,214,194,26
Bakuli Intersection,2026-06-13,7,Peak,Dry,441,1252,205,136,33
Bakuli Intersection,2026-06-13,7,Peak,Dry,456,856,230,167,31
Bakuli Intersection,2026-06-13,8,Peak,Dry,407,882,270,154,28
Bakuli Intersection,2026-06-13,8,Peak,Dry,443,914,222,197,34
Bakuli Intersection,2026-06-13,8,Peak,Dry,436,671,171,135,16
Bakuli Intersection,2026-06-13,8,Peak,Dry,412,881,290,192,12
Bakuli Intersection,2026-06-13,9,Off-Peak,Dry,403,1049,227,145,8
Bakuli Intersection,2026-06-13,9,Off-Peak,Dry,328,1082,191,133,8
Bakuli Intersection,2026-06-13,9,Off-Peak,Dry,394,944,223,153,8
Bakuli Intersection,2026-06-13,9,Off-Peak,Dry,384,711,224,122,22
Bakuli Intersection,2026-06-13,10,Off-Peak,Dry,185,451,67,91,4
Bakuli Intersection,2026-06-13,10,Off-Peak,Dry,241,340,99,115,9
Bakuli Intersection,2026-06-13,10,Off-Peak,Dry,260,604,121,127,9
Bakuli Intersection,2026-06-13,10,Off-Peak,Dry,119,389,74,42,2
Bakuli Intersection,2026-06-13,11,Off-Peak,Dry,205,476,86,87,6
Bakuli Intersection,2026-06-13,11,Off-Peak,Dry,152,309,71,55,4
Bakuli Intersection,2026-06-13,11,Off-Peak,Dry,127,390,88,51,6
Bakuli Intersection,2026-06-13,11,Off-Peak,Dry,127,364,71,53,4
Bakuli Intersection,2026-06-13,12,Off-Peak,Dry,181,535,94,73,10
Bakuli Intersection,2026-06-13,12,Off-Peak,Dry,209,382,102,99,7
Bakuli Intersection,2026-06-13,12,Off-Peak,Dry,164,304,96,61,9
Bakuli Intersection,2026-06-13,12,Off-Peak,Dry,224,427,111,110,15
Bakuli Intersection,2026-06-13,13,Off-Peak,Dry,167,294,103,69,9
Bakuli Intersection,2026-06-13,13,Off-Peak,Dry,182,442,91,61,8
Bakuli Intersection,2026-06-13,13,Off-Peak,Dry,115,240,70,45,5
Bakuli Intersection,2026-06-13,13,Off-Peak,Dry,199,381,134,61,4
Bakuli Intersection,2026-06-13,14,Off-Peak,Dry,160,464,89,69,8
Bakuli Intersection,2026-06-13,14,Off-Peak,Dry,144,428,78,51,7
Bakuli Intersection,2026-06-13,14,Off-Peak,Dry,167,266,100,55,13
Bakuli Intersection,2026-06-13,14,Off-Peak,Dry,242,449,111,113,15
Bakuli Intersection,2026-06-13,15,Off-Peak,Dry,124,416,76,47,6
Bakuli Intersection,2026-06-13,15,Off-Peak,Dry,137,385,66,55,4
Bakuli Intersection,2026-06-13,15,Off-Peak,Dry,196,294,94,69,11
Bakuli Intersection,2026-06-13,15,Off-Peak,Dry,182,403,86,64,11
Bakuli Intersection,2026-06-13,16,Peak,Dry,376,794,215,159,8
Bakuli Intersection,2026-06-13,16,Peak,Dry,404,910,185,133,11
Bakuli Intersection,2026-06-13,16,Peak,Dry,426,781,249,145,31
Bakuli Intersection,2026-06-13,16,Peak,Dry,378,1061,181,178,25
Bakuli Intersection,2026-06-13,17,Peak,Dry,466,1200,207,222,30
Bakuli Intersection,2026-06-13,17,Peak,Dry,520,1091,288,172,17
Bakuli Intersection,2026-06-13,17,Peak,Dry,345,659,206,124,10
Bakuli Intersection,2026-06-13,17,Peak,Dry,409,1079,226,202,21
Bakuli Intersection,2026-06-13,18,Peak,Dry,374,644,231,134,25
Bakuli Intersection,2026-06-13,18,Peak,Dry,371,1235,193,152,23
Bakuli Intersection,2026-06-13,18,Peak,Dry,438,914,180,163,23
Bakuli Intersection,2026-06-13,18,Peak,Dry,417,1031,202,152,26
Bakuli Intersection,2026-06-13,19,Off-Peak,Dry,344,844,220,159,10
Bakuli Intersection,2026-06-13,19,Off-Peak,Dry,304,1069,180,123,14
Bakuli Intersection,2026-06-13,19,Off-Peak,Dry,367,609,202,144,25
Bakuli Intersection,2026-06-13,19,Off-Peak,Dry,474,1325,199,154,31
Bakuli Intersection,2026-06-13,20,Off-Peak,Dry,195,485,92,93,15
Bakuli Intersection,2026-06-13,20,Off-Peak,Dry,153,335,83,75,11
Bakuli Intersection,2026-06-13,20,Off-Peak,Dry,169,413,86,54,9
Bakuli Intersection,2026-06-13,20,Off-Peak,Dry,115,257,80,42,6
Bakuli Intersection,2026-06-13,21,Off-Peak,Dry,200,489,93,90,13
Bakuli Intersection,2026-06-13,21,Off-Peak,Dry,139,331,68,63,8
Bakuli Intersection,2026-06-13,21,Off-Peak,Dry,107,292,55,39,3
Bakuli Intersection,2026-06-13,21,Off-Peak,Dry,150,434,91,51,8
Bakuli Intersection,2026-06-14,6,Off-Peak,Dry,158,344,87,53,9
Bakuli Intersection,2026-06-14,6,Off-Peak,Dry,251,370,123,118,15
Bakuli Intersection,2026-06-14,6,Off-Peak,Dry,115,239,66,45,2
Bakuli Intersection,2026-06-14,6,Off-Peak,Dry,149,224,61,49,3
Bakuli Intersection,2026-06-14,7,Peak,Dry,318,907,181,135,14
Bakuli Intersection,2026-06-14,7,Peak,Dry,377,881,220,123,17
Bakuli Intersection,2026-06-14,7,Peak,Dry,380,894,238,168,24
Bakuli Intersection,2026-06-14,7,Peak,Dry,314,634,182,119,7
Bakuli Intersection,2026-06-14,8,Peak,Dry,442,1022,229,190,22
Bakuli Intersection,2026-06-14,8,Peak,Dry,488,1112,255,241,10
Bakuli Intersection,2026-06-14,8,Peak,Dry,503,1291,277,160,33
Bakuli Intersection,2026-06-14,8,Peak,Dry,371,747,210,169,18
Bakuli Intersection,2026-06-14,9,Off-Peak,Dry,365,904,196,121,22
Bakuli Intersection,2026-06-14,9,Off-Peak,Dry,351,1094,209,137,25
Bakuli Intersection,2026-06-14,9,Off-Peak,Dry,304,931,203,143,12
Bakuli Intersection,2026-06-14,9,Off-Peak,Dry,413,1075,173,182,18
Bakuli Intersection,2026-06-14,10,Off-Peak,Dry,196,382,97,96,11
Bakuli Intersection,2026-06-14,10,Off-Peak,Dry,178,374,92,78,12
Bakuli Intersection,2026-06-14,10,Off-Peak,Dry,165,366,98,53,10
Bakuli Intersection,2026-06-14,10,Off-Peak,Dry,141,478,100,61,4
Bakuli Intersection,2026-06-14,11,Off-Peak,Dry,187,466,108,62,12
Bakuli Intersection,2026-06-14,11,Off-Peak,Dry,207,425,112,73,5
Bakuli Intersection,2026-06-14,11,Off-Peak,Dry,179,515,114,83,4
Bakuli Intersection,2026-06-14,11,Off-Peak,Dry,177,319,96,68,11
Bakuli Intersection,2026-06-14,12,Off-Peak,Dry,155,271,103,47,9
Bakuli Intersection,2026-06-14,12,Off-Peak,Dry,161,283,79,55,11
Bakuli Intersection,2026-06-14,12,Off-Peak,Dry,191,563,92,83,4
Bakuli Intersection,2026-06-14,12,Off-Peak,Dry,148,355,75,73,4
Bakuli Intersection,2026-06-14,13,Off-Peak,Dry,192,496,119,92,8
Bakuli Intersection,2026-06-14,13,Off-Peak,Dry,108,347,53,47,7
Bakuli Intersection,2026-06-14,13,Off-Peak,Dry,259,478,93,125,15
Bakuli Intersection,2026-06-14,13,Off-Peak,Dry,123,202,57,43,6
Bakuli Intersection,2026-06-14,14,Off-Peak,Dry,187,372,93,67,13
Bakuli Intersection,2026-06-14,14,Off-Peak,Dry,133,272,58,51,4
Bakuli Intersection,2026-06-14,14,Off-Peak,Dry,152,372,66,53,8
Bakuli Intersection,2026-06-14,14,Off-Peak,Dry,143,223,73,68,8
Bakuli Intersection,2026-06-14,15,Off-Peak,Dry,245,457,114,117,16
Bakuli Intersection,2026-06-14,15,Off-Peak,Dry,112,303,81,41,3
Bakuli Intersection,2026-06-14,15,Off-Peak,Dry,206,513,102,89,9
Bakuli Intersection,2026-06-14,15,Off-Peak,Dry,217,357,107,101,5
Bakuli Intersection,2026-06-14,16,Peak,Dry,462,787,221,146,27
Bakuli Intersection,2026-06-14,16,Peak,Dry,441,918,225,192,30
Bakuli Intersection,2026-06-14,16,Peak,Dry,431,704,183,182,20
Bakuli Intersection,2026-06-14,16,Peak,Dry,335,653,224,116,22
Bakuli Intersection,2026-06-14,17,Peak,Dry,307,1020,207,131,15
Bakuli Intersection,2026-06-14,17,Peak,Dry,434,893,232,155,14
Bakuli Intersection,2026-06-14,17,Peak,Dry,523,780,284,186,31
Bakuli Intersection,2026-06-14,17,Peak,Dry,467,777,224,168,18
Bakuli Intersection,2026-06-14,18,Peak,Dry,520,892,255,221,19
Bakuli Intersection,2026-06-14,18,Peak,Dry,451,796,179,181,32
Bakuli Intersection,2026-06-14,18,Peak,Dry,363,706,239,180,26
Bakuli Intersection,2026-06-14,18,Peak,Dry,392,987,216,175,7
Bakuli Intersection,2026-06-14,19,Off-Peak,Dry,559,862,287,202,43
Bakuli Intersection,2026-06-14,19,Off-Peak,Dry,367,634,217,163,10
Bakuli Intersection,2026-06-14,19,Off-Peak,Dry,467,773,240,212,9
Bakuli Intersection,2026-06-14,19,Off-Peak,Dry,365,619,207,161,28
Bakuli Intersection,2026-06-14,20,Off-Peak,Dry,158,487,93,47,8
Bakuli Intersection,2026-06-14,20,Off-Peak,Dry,237,377,95,115,5
Bakuli Intersection,2026-06-14,20,Off-Peak,Dry,172,311,86,57,12
Bakuli Intersection,2026-06-14,20,Off-Peak,Dry,164,445,88,57,10
Bakuli Intersection,2026-06-14,21,Off-Peak,Dry,163,246,76,66,4
Bakuli Intersection,2026-06-14,21,Off-Peak,Dry,190,298,76,80,3
Bakuli Intersection,2026-06-14,21,Off-Peak,Dry,151,356,102,49,3
Bakuli Intersection,2026-06-14,21,Off-Peak,Dry,176,283,94,59,4
Bakuli Intersection,2026-06-15,6,Off-Peak,Dry,166,323,93,58,3
Bakuli Intersection,2026-06-15,6,Off-Peak,Dry,154,513,107,54,3
Bakuli Intersection,2026-06-15,6,Off-Peak,Dry,111,405,73,53,7
Bakuli Intersection,2026-06-15,6,Off-Peak,Dry,113,257,65,44,2
Bakuli Intersection,2026-06-15,7,Peak,Dry,450,1083,164,171,27
Bakuli Intersection,2026-06-15,7,Peak,Dry,399,865,235,178,28
Bakuli Intersection,2026-06-15,7,Peak,Dry,451,740,265,141,17
Bakuli Intersection,2026-06-15,7,Peak,Dry,429,898,237,191,25
Bakuli Intersection,2026-06-15,8,Peak,Dry,423,924,212,210,9
Bakuli Intersection,2026-06-15,8,Peak,Dry,534,759,215,220,36
Bakuli Intersection,2026-06-15,8,Peak,Dry,338,844,195,116,19
Bakuli Intersection,2026-06-15,8,Peak,Dry,353,877,194,157,8
Bakuli Intersection,2026-06-15,9,Off-Peak,Dry,422,1114,193,160,13
Bakuli Intersection,2026-06-15,9,Off-Peak,Dry,402,1032,188,163,24
Bakuli Intersection,2026-06-15,9,Off-Peak,Dry,490,1021,186,242,23
Bakuli Intersection,2026-06-15,9,Off-Peak,Dry,327,1119,241,103,15
Bakuli Intersection,2026-06-15,10,Off-Peak,Dry,175,528,95,56,8
Bakuli Intersection,2026-06-15,10,Off-Peak,Dry,143,215,69,44,9
Bakuli Intersection,2026-06-15,10,Off-Peak,Dry,168,347,113,55,11
Bakuli Intersection,2026-06-15,10,Off-Peak,Dry,168,398,108,76,11
Bakuli Intersection,2026-06-15,11,Off-Peak,Dry,180,330,84,57,10
Bakuli Intersection,2026-06-15,11,Off-Peak,Dry,148,377,71,56,5
Bakuli Intersection,2026-06-15,11,Off-Peak,Dry,206,487,102,76,7
Bakuli Intersection,2026-06-15,11,Off-Peak,Dry,127,375,64,45,6
Bakuli Intersection,2026-06-15,12,Off-Peak,Dry,230,368,99,84,13
Bakuli Intersection,2026-06-15,12,Off-Peak,Dry,177,309,93,56,14
Bakuli Intersection,2026-06-15,12,Off-Peak,Dry,198,398,119,77,6
Bakuli Intersection,2026-06-15,12,Off-Peak,Dry,117,317,73,53,5
Bakuli Intersection,2026-06-15,13,Off-Peak,Dry,150,314,75,62,6
Bakuli Intersection,2026-06-15,13,Off-Peak,Dry,218,493,103,79,6
Bakuli Intersection,2026-06-15,13,Off-Peak,Dry,195,384,99,75,7
Bakuli Intersection,2026-06-15,13,Off-Peak,Dry,161,540,99,57,9
Bakuli Intersection,2026-06-15,14,Off-Peak,Dry,140,380,76,51,5
Bakuli Intersection,2026-06-15,14,Off-Peak,Dry,150,424,104,69,6
Bakuli Intersection,2026-06-15,14,Off-Peak,Dry,121,235,57,56,4
Bakuli Intersection,2026-06-15,14,Off-Peak,Dry,156,283,76,77,6
Bakuli Intersection,2026-06-15,15,Off-Peak,Dry,209,594,119,95,6
Bakuli Intersection,2026-06-15,15,Off-Peak,Dry,124,353,90,50,3
Bakuli Intersection,2026-06-15,15,Off-Peak,Dry,143,262,80,48,6
Bakuli Intersection,2026-06-15,15,Off-Peak,Dry,177,302,93,75,4
Bakuli Intersection,2026-06-15,16,Peak,Dry,420,860,193,184,20
Bakuli Intersection,2026-06-15,16,Peak,Dry,366,1043,170,148,10
Bakuli Intersection,2026-06-15,16,Peak,Dry,486,1227,201,165,28
Bakuli Intersection,2026-06-15,16,Peak,Dry,526,803,233,166,30
Bakuli Intersection,2026-06-15,17,Peak,Dry,551,938,212,178,29
Bakuli Intersection,2026-06-15,17,Peak,Dry,492,712,195,165,24
Bakuli Intersection,2026-06-15,17,Peak,Dry,358,1046,238,177,23
Bakuli Intersection,2026-06-15,17,Peak,Dry,446,772,221,204,15
Bakuli Intersection,2026-06-15,18,Peak,Dry,466,779,216,218,18
Bakuli Intersection,2026-06-15,18,Peak,Dry,346,753,202,112,12
Bakuli Intersection,2026-06-15,18,Peak,Dry,460,1152,291,184,29
Bakuli Intersection,2026-06-15,18,Peak,Dry,345,1016,176,154,24
Bakuli Intersection,2026-06-15,19,Off-Peak,Dry,320,855,191,137,11
Bakuli Intersection,2026-06-15,19,Off-Peak,Dry,452,829,236,212,28
Bakuli Intersection,2026-06-15,19,Off-Peak,Dry,339,664,186,113,16
Bakuli Intersection,2026-06-15,19,Off-Peak,Dry,506,1223,235,227,36
Bakuli Intersection,2026-06-15,20,Off-Peak,Dry,231,606,96,96,14
Bakuli Intersection,2026-06-15,20,Off-Peak,Dry,141,349,65,49,6
Bakuli Intersection,2026-06-15,20,Off-Peak,Dry,181,275,99,63,7
Bakuli Intersection,2026-06-15,20,Off-Peak,Dry,152,409,83,57,4
Bakuli Intersection,2026-06-15,21,Off-Peak,Dry,167,391,65,64,11
Bakuli Intersection,2026-06-15,21,Off-Peak,Dry,202,480,97,81,10
Bakuli Intersection,2026-06-15,21,Off-Peak,Dry,177,409,87,81,12
Bakuli Intersection,2026-06-15,21,Off-Peak,Dry,191,371,94,65,9
Bakuli Intersection,2026-06-16,6,Off-Peak,Dry,147,421,82,68,10
Bakuli Intersection,2026-06-16,6,Off-Peak,Dry,216,507,101,71,13
Bakuli Intersection,2026-06-16,6,Off-Peak,Dry,139,303,65,50,9
Bakuli Intersection,2026-06-16,6,Off-Peak,Dry,121,377,62,44,7
Bakuli Intersection,2026-06-16,7,Peak,Dry,354,1055,229,158,11
Bakuli Intersection,2026-06-16,7,Peak,Dry,422,728,212,205,31
Bakuli Intersection,2026-06-16,7,Peak,Dry,436,993,198,164,31
Bakuli Intersection,2026-06-16,7,Peak,Dry,413,743,211,159,9
Bakuli Intersection,2026-06-16,8,Peak,Dry,485,920,215,236,35
Bakuli Intersection,2026-06-16,8,Peak,Wet (Rain),277,888,188,97,18
Bakuli Intersection,2026-06-16,8,Peak,Dry,482,853,190,180,22
Bakuli Intersection,2026-06-16,8,Peak,Wet (Rain),317,914,206,102,15
Bakuli Intersection,2026-06-16,9,Off-Peak,Wet (Rain),331,852,186,158,7
Bakuli Intersection,2026-06-16,9,Off-Peak,Dry,399,1102,203,171,13
Bakuli Intersection,2026-06-16,9,Off-Peak,Dry,398,1090,187,187,30
Bakuli Intersection,2026-06-16,9,Off-Peak,Dry,423,975,243,195,18
Bakuli Intersection,2026-06-16,10,Off-Peak,Dry,186,454,75,64,6
Bakuli Intersection,2026-06-16,10,Off-Peak,Wet (Rain),191,328,92,79,12
Bakuli Intersection,2026-06-16,10,Off-Peak,Wet (Rain),167,292,67,71,13
Bakuli Intersection,2026-06-16,10,Off-Peak,Dry,201,417,88,92,6
Bakuli Intersection,2026-06-16,11,Off-Peak,Dry,133,346,65,52,3
Bakuli Intersection,2026-06-16,11,Off-Peak,Dry,216,511,81,71,5
Bakuli Intersection,2026-06-16,11,Off-Peak,Wet (Rain),151,293,74,52,3
Bakuli Intersection,2026-06-16,11,Off-Peak,Dry,123,233,73,44,8
Bakuli Intersection,2026-06-16,12,Off-Peak,Dry,128,336,73,51,6
Bakuli Intersection,2026-06-16,12,Off-Peak,Dry,170,392,77,62,10
Bakuli Intersection,2026-06-16,12,Off-Peak,Dry,141,274,52,48,5
Bakuli Intersection,2026-06-16,12,Off-Peak,Wet (Rain),159,501,75,52,9
Bakuli Intersection,2026-06-16,13,Off-Peak,Dry,197,311,94,85,5
Bakuli Intersection,2026-06-16,13,Off-Peak,Dry,109,219,71,46,3
Bakuli Intersection,2026-06-16,13,Off-Peak,Dry,176,344,89,60,13
Bakuli Intersection,2026-06-16,13,Off-Peak,Dry,221,538,91,70,17
Bakuli Intersection,2026-06-16,14,Off-Peak,Dry,116,336,64,52,8
Bakuli Intersection,2026-06-16,14,Off-Peak,Dry,151,359,85,65,11
Bakuli Intersection,2026-06-16,14,Off-Peak,Wet (Rain),97,245,59,47,5
Bakuli Intersection,2026-06-16,14,Off-Peak,Dry,179,259,81,66,11
Bakuli Intersection,2026-06-16,15,Off-Peak,Dry,144,308,79,65,10
Bakuli Intersection,2026-06-16,15,Off-Peak,Dry,128,245,68,61,5
Bakuli Intersection,2026-06-16,15,Off-Peak,Dry,210,436,104,75,13
Bakuli Intersection,2026-06-16,15,Off-Peak,Wet (Rain),204,388,113,87,12
Bakuli Intersection,2026-06-16,16,Peak,Wet (Rain),379,994,177,177,12
Bakuli Intersection,2026-06-16,16,Peak,Wet (Rain),319,985,188,122,13
Bakuli Intersection,2026-06-16,16,Peak,Dry,410,884,172,148,28
Bakuli Intersection,2026-06-16,16,Peak,Dry,404,824,231,129,15
Bakuli Intersection,2026-06-16,17,Peak,Wet (Rain),260,613,153,100,7
Bakuli Intersection,2026-06-16,17,Peak,Wet (Rain),352,532,180,159,13
Bakuli Intersection,2026-06-16,17,Peak,Wet (Rain),296,851,174,96,10
Bakuli Intersection,2026-06-16,17,Peak,Wet (Rain),457,1083,192,159,25
Bakuli Intersection,2026-06-16,18,Peak,Dry,406,802,181,123,24
Bakuli Intersection,2026-06-16,18,Peak,Dry,535,790,279,192,19
Bakuli Intersection,2026-06-16,18,Peak,Wet (Rain),330,649,173,148,22
Bakuli Intersection,2026-06-16,18,Peak,Dry,529,1351,218,234,37
Bakuli Intersection,2026-06-16,19,Off-Peak,Dry,486,1031,236,207,29
Bakuli Intersection,2026-06-16,19,Off-Peak,Dry,435,807,217,139,23
Bakuli Intersection,2026-06-16,19,Off-Peak,Dry,387,1021,225,149,19
Bakuli Intersection,2026-06-16,19,Off-Peak,Dry,362,915,258,166,19
Bakuli Intersection,2026-06-16,20,Off-Peak,Wet (Rain),138,304,61,61,4
Bakuli Intersection,2026-06-16,20,Off-Peak,Dry,152,312,95,48,3
Bakuli Intersection,2026-06-16,20,Off-Peak,Wet (Rain),143,458,81,56,11
Bakuli Intersection,2026-06-16,20,Off-Peak,Dry,129,370,72,60,10
Bakuli Intersection,2026-06-16,21,Off-Peak,Dry,132,437,72,53,9
Bakuli Intersection,2026-06-16,21,Off-Peak,Wet (Rain),169,404,96,67,6
Bakuli Intersection,2026-06-16,21,Off-Peak,Dry,163,550,106,58,10
Bakuli Intersection,2026-06-16,21,Off-Peak,Wet (Rain),128,326,71,63,5
Bakuli Intersection,2026-06-17,6,Off-Peak,Dry,114,281,66,53,3
Bakuli Intersection,2026-06-17,6,Off-Peak,Dry,154,408,63,61,4
Bakuli Intersection,2026-06-17,6,Off-Peak,Dry,131,343,85,62,5
Bakuli Intersection,2026-06-17,6,Off-Peak,Dry,194,416,119,59,4
Bakuli Intersection,2026-06-17,7,Peak,Dry,380,966,231,168,22
Bakuli Intersection,2026-06-17,7,Peak,Dry,382,880,199,132,12
Bakuli Intersection,2026-06-17,7,Peak,Dry,385,1081,261,181,12
Bakuli Intersection,2026-06-17,7,Peak,Dry,445,704,209,181,19
Bakuli Intersection,2026-06-17,8,Peak,Dry,345,584,200,143,18
Bakuli Intersection,2026-06-17,8,Peak,Dry,409,1087,214,149,30
Bakuli Intersection,2026-06-17,8,Peak,Dry,330,917,210,127,20
Bakuli Intersection,2026-06-17,8,Peak,Dry,515,1012,195,224,15
Bakuli Intersection,2026-06-17,9,Off-Peak,Dry,428,950,273,139,25
Bakuli Intersection,2026-06-17,9,Off-Peak,Dry,404,681,215,168,13
Bakuli Intersection,2026-06-17,9,Off-Peak,Dry,364,870,172,177,8
Bakuli Intersection,2026-06-17,9,Off-Peak,Dry,516,728,207,194,21
Bakuli Intersection,2026-06-17,10,Off-Peak,Dry,142,460,72,63,6
Bakuli Intersection,2026-06-17,10,Off-Peak,Dry,176,271,92,59,6
Bakuli Intersection,2026-06-17,10,Off-Peak,Dry,210,527,108,81,5
Bakuli Intersection,2026-06-17,10,Off-Peak,Dry,256,558,125,121,10
Bakuli Intersection,2026-06-17,11,Off-Peak,Dry,235,460,94,80,18
Bakuli Intersection,2026-06-17,11,Off-Peak,Dry,209,303,85,95,14
Bakuli Intersection,2026-06-17,11,Off-Peak,Dry,176,312,94,60,6
Bakuli Intersection,2026-06-17,11,Off-Peak,Dry,220,521,83,90,6
Bakuli Intersection,2026-06-17,12,Off-Peak,Dry,176,400,96,74,10
Bakuli Intersection,2026-06-17,12,Off-Peak,Dry,196,429,109,96,10
Bakuli Intersection,2026-06-17,12,Off-Peak,Dry,190,384,86,88,4
Bakuli Intersection,2026-06-17,12,Off-Peak,Dry,196,579,124,97,13
Bakuli Intersection,2026-06-17,13,Off-Peak,Dry,166,280,62,65,9
Bakuli Intersection,2026-06-17,13,Off-Peak,Dry,115,294,78,51,7
Bakuli Intersection,2026-06-17,13,Off-Peak,Dry,250,540,104,116,5
Bakuli Intersection,2026-06-17,13,Off-Peak,Dry,159,371,89,60,4
Bakuli Intersection,2026-06-17,14,Off-Peak,Dry,159,398,90,51,9
Bakuli Intersection,2026-06-17,14,Off-Peak,Dry,156,321,71,47,6
Bakuli Intersection,2026-06-17,14,Off-Peak,Dry,184,602,127,79,13
Bakuli Intersection,2026-06-17,14,Off-Peak,Dry,176,541,91,54,6
Bakuli Intersection,2026-06-17,15,Off-Peak,Dry,131,381,75,55,6
Bakuli Intersection,2026-06-17,15,Off-Peak,Dry,197,278,83,64,7
Bakuli Intersection,2026-06-17,15,Off-Peak,Dry,193,381,106,65,10
Bakuli Intersection,2026-06-17,15,Off-Peak,Dry,136,338,65,43,4
Bakuli Intersection,2026-06-17,16,Peak,Dry,529,936,229,248,22
Bakuli Intersection,2026-06-17,16,Peak,Dry,478,792,250,163,26
Bakuli Intersection,2026-06-17,16,Peak,Dry,366,910,193,165,22
Bakuli Intersection,2026-06-17,16,Peak,Dry,329,1160,187,107,20
Bakuli Intersection,2026-06-17,17,Peak,Dry,403,656,177,197,31
Bakuli Intersection,2026-06-17,17,Peak,Dry,443,1295,269,195,30
Bakuli Intersection,2026-06-17,17,Peak,Dry,448,1374,232,175,13
Bakuli Intersection,2026-06-17,17,Peak,Dry,464,1071,234,205,25
Bakuli Intersection,2026-06-17,18,Peak,Dry,375,795,218,122,11
Bakuli Intersection,2026-06-17,18,Peak,Dry,368,1078,214,160,16
Bakuli Intersection,2026-06-17,18,Peak,Dry,509,1250,243,171,35
Bakuli Intersection,2026-06-17,18,Peak,Dry,455,1075,188,203,24
Bakuli Intersection,2026-06-17,19,Off-Peak,Dry,525,1211,261,189,21
Bakuli Intersection,2026-06-17,19,Off-Peak,Dry,330,1108,183,121,20
Bakuli Intersection,2026-06-17,19,Off-Peak,Dry,382,1009,261,174,14
Bakuli Intersection,2026-06-17,19,Off-Peak,Dry,390,884,228,168,30
Bakuli Intersection,2026-06-17,20,Off-Peak,Dry,169,254,80,77,6
Bakuli Intersection,2026-06-17,20,Off-Peak,Dry,170,376,112,80,7
Bakuli Intersection,2026-06-17,20,Off-Peak,Dry,173,377,63,68,11
Bakuli Intersection,2026-06-17,20,Off-Peak,Dry,192,308,93,75,6
Bakuli Intersection,2026-06-17,21,Off-Peak,Dry,219,547,87,92,14
Bakuli Intersection,2026-06-17,21,Off-Peak,Dry,137,396,87,67,7
Bakuli Intersection,2026-06-17,21,Off-Peak,Dry,178,306,91,68,8
Bakuli Intersection,2026-06-17,21,Off-Peak,Dry,243,508,99,74,15
Bakuli Intersection,2026-06-18,6,Off-Peak,Dry,148,320,76,44,10
Bakuli Intersection,2026-06-18,6,Off-Peak,Dry,155,414,100,57,6
Bakuli Intersection,2026-06-18,6,Off-Peak,Dry,145,406,79,49,7
Bakuli Intersection,2026-06-18,6,Off-Peak,Dry,167,327,103,64,11
Bakuli Intersection,2026-06-18,7,Peak,Dry,424,1241,258,160,13
Bakuli Intersection,2026-06-18,7,Peak,Dry,469,1153,212,229,9
Bakuli Intersection,2026-06-18,7,Peak,Dry,382,742,242,141,26
Bakuli Intersection,2026-06-18,7,Peak,Dry,437,945,226,201,11
Bakuli Intersection,2026-06-18,8,Peak,Dry,453,784,188,203,30
Bakuli Intersection,2026-06-18,8,Peak,Dry,357,925,189,143,20
Bakuli Intersection,2026-06-18,8,Peak,Dry,441,880,229,166,11
Bakuli Intersection,2026-06-18,8,Peak,Dry,404,1296,250,154,13
Bakuli Intersection,2026-06-18,9,Off-Peak,Dry,445,1323,221,219,28
Bakuli Intersection,2026-06-18,9,Off-Peak,Dry,432,892,182,169,33
Bakuli Intersection,2026-06-18,9,Off-Peak,Dry,359,1162,261,144,18
Bakuli Intersection,2026-06-18,9,Off-Peak,Dry,528,1042,255,179,15
Bakuli Intersection,2026-06-18,10,Off-Peak,Dry,157,367,93,56,10
Bakuli Intersection,2026-06-18,10,Off-Peak,Dry,208,581,94,94,10
Bakuli Intersection,2026-06-18,10,Off-Peak,Dry,179,413,114,68,13
Bakuli Intersection,2026-06-18,10,Off-Peak,Dry,133,265,86,58,5
Bakuli Intersection,2026-06-18,11,Off-Peak,Dry,159,467,94,52,10
Bakuli Intersection,2026-06-18,11,Off-Peak,Dry,114,214,77,43,3
Bakuli Intersection,2026-06-18,11,Off-Peak,Dry,184,563,123,63,5
Bakuli Intersection,2026-06-18,11,Off-Peak,Dry,116,332,72,50,5
Bakuli Intersection,2026-06-18,12,Off-Peak,Dry,210,475,106,90,15
Bakuli Intersection,2026-06-18,12,Off-Peak,Dry,203,340,122,85,11
Bakuli Intersection,2026-06-18,12,Off-Peak,Dry,106,298,72,39,5
Bakuli Intersection,2026-06-18,12,Off-Peak,Dry,180,403,77,87,9
Bakuli Intersection,2026-06-18,13,Off-Peak,Dry,113,359,82,35,8
Bakuli Intersection,2026-06-18,13,Off-Peak,Dry,205,472,85,101,14
Bakuli Intersection,2026-06-18,13,Off-Peak,Dry,231,425,122,90,7
Bakuli Intersection,2026-06-18,13,Off-Peak,Dry,167,407,87,72,11
Bakuli Intersection,2026-06-18,14,Off-Peak,Dry,166,337,84,50,11
Bakuli Intersection,2026-06-18,14,Off-Peak,Dry,140,329,71,66,8
Bakuli Intersection,2026-06-18,14,Off-Peak,Dry,194,382,87,86,14
Bakuli Intersection,2026-06-18,14,Off-Peak,Dry,140,293,93,65,4
Bakuli Intersection,2026-06-18,15,Off-Peak,Dry,173,435,91,61,12
Bakuli Intersection,2026-06-18,15,Off-Peak,Dry,188,331,76,71,8
Bakuli Intersection,2026-06-18,15,Off-Peak,Dry,169,520,96,55,12
Bakuli Intersection,2026-06-18,15,Off-Peak,Dry,174,288,80,70,8
Bakuli Intersection,2026-06-18,16,Peak,Dry,330,1132,232,128,20
Bakuli Intersection,2026-06-18,16,Peak,Dry,477,723,185,149,14
Bakuli Intersection,2026-06-18,16,Peak,Dry,348,1014,217,162,13
Bakuli Intersection,2026-06-18,16,Peak,Dry,415,709,193,140,30
Bakuli Intersection,2026-06-18,17,Peak,Dry,438,793,166,137,21
Bakuli Intersection,2026-06-18,17,Peak,Dry,348,807,182,150,26
Bakuli Intersection,2026-06-18,17,Peak,Dry,365,958,219,154,9
Bakuli Intersection,2026-06-18,17,Peak,Dry,392,1183,246,131,29
Bakuli Intersection,2026-06-18,18,Peak,Dry,522,1116,209,191,18
Bakuli Intersection,2026-06-18,18,Peak,Dry,313,605,215,141,12
Bakuli Intersection,2026-06-18,18,Peak,Dry,311,628,178,151,18
Bakuli Intersection,2026-06-18,18,Peak,Dry,355,706,181,119,23
Bakuli Intersection,2026-06-18,19,Off-Peak,Dry,354,1000,222,109,26
Bakuli Intersection,2026-06-18,19,Off-Peak,Dry,357,966,231,178,10
Bakuli Intersection,2026-06-18,19,Off-Peak,Dry,370,889,225,156,15
Bakuli Intersection,2026-06-18,19,Off-Peak,Dry,430,1128,190,193,11
Bakuli Intersection,2026-06-18,20,Off-Peak,Dry,159,393,69,53,6
Bakuli Intersection,2026-06-18,20,Off-Peak,Dry,169,302,93,67,9
Bakuli Intersection,2026-06-18,20,Off-Peak,Dry,158,418,72,50,5
Bakuli Intersection,2026-06-18,20,Off-Peak,Dry,172,425,97,63,13
Bakuli Intersection,2026-06-18,21,Off-Peak,Dry,147,343,92,70,4
Bakuli Intersection,2026-06-18,21,Off-Peak,Dry,199,397,134,92,15
Bakuli Intersection,2026-06-18,21,Off-Peak,Dry,118,349,62,42,3
Bakuli Intersection,2026-06-18,21,Off-Peak,Dry,243,581,111,75,11
Bakuli Intersection,2026-06-19,6,Off-Peak,Dry,130,244,65,64,6
Bakuli Intersection,2026-06-19,6,Off-Peak,Dry,143,299,78,44,11
Bakuli Intersection,2026-06-19,6,Off-Peak,Dry,170,460,83,65,13
Bakuli Intersection,2026-06-19,6,Off-Peak,Dry,177,505,109,63,10
Bakuli Intersection,2026-06-19,7,Peak,Dry,465,780,228,180,14
Bakuli Intersection,2026-06-19,7,Peak,Dry,393,1224,201,123,14
Bakuli Intersection,2026-06-19,7,Peak,Dry,476,1104,209,169,32
Bakuli Intersection,2026-06-19,7,Peak,Dry,402,848,265,128,12
Bakuli Intersection,2026-06-19,8,Peak,Dry,381,843,232,138,16
Bakuli Intersection,2026-06-19,8,Peak,Dry,413,701,218,129,16
Bakuli Intersection,2026-06-19,8,Peak,Dry,448,965,192,163,10
Bakuli Intersection,2026-06-19,8,Peak,Dry,416,1050,221,186,24
Bakuli Intersection,2026-06-19,9,Off-Peak,Dry,417,756,177,161,23
Bakuli Intersection,2026-06-19,9,Off-Peak,Dry,462,1143,229,202,18
Bakuli Intersection,2026-06-19,9,Off-Peak,Dry,362,1072,178,164,18
Bakuli Intersection,2026-06-19,9,Off-Peak,Dry,405,738,159,181,15
Bakuli Intersection,2026-06-19,10,Off-Peak,Dry,159,310,77,61,6
Bakuli Intersection,2026-06-19,10,Off-Peak,Dry,131,356,75,43,5
Bakuli Intersection,2026-06-19,10,Off-Peak,Dry,143,335,102,50,10
Bakuli Intersection,2026-06-19,10,Off-Peak,Dry,253,626,103,88,10
Bakuli Intersection,2026-06-19,11,Off-Peak,Dry,208,338,94,75,13
Bakuli Intersection,2026-06-19,11,Off-Peak,Dry,126,218,70,51,6
Bakuli Intersection,2026-06-19,11,Off-Peak,Dry,150,368,75,74,4
Bakuli Intersection,2026-06-19,11,Off-Peak,Dry,201,385,104,67,6
Bakuli Intersection,2026-06-19,12,Off-Peak,Dry,164,417,74,70,12
Bakuli Intersection,2026-06-19,12,Off-Peak,Dry,136,251,79,55,6
Bakuli Intersection,2026-06-19,12,Off-Peak,Dry,172,488,76,79,7
Bakuli Intersection,2026-06-19,12,Off-Peak,Dry,225,433,103,91,6
Bakuli Intersection,2026-06-19,13,Off-Peak,Dry,151,295,82,47,6
Bakuli Intersection,2026-06-19,13,Off-Peak,Dry,125,295,84,43,7
Bakuli Intersection,2026-06-19,13,Off-Peak,Dry,245,458,91,93,11
Bakuli Intersection,2026-06-19,13,Off-Peak,Dry,233,397,96,113,12
Bakuli Intersection,2026-06-19,14,Off-Peak,Dry,150,383,70,60,5
Bakuli Intersection,2026-06-19,14,Off-Peak,Dry,170,318,84,77,11
Bakuli Intersection,2026-06-19,14,Off-Peak,Dry,209,588,106,103,10
Bakuli Intersection,2026-06-19,14,Off-Peak,Dry,167,307,87,82,4
Bakuli Intersection,2026-06-19,15,Off-Peak,Dry,134,233,74,58,4
Bakuli Intersection,2026-06-19,15,Off-Peak,Dry,140,326,66,55,9
Bakuli Intersection,2026-06-19,15,Off-Peak,Dry,180,528,91,88,5
Bakuli Intersection,2026-06-19,15,Off-Peak,Dry,187,380,93,82,12
Bakuli Intersection,2026-06-19,16,Peak,Dry,434,733,217,214,30
Bakuli Intersection,2026-06-19,16,Peak,Dry,427,857,235,166,24
Bakuli Intersection,2026-06-19,16,Peak,Dry,429,996,269,145,25
Bakuli Intersection,2026-06-19,16,Peak,Dry,427,619,197,136,25
Bakuli Intersection,2026-06-19,17,Peak,Dry,517,1210,282,165,31
Bakuli Intersection,2026-06-19,17,Peak,Dry,414,866,249,124,21
Bakuli Intersection,2026-06-19,17,Peak,Dry,413,858,196,206,10
Bakuli Intersection,2026-06-19,17,Peak,Dry,491,1206,201,163,19
Bakuli Intersection,2026-06-19,18,Peak,Dry,402,782,222,165,27
Bakuli Intersection,2026-06-19,18,Peak,Dry,411,927,180,139,21
Bakuli Intersection,2026-06-19,18,Peak,Dry,434,917,200,147,23
Bakuli Intersection,2026-06-19,18,Peak,Dry,423,1078,207,150,21
Bakuli Intersection,2026-06-19,19,Off-Peak,Dry,388,959,263,147,15
Bakuli Intersection,2026-06-19,19,Off-Peak,Dry,433,881,230,148,15
Bakuli Intersection,2026-06-19,19,Off-Peak,Dry,460,1266,233,177,18
Bakuli Intersection,2026-06-19,19,Off-Peak,Dry,322,954,214,158,7
Bakuli Intersection,2026-06-19,20,Off-Peak,Dry,156,368,83,47,8
Bakuli Intersection,2026-06-19,20,Off-Peak,Dry,138,441,100,46,5
Bakuli Intersection,2026-06-19,20,Off-Peak,Dry,227,587,118,97,8
Bakuli Intersection,2026-06-19,20,Off-Peak,Dry,241,325,110,80,8
Bakuli Intersection,2026-06-19,21,Off-Peak,Dry,164,371,61,61,4
Bakuli Intersection,2026-06-19,21,Off-Peak,Dry,195,480,112,79,7
Bakuli Intersection,2026-06-19,21,Off-Peak,Dry,137,431,65,52,5
Bakuli Intersection,2026-06-19,21,Off-Peak,Dry,119,229,76,52,3
Bakuli Intersection,2026-06-20,6,Off-Peak,Dry,127,438,94,47,5
Bakuli Intersection,2026-06-20,6,Off-Peak,Dry,125,274,70,58,3
Bakuli Intersection,2026-06-20,6,Off-Peak,Dry,155,522,108,70,7
Bakuli Intersection,2026-06-20,6,Off-Peak,Dry,197,517,108,97,11
Bakuli Intersection,2026-06-20,7,Peak,Dry,484,729,250,220,29
Bakuli Intersection,2026-06-20,7,Peak,Dry,383,599,206,169,8
Bakuli Intersection,2026-06-20,7,Peak,Dry,493,1023,208,157,28
Bakuli Intersection,2026-06-20,7,Peak,Dry,456,741,211,151,21
Bakuli Intersection,2026-06-20,8,Peak,Dry,311,923,214,131,13
Bakuli Intersection,2026-06-20,8,Peak,Dry,336,654,256,154,24
Bakuli Intersection,2026-06-20,8,Peak,Dry,473,1263,217,202,11
Bakuli Intersection,2026-06-20,8,Peak,Dry,529,1229,280,252,38
Bakuli Intersection,2026-06-20,9,Off-Peak,Dry,357,737,201,154,25
Bakuli Intersection,2026-06-20,9,Off-Peak,Dry,457,1036,167,147,13
Bakuli Intersection,2026-06-20,9,Off-Peak,Dry,543,1225,249,211,39
Bakuli Intersection,2026-06-20,9,Off-Peak,Dry,425,644,197,162,11
Bakuli Intersection,2026-06-20,10,Off-Peak,Dry,209,520,113,78,9
Bakuli Intersection,2026-06-20,10,Off-Peak,Dry,152,292,97,74,9
Bakuli Intersection,2026-06-20,10,Off-Peak,Dry,159,402,69,60,8
Bakuli Intersection,2026-06-20,10,Off-Peak,Dry,120,325,68,45,3
Bakuli Intersection,2026-06-20,11,Off-Peak,Dry,122,284,76,38,8
Bakuli Intersection,2026-06-20,11,Off-Peak,Dry,159,241,79,74,5
Bakuli Intersection,2026-06-20,11,Off-Peak,Dry,205,332,88,99,9
Bakuli Intersection,2026-06-20,11,Off-Peak,Dry,183,399,78,61,9
Bakuli Intersection,2026-06-20,12,Off-Peak,Dry,175,314,92,58,12
Bakuli Intersection,2026-06-20,12,Off-Peak,Dry,196,328,107,63,9
Bakuli Intersection,2026-06-20,12,Off-Peak,Dry,231,632,93,105,5
Bakuli Intersection,2026-06-20,12,Off-Peak,Dry,185,468,109,86,10
Bakuli Intersection,2026-06-20,13,Off-Peak,Dry,129,308,83,45,6
Bakuli Intersection,2026-06-20,13,Off-Peak,Dry,115,309,51,38,4
Bakuli Intersection,2026-06-20,13,Off-Peak,Dry,163,483,76,71,4
Bakuli Intersection,2026-06-20,13,Off-Peak,Dry,152,334,72,51,9
Bakuli Intersection,2026-06-20,14,Off-Peak,Dry,149,356,69,54,8
Bakuli Intersection,2026-06-20,14,Off-Peak,Dry,171,368,86,71,3
Bakuli Intersection,2026-06-20,14,Off-Peak,Dry,194,413,108,84,13
Bakuli Intersection,2026-06-20,14,Off-Peak,Dry,163,387,91,63,7
Bakuli Intersection,2026-06-20,15,Off-Peak,Dry,144,428,92,52,5
Bakuli Intersection,2026-06-20,15,Off-Peak,Dry,137,382,76,67,10
Bakuli Intersection,2026-06-20,15,Off-Peak,Dry,129,349,54,47,6
Bakuli Intersection,2026-06-20,15,Off-Peak,Dry,173,335,116,60,5
Bakuli Intersection,2026-06-20,16,Peak,Dry,344,787,231,146,17
Bakuli Intersection,2026-06-20,16,Peak,Dry,307,980,159,127,17
Bakuli Intersection,2026-06-20,16,Peak,Dry,499,697,245,218,15
Bakuli Intersection,2026-06-20,16,Peak,Dry,317,691,193,107,7
Bakuli Intersection,2026-06-20,17,Peak,Dry,371,1114,268,126,24
Bakuli Intersection,2026-06-20,17,Peak,Dry,456,959,183,177,27
Bakuli Intersection,2026-06-20,17,Peak,Dry,460,756,274,139,23
Bakuli Intersection,2026-06-20,17,Peak,Dry,385,811,287,141,28
Bakuli Intersection,2026-06-20,18,Peak,Dry,453,1032,207,136,10
Bakuli Intersection,2026-06-20,18,Peak,Dry,368,716,227,178,24
Bakuli Intersection,2026-06-20,18,Peak,Dry,371,913,224,163,16
Bakuli Intersection,2026-06-20,18,Peak,Dry,395,749,206,192,24
Bakuli Intersection,2026-06-20,19,Off-Peak,Dry,385,1125,268,184,14
Bakuli Intersection,2026-06-20,19,Off-Peak,Dry,397,871,217,172,20
Bakuli Intersection,2026-06-20,19,Off-Peak,Dry,480,1003,220,168,33
Bakuli Intersection,2026-06-20,19,Off-Peak,Dry,341,922,196,148,23
Bakuli Intersection,2026-06-20,20,Off-Peak,Dry,173,316,92,74,7
Bakuli Intersection,2026-06-20,20,Off-Peak,Dry,201,316,113,61,8
Bakuli Intersection,2026-06-20,20,Off-Peak,Dry,220,596,114,84,14
Bakuli Intersection,2026-06-20,20,Off-Peak,Dry,122,302,85,50,8
Bakuli Intersection,2026-06-20,21,Off-Peak,Dry,176,408,120,66,6
Bakuli Intersection,2026-06-20,21,Off-Peak,Dry,149,462,102,56,3
Bakuli Intersection,2026-06-20,21,Off-Peak,Dry,209,365,104,81,14
Bakuli Intersection,2026-06-20,21,Off-Peak,Dry,143,503,85,56,9
Bwaise Junction,2026-06-01,6,Off-Peak,Dry,144,307,81,48,8
Bwaise Junction,2026-06-01,6,Off-Peak,Wet (Rain),127,321,92,61,6
Bwaise Junction,2026-06-01,6,Off-Peak,Dry,163,319,100,72,12
Bwaise Junction,2026-06-01,6,Off-Peak,Dry,111,289,66,43,6
Bwaise Junction,2026-06-01,7,Peak,Dry,350,965,187,166,9
Bwaise Junction,2026-06-01,7,Peak,Dry,315,658,178,118,7
Bwaise Junction,2026-06-01,7,Peak,Dry,274,665,164,83,15
Bwaise Junction,2026-06-01,7,Peak,Dry,340,1091,213,111,16
Bwaise Junction,2026-06-01,8,Peak,Dry,334,991,203,125,17
Bwaise Junction,2026-06-01,8,Peak,Wet (Rain),312,560,182,101,7
Bwaise Junction,2026-06-01,8,Peak,Dry,289,589,181,140,22
Bwaise Junction,2026-06-01,8,Peak,Dry,275,760,192,124,7
Bwaise Junction,2026-06-01,9,Off-Peak,Wet (Rain),256,639,148,91,20
Bwaise Junction,2026-06-01,9,Off-Peak,Wet (Rain),294,589,167,135,7
Bwaise Junction,2026-06-01,9,Off-Peak,Dry,300,602,148,143,16
Bwaise Junction,2026-06-01,9,Off-Peak,Wet (Rain),270,635,204,132,20
Bwaise Junction,2026-06-01,10,Off-Peak,Dry,104,368,82,32,2
Bwaise Junction,2026-06-01,10,Off-Peak,Dry,122,225,73,58,3
Bwaise Junction,2026-06-01,10,Off-Peak,Dry,95,209,57,31,4
Bwaise Junction,2026-06-01,10,Off-Peak,Dry,140,354,75,55,9
Bwaise Junction,2026-06-01,11,Off-Peak,Dry,134,374,100,41,5
Bwaise Junction,2026-06-01,11,Off-Peak,Wet (Rain),80,280,66,29,5
Bwaise Junction,2026-06-01,11,Off-Peak,Dry,150,485,98,57,4
Bwaise Junction,2026-06-01,11,Off-Peak,Dry,164,510,97,78,11
Bwaise Junction,2026-06-01,12,Off-Peak,Wet (Rain),66,155,49,21,2
Bwaise Junction,2026-06-01,12,Off-Peak,Dry,104,294,58,49,7
Bwaise Junction,2026-06-01,12,Off-Peak,Dry,87,298,51,39,6
Bwaise Junction,2026-06-01,12,Off-Peak,Dry,128,432,100,43,5
Bwaise Junction,2026-06-01,13,Off-Peak,Dry,118,486,79,41,7
Bwaise Junction,2026-06-01,13,Off-Peak,Wet (Rain),143,425,80,53,3
Bwaise Junction,2026-06-01,13,Off-Peak,Dry,142,264,85,68,6
Bwaise Junction,2026-06-01,13,Off-Peak,Dry,164,461,95,72,12
Bwaise Junction,2026-06-01,14,Off-Peak,Dry,116,410,95,45,7
Bwaise Junction,2026-06-01,14,Off-Peak,Dry,103,367,63,40,6
Bwaise Junction,2026-06-01,14,Off-Peak,Dry,152,416,97,70,8
Bwaise Junction,2026-06-01,14,Off-Peak,Dry,160,350,95,55,4
Bwaise Junction,2026-06-01,15,Off-Peak,Dry,166,456,94,79,8
Bwaise Junction,2026-06-01,15,Off-Peak,Wet (Rain),139,373,86,58,10
Bwaise Junction,2026-06-01,15,Off-Peak,Dry,172,442,74,77,5
Bwaise Junction,2026-06-01,15,Off-Peak,Dry,158,561,97,57,9
Bwaise Junction,2026-06-01,16,Peak,Dry,293,859,247,128,13
Bwaise Junction,2026-06-01,16,Peak,Dry,387,818,231,184,12
Bwaise Junction,2026-06-01,16,Peak,Wet (Rain),315,735,174,97,18
Bwaise Junction,2026-06-01,16,Peak,Dry,362,765,223,131,18
Bwaise Junction,2026-06-01,17,Peak,Dry,252,883,196,81,5
Bwaise Junction,2026-06-01,17,Peak,Wet (Rain),322,826,188,124,13
Bwaise Junction,2026-06-01,17,Peak,Wet (Rain),271,642,170,88,7
Bwaise Junction,2026-06-01,17,Peak,Wet (Rain),258,637,158,112,6
Bwaise Junction,2026-06-01,18,Peak,Dry,338,1189,249,127,7
Bwaise Junction,2026-06-01,18,Peak,Dry,307,996,208,132,24
Bwaise Junction,2026-06-01,18,Peak,Dry,324,660,194,138,12
Bwaise Junction,2026-06-01,18,Peak,Wet (Rain),248,714,169,117,13
Bwaise Junction,2026-06-01,19,Off-Peak,Wet (Rain),345,713,162,108,10
Bwaise Junction,2026-06-01,19,Off-Peak,Dry,227,927,201,84,6
Bwaise Junction,2026-06-01,19,Off-Peak,Dry,288,830,198,111,19
Bwaise Junction,2026-06-01,19,Off-Peak,Wet (Rain),320,875,175,125,9
Bwaise Junction,2026-06-01,20,Off-Peak,Dry,137,408,83,55,9
Bwaise Junction,2026-06-01,20,Off-Peak,Wet (Rain),123,301,74,39,9
Bwaise Junction,2026-06-01,20,Off-Peak,Wet (Rain),135,324,74,41,3
Bwaise Junction,2026-06-01,20,Off-Peak,Dry,138,351,77,49,8
Bwaise Junction,2026-06-01,21,Off-Peak,Wet (Rain),101,263,71,40,5
Bwaise Junction,2026-06-01,21,Off-Peak,Dry,162,308,113,49,10
Bwaise Junction,2026-06-01,21,Off-Peak,Dry,116,365,64,45,7
Bwaise Junction,2026-06-01,21,Off-Peak,Dry,163,440,96,76,8
Bwaise Junction,2026-06-02,6,Off-Peak,Dry,99,220,50,45,3
Bwaise Junction,2026-06-02,6,Off-Peak,Dry,154,421,115,64,7
Bwaise Junction,2026-06-02,6,Off-Peak,Dry,141,392,84,62,9
Bwaise Junction,2026-06-02,6,Off-Peak,Dry,109,381,63,53,5
Bwaise Junction,2026-06-02,7,Peak,Dry,270,831,194,125,19
Bwaise Junction,2026-06-02,7,Peak,Wet (Rain),279,604,211,103,7
Bwaise Junction,2026-06-02,7,Peak,Dry,363,826,205,147,7
Bwaise Junction,2026-06-02,7,Peak,Dry,280,777,214,126,9
Bwaise Junction,2026-06-02,8,Peak,Dry,284,695,181,136,5
Bwaise Junction,2026-06-02,8,Peak,Dry,274,647,211,84,13
Bwaise Junction,2026-06-02,8,Peak,Dry,324,640,190,101,14
Bwaise Junction,2026-06-02,8,Peak,Wet (Rain),294,551,162,117,16
Bwaise Junction,2026-06-02,9,Off-Peak,Dry,310,721,214,154,15
Bwaise Junction,2026-06-02,9,Off-Peak,Dry,249,577,190,89,18
Bwaise Junction,2026-06-02,9,Off-Peak,Wet (Rain),289,527,156,92,14
Bwaise Junction,2026-06-02,9,Off-Peak,Wet (Rain),220,801,177,71,6
Bwaise Junction,2026-06-02,10,Off-Peak,Dry,136,243,80,53,2
Bwaise Junction,2026-06-02,10,Off-Peak,Wet (Rain),117,293,56,38,4
Bwaise Junction,2026-06-02,10,Off-Peak,Dry,152,427,99,52,7
Bwaise Junction,2026-06-02,10,Off-Peak,Wet (Rain),134,460,97,66,10
Bwaise Junction,2026-06-02,11,Off-Peak,Wet (Rain),93,193,62,38,6
Bwaise Junction,2026-06-02,11,Off-Peak,Dry,134,491,115,55,10
Bwaise Junction,2026-06-02,11,Off-Peak,Wet (Rain),104,228,47,44,3
Bwaise Junction,2026-06-02,11,Off-Peak,Wet (Rain),143,334,81,52,10
Bwaise Junction,2026-06-02,12,Off-Peak,Dry,100,293,55,48,2
Bwaise Junction,2026-06-02,12,Off-Peak,Wet (Rain),138,352,68,52,9
Bwaise Junction,2026-06-02,12,Off-Peak,Dry,102,398,72,32,3
Bwaise Junction,2026-06-02,12,Off-Peak,Dry,153,449,92,61,8
Bwaise Junction,2026-06-02,13,Off-Peak,Dry,109,240,69,36,7
Bwaise Junction,2026-06-02,13,Off-Peak,Wet (Rain),142,346,82,47,7
Bwaise Junction,2026-06-02,13,Off-Peak,Dry,159,351,90,72,11
Bwaise Junction,2026-06-02,13,Off-Peak,Wet (Rain),110,263,54,39,5
Bwaise Junction,2026-06-02,14,Off-Peak,Wet (Rain),123,333,78,52,7
Bwaise Junction,2026-06-02,14,Off-Peak,Wet (Rain),127,452,72,53,2
Bwaise Junction,2026-06-02,14,Off-Peak,Dry,97,223,79,34,6
Bwaise Junction,2026-06-02,14,Off-Peak,Dry,140,328,102,58,6
Bwaise Junction,2026-06-02,15,Off-Peak,Wet (Rain),116,261,59,43,4
Bwaise Junction,2026-06-02,15,Off-Peak,Wet (Rain),99,222,56,31,4
Bwaise Junction,2026-06-02,15,Off-Peak,Dry,89,219,76,31,3
Bwaise Junction,2026-06-02,15,Off-Peak,Dry,115,249,82,39,5
Bwaise Junction,2026-06-02,16,Peak,Wet (Rain),301,681,168,113,10
Bwaise Junction,2026-06-02,16,Peak,Dry,226,968,171,84,14
Bwaise Junction,2026-06-02,16,Peak,Dry,289,793,191,140,18
Bwaise Junction,2026-06-02,16,Peak,Dry,322,596,234,99,6
Bwaise Junction,2026-06-02,17,Peak,Dry,242,998,181,91,6
Bwaise Junction,2026-06-02,17,Peak,Wet (Rain),219,639,193,72,5
Bwaise Junction,2026-06-02,17,Peak,Dry,278,1149,176,85,7
Bwaise Junction,2026-06-02,17,Peak,Wet (Rain),256,899,213,106,11
Bwaise Junction,2026-06-02,18,Peak,Dry,250,719,201,89,11
Bwaise Junction,2026-06-02,18,Peak,Dry,369,1035,216,152,12
Bwaise Junction,2026-06-02,18,Peak,Dry,408,689,205,135,15
Bwaise Junction,2026-06-02,18,Peak,Dry,347,768,264,152,8
Bwaise Junction,2026-06-02,19,Off-Peak,Wet (Rain),304,882,178,110,22
Bwaise Junction,2026-06-02,19,Off-Peak,Dry,340,970,180,119,22
Bwaise Junction,2026-06-02,19,Off-Peak,Wet (Rain),257,510,164,105,11
Bwaise Junction,2026-06-02,19,Off-Peak,Wet (Rain),273,922,179,129,6
Bwaise Junction,2026-06-02,20,Off-Peak,Dry,169,443,80,60,6
Bwaise Junction,2026-06-02,20,Off-Peak,Wet (Rain),101,243,89,44,3
Bwaise Junction,2026-06-02,20,Off-Peak,Dry,190,476,110,88,14
Bwaise Junction,2026-06-02,20,Off-Peak,Dry,128,404,70,56,3
Bwaise Junction,2026-06-02,21,Off-Peak,Wet (Rain),131,476,97,43,5
Bwaise Junction,2026-06-02,21,Off-Peak,Wet (Rain),91,267,64,31,4
Bwaise Junction,2026-06-02,21,Off-Peak,Dry,142,234,66,65,3
Bwaise Junction,2026-06-02,21,Off-Peak,Wet (Rain),166,440,90,75,5
Bwaise Junction,2026-06-03,6,Off-Peak,Dry,174,477,94,83,5
Bwaise Junction,2026-06-03,6,Off-Peak,Dry,181,462,98,77,11
Bwaise Junction,2026-06-03,6,Off-Peak,Dry,141,342,98,54,7
Bwaise Junction,2026-06-03,6,Off-Peak,Dry,92,321,64,41,5
Bwaise Junction,2026-06-03,7,Peak,Dry,373,616,181,161,29
Bwaise Junction,2026-06-03,7,Peak,Dry,336,867,179,144,25
Bwaise Junction,2026-06-03,7,Peak,Dry,358,792,226,167,15
Bwaise Junction,2026-06-03,7,Peak,Dry,279,1017,167,137,20
Bwaise Junction,2026-06-03,8,Peak,Dry,372,1058,164,120,22
Bwaise Junction,2026-06-03,8,Peak,Dry,292,709,180,139,11
Bwaise Junction,2026-06-03,8,Peak,Dry,312,718,228,144,13
Bwaise Junction,2026-06-03,8,Peak,Dry,283,911,161,96,13
Bwaise Junction,2026-06-03,9,Off-Peak,Dry,337,1040,266,144,23
Bwaise Junction,2026-06-03,9,Off-Peak,Dry,261,673,218,103,16
Bwaise Junction,2026-06-03,9,Off-Peak,Dry,244,669,171,111,12
Bwaise Junction,2026-06-03,9,Off-Peak,Dry,248,762,195,75,8
Bwaise Junction,2026-06-03,10,Off-Peak,Dry,120,253,67,47,5
Bwaise Junction,2026-06-03,10,Off-Peak,Dry,136,363,89,58,3
Bwaise Junction,2026-06-03,10,Off-Peak,Dry,95,272,64,35,4
Bwaise Junction,2026-06-03,10,Off-Peak,Dry,191,566,111,70,13
Bwaise Junction,2026-06-03,11,Off-Peak,Dry,154,301,82,54,5
Bwaise Junction,2026-06-03,11,Off-Peak,Dry,108,414,69,40,3
Bwaise Junction,2026-06-03,11,Off-Peak,Dry,100,229,60,37,7
Bwaise Junction,2026-06-03,11,Off-Peak,Dry,117,404,74,38,2
Bwaise Junction,2026-06-03,12,Off-Peak,Dry,175,462,95,67,6
Bwaise Junction,2026-06-03,12,Off-Peak,Dry,143,373,74,63,6
Bwaise Junction,2026-06-03,12,Off-Peak,Dry,134,392,81,54,6
Bwaise Junction,2026-06-03,12,Off-Peak,Dry,84,200,63,28,2
Bwaise Junction,2026-06-03,13,Off-Peak,Dry,145,493,98,59,4
Bwaise Junction,2026-06-03,13,Off-Peak,Dry,160,308,100,72,4
Bwaise Junction,2026-06-03,13,Off-Peak,Dry,139,399,108,66,8
Bwaise Junction,2026-06-03,13,Off-Peak,Dry,127,314,102,60,8
Bwaise Junction,2026-06-03,14,Off-Peak,Dry,94,365,77,38,7
Bwaise Junction,2026-06-03,14,Off-Peak,Dry,88,237,58,33,2
Bwaise Junction,2026-06-03,14,Off-Peak,Dry,148,363,84,65,4
Bwaise Junction,2026-06-03,14,Off-Peak,Dry,109,266,75,46,3
Bwaise Junction,2026-06-03,15,Off-Peak,Dry,190,307,87,59,5
Bwaise Junction,2026-06-03,15,Off-Peak,Dry,122,365,72,37,4
Bwaise Junction,2026-06-03,15,Off-Peak,Dry,134,267,90,61,10
Bwaise Junction,2026-06-03,15,Off-Peak,Dry,113,361,77,45,5
Bwaise Junction,2026-06-03,16,Peak,Dry,322,707,187,129,22
Bwaise Junction,2026-06-03,16,Peak,Dry,279,1048,220,134,5
Bwaise Junction,2026-06-03,16,Peak,Dry,310,839,185,96,10
Bwaise Junction,2026-06-03,16,Peak,Dry,385,862,232,183,14
Bwaise Junction,2026-06-03,17,Peak,Dry,299,520,193,90,20
Bwaise Junction,2026-06-03,17,Peak,Dry,289,947,186,109,19
Bwaise Junction,2026-06-03,17,Peak,Dry,248,929,183,99,16
Bwaise Junction,2026-06-03,17,Peak,Dry,242,721,155,112,6
Bwaise Junction,2026-06-03,18,Peak,Dry,373,1050,240,124,18
Bwaise Junction,2026-06-03,18,Peak,Dry,289,636,177,143,13
Bwaise Junction,2026-06-03,18,Peak,Dry,379,631,207,168,15
Bwaise Junction,2026-06-03,18,Peak,Dry,297,677,165,91,13
Bwaise Junction,2026-06-03,19,Off-Peak,Dry,222,856,184,99,6
Bwaise Junction,2026-06-03,19,Off-Peak,Dry,348,647,233,152,11
Bwaise Junction,2026-06-03,19,Off-Peak,Dry,284,977,252,117,19
Bwaise Junction,2026-06-03,19,Off-Peak,Dry,346,585,215,170,10
Bwaise Junction,2026-06-03,20,Off-Peak,Dry,161,358,83,76,3
Bwaise Junction,2026-06-03,20,Off-Peak,Dry,140,284,103,60,10
Bwaise Junction,2026-06-03,20,Off-Peak,Dry,116,247,83,51,8
Bwaise Junction,2026-06-03,20,Off-Peak,Dry,91,311,70,27,4
Bwaise Junction,2026-06-03,21,Off-Peak,Dry,125,432,96,48,8
Bwaise Junction,2026-06-03,21,Off-Peak,Dry,145,348,78,69,8
Bwaise Junction,2026-06-03,21,Off-Peak,Dry,105,318,62,45,6
Bwaise Junction,2026-06-03,21,Off-Peak,Dry,151,420,86,54,10
Bwaise Junction,2026-06-04,6,Off-Peak,Dry,149,263,79,66,8
Bwaise Junction,2026-06-04,6,Off-Peak,Dry,130,429,98,44,3
Bwaise Junction,2026-06-04,6,Off-Peak,Dry,156,377,78,50,6
Bwaise Junction,2026-06-04,6,Off-Peak,Dry,96,333,76,41,4
Bwaise Junction,2026-06-04,7,Peak,Dry,392,688,183,120,26
Bwaise Junction,2026-06-04,7,Peak,Dry,287,712,203,141,6
Bwaise Junction,2026-06-04,7,Peak,Dry,359,915,176,113,24
Bwaise Junction,2026-06-04,7,Peak,Dry,291,736,177,107,15
Bwaise Junction,2026-06-04,8,Peak,Dry,321,698,181,141,22
Bwaise Junction,2026-06-04,8,Peak,Dry,305,985,188,117,13
Bwaise Junction,2026-06-04,8,Peak,Dry,302,687,233,140,23
Bwaise Junction,2026-06-04,8,Peak,Dry,334,1092,218,126,21
Bwaise Junction,2026-06-04,9,Off-Peak,Dry,354,860,168,127,22
Bwaise Junction,2026-06-04,9,Off-Peak,Dry,376,1022,248,158,23
Bwaise Junction,2026-06-04,9,Off-Peak,Dry,386,889,182,174,16
Bwaise Junction,2026-06-04,9,Off-Peak,Dry,301,787,149,103,16
Bwaise Junction,2026-06-04,10,Off-Peak,Dry,127,262,78,43,2
Bwaise Junction,2026-06-04,10,Off-Peak,Dry,89,296,66,31,1
Bwaise Junction,2026-06-04,10,Off-Peak,Dry,92,284,64,40,3
Bwaise Junction,2026-06-04,10,Off-Peak,Dry,101,409,80,36,5
Bwaise Junction,2026-06-04,11,Off-Peak,Dry,83,295,57,30,2
Bwaise Junction,2026-06-04,11,Off-Peak,Dry,130,447,115,47,4
Bwaise Junction,2026-06-04,11,Off-Peak,Dry,102,257,76,49,5
Bwaise Junction,2026-06-04,11,Off-Peak,Dry,131,312,72,64,7
Bwaise Junction,2026-06-04,12,Off-Peak,Dry,97,255,78,42,7
Bwaise Junction,2026-06-04,12,Off-Peak,Dry,90,253,57,42,5
Bwaise Junction,2026-06-04,12,Off-Peak,Dry,150,386,104,56,8
Bwaise Junction,2026-06-04,12,Off-Peak,Dry,186,474,111,69,11
Bwaise Junction,2026-06-04,13,Off-Peak,Dry,166,438,78,82,9
Bwaise Junction,2026-06-04,13,Off-Peak,Dry,98,217,67,36,6
Bwaise Junction,2026-06-04,13,Off-Peak,Dry,142,370,89,49,8
Bwaise Junction,2026-06-04,13,Off-Peak,Dry,168,394,89,81,11
Bwaise Junction,2026-06-04,14,Off-Peak,Dry,132,277,77,58,4
Bwaise Junction,2026-06-04,14,Off-Peak,Dry,145,315,69,61,3
Bwaise Junction,2026-06-04,14,Off-Peak,Dry,93,358,60,41,6
Bwaise Junction,2026-06-04,14,Off-Peak,Dry,111,283,85,36,3
Bwaise Junction,2026-06-04,15,Off-Peak,Dry,157,354,89,67,6
Bwaise Junction,2026-06-04,15,Off-Peak,Dry,118,322,95,39,8
Bwaise Junction,2026-06-04,15,Off-Peak,Dry,106,264,59,37,5
Bwaise Junction,2026-06-04,15,Off-Peak,Dry,117,393,60,49,6
Bwaise Junction,2026-06-04,16,Peak,Dry,248,991,165,83,12
Bwaise Junction,2026-06-04,16,Peak,Dry,285,693,143,116,17
Bwaise Junction,2026-06-04,16,Peak,Dry,269,587,195,131,5
Bwaise Junction,2026-06-04,16,Peak,Dry,341,716,157,132,9
Bwaise Junction,2026-06-04,17,Peak,Dry,346,1090,197,138,14
Bwaise Junction,2026-06-04,17,Peak,Dry,258,971,177,125,6
Bwaise Junction,2026-06-04,17,Peak,Dry,311,642,173,147,20
Bwaise Junction,2026-06-04,17,Peak,Dry,302,677,163,103,14
Bwaise Junction,2026-06-04,18,Peak,Dry,249,886,195,100,7
Bwaise Junction,2026-06-04,18,Peak,Dry,370,1061,170,136,17
Bwaise Junction,2026-06-04,18,Peak,Dry,324,802,199,120,6
Bwaise Junction,2026-06-04,18,Peak,Dry,332,1134,183,118,9
Bwaise Junction,2026-06-04,19,Off-Peak,Dry,346,994,195,105,17
Bwaise Junction,2026-06-04,19,Off-Peak,Dry,340,769,210,127,25
Bwaise Junction,2026-06-04,19,Off-Peak,Dry,309,875,189,139,21
Bwaise Junction,2026-06-04,19,Off-Peak,Dry,362,678,197,147,26
Bwaise Junction,2026-06-04,20,Off-Peak,Dry,115,271,76,48,4
Bwaise Junction,2026-06-04,20,Off-Peak,Dry,93,307,73,43,4
Bwaise Junction,2026-06-04,20,Off-Peak,Dry,99,378,84,43,2
Bwaise Junction,2026-06-04,20,Off-Peak,Dry,150,331,84,62,8
Bwaise Junction,2026-06-04,21,Off-Peak,Dry,145,509,81,67,10
Bwaise Junction,2026-06-04,21,Off-Peak,Dry,105,283,80,49,3
Bwaise Junction,2026-06-04,21,Off-Peak,Dry,157,293,83,52,4
Bwaise Junction,2026-06-04,21,Off-Peak,Dry,82,190,60,38,2
Bwaise Junction,2026-06-05,6,Off-Peak,Dry,108,221,76,39,4
Bwaise Junction,2026-06-05,6,Off-Peak,Dry,164,274,77,66,4
Bwaise Junction,2026-06-05,6,Off-Peak,Dry,110,275,66,43,3
Bwaise Junction,2026-06-05,6,Off-Peak,Dry,108,281,55,51,6
Bwaise Junction,2026-06-05,7,Peak,Dry,392,718,186,147,20
Bwaise Junction,2026-06-05,7,Peak,Dry,279,683,227,126,16
Bwaise Junction,2026-06-05,7,Peak,Dry,322,979,201,132,24
Bwaise Junction,2026-06-05,7,Peak,Dry,227,526,186,98,7
Bwaise Junction,2026-06-05,8,Peak,Dry,276,883,170,130,21
Bwaise Junction,2026-06-05,8,Peak,Dry,302,608,216,145,20
Bwaise Junction,2026-06-05,8,Peak,Dry,378,823,183,152,14
Bwaise Junction,2026-06-05,8,Peak,Dry,413,1052,217,152,8
Bwaise Junction,2026-06-05,9,Off-Peak,Dry,268,939,167,103,11
Bwaise Junction,2026-06-05,9,Off-Peak,Dry,331,847,234,115,14
Bwaise Junction,2026-06-05,9,Off-Peak,Dry,338,1059,234,102,14
Bwaise Junction,2026-06-05,9,Off-Peak,Dry,321,919,196,109,21
Bwaise Junction,2026-06-05,10,Off-Peak,Dry,167,428,101,75,3
Bwaise Junction,2026-06-05,10,Off-Peak,Dry,164,321,109,80,12
Bwaise Junction,2026-06-05,10,Off-Peak,Dry,107,282,58,45,3
Bwaise Junction,2026-06-05,10,Off-Peak,Dry,151,251,95,46,4
Bwaise Junction,2026-06-05,11,Off-Peak,Dry,136,365,77,58,2
Bwaise Junction,2026-06-05,11,Off-Peak,Dry,143,275,91,55,10
Bwaise Junction,2026-06-05,11,Off-Peak,Dry,104,216,52,33,4
Bwaise Junction,2026-06-05,11,Off-Peak,Dry,113,434,87,49,3
Bwaise Junction,2026-06-05,12,Off-Peak,Dry,153,318,82,57,8
Bwaise Junction,2026-06-05,12,Off-Peak,Dry,153,421,114,71,4
Bwaise Junction,2026-06-05,12,Off-Peak,Dry,159,488,87,68,6
Bwaise Junction,2026-06-05,12,Off-Peak,Dry,140,449,90,47,9
Bwaise Junction,2026-06-05,13,Off-Peak,Dry,91,299,76,40,6
Bwaise Junction,2026-06-05,13,Off-Peak,Dry,108,403,86,46,4
Bwaise Junction,2026-06-05,13,Off-Peak,Dry,100,229,59,43,4
Bwaise Junction,2026-06-05,13,Off-Peak,Dry,186,428,118,70,9
Bwaise Junction,2026-06-05,14,Off-Peak,Dry,184,360,88,89,7
Bwaise Junction,2026-06-05,14,Off-Peak,Dry,154,483,88,58,3
Bwaise Junction,2026-06-05,14,Off-Peak,Dry,98,332,67,41,3
Bwaise Junction,2026-06-05,14,Off-Peak,Dry,107,203,69,51,2
Bwaise Junction,2026-06-05,15,Off-Peak,Dry,150,433,70,69,9
Bwaise Junction,2026-06-05,15,Off-Peak,Dry,153,353,73,51,10
Bwaise Junction,2026-06-05,15,Off-Peak,Dry,112,267,70,41,3
Bwaise Junction,2026-06-05,15,Off-Peak,Dry,127,257,70,38,5
Bwaise Junction,2026-06-05,16,Peak,Dry,382,898,248,130,18
Bwaise Junction,2026-06-05,16,Peak,Dry,266,590,183,111,9
Bwaise Junction,2026-06-05,16,Peak,Dry,256,900,212,124,6
Bwaise Junction,2026-06-05,16,Peak,Dry,401,866,253,181,20
Bwaise Junction,2026-06-05,17,Peak,Dry,287,1025,234,132,12
Bwaise Junction,2026-06-05,17,Peak,Dry,317,622,172,137,24
Bwaise Junction,2026-06-05,17,Peak,Dry,325,865,202,103,6
Bwaise Junction,2026-06-05,17,Peak,Dry,261,1093,169,105,14
Bwaise Junction,2026-06-05,18,Peak,Dry,247,821,154,94,16
Bwaise Junction,2026-06-05,18,Peak,Dry,295,705,156,114,20
Bwaise Junction,2026-06-05,18,Peak,Dry,233,858,155,78,16
Bwaise Junction,2026-06-05,18,Peak,Dry,242,912,172,74,10
Bwaise Junction,2026-06-05,19,Off-Peak,Dry,294,1186,226,141,15
Bwaise Junction,2026-06-05,19,Off-Peak,Dry,299,739,195,99,14
Bwaise Junction,2026-06-05,19,Off-Peak,Dry,327,1200,232,132,22
Bwaise Junction,2026-06-05,19,Off-Peak,Dry,267,855,147,93,9
Bwaise Junction,2026-06-05,20,Off-Peak,Dry,173,340,120,59,11
Bwaise Junction,2026-06-05,20,Off-Peak,Dry,99,364,71,49,3
Bwaise Junction,2026-06-05,20,Off-Peak,Dry,183,401,109,84,6
Bwaise Junction,2026-06-05,20,Off-Peak,Dry,135,285,76,52,8
Bwaise Junction,2026-06-05,21,Off-Peak,Dry,90,335,80,27,2
Bwaise Junction,2026-06-05,21,Off-Peak,Dry,173,375,80,77,3
Bwaise Junction,2026-06-05,21,Off-Peak,Dry,153,290,101,46,5
Bwaise Junction,2026-06-05,21,Off-Peak,Dry,100,227,61,37,3
Bwaise Junction,2026-06-06,6,Off-Peak,Dry,117,233,72,45,6
Bwaise Junction,2026-06-06,6,Off-Peak,Dry,84,177,55,26,2
Bwaise Junction,2026-06-06,6,Off-Peak,Dry,103,261,65,50,2
Bwaise Junction,2026-06-06,6,Off-Peak,Dry,107,355,62,49,2
Bwaise Junction,2026-06-06,7,Peak,Dry,303,766,172,115,15
Bwaise Junction,2026-06-06,7,Peak,Dry,382,679,175,128,25
Bwaise Junction,2026-06-06,7,Peak,Dry,349,1077,193,167,14
Bwaise Junction,2026-06-06,7,Peak,Dry,330,874,211,144,25
Bwaise Junction,2026-06-06,8,Peak,Dry,320,726,179,150,14
Bwaise Junction,2026-06-06,8,Peak,Dry,332,676,202,128,11
Bwaise Junction,2026-06-06,8,Peak,Dry,326,927,230,142,8
Bwaise Junction,2026-06-06,8,Peak,Dry,354,654,208,114,28
Bwaise Junction,2026-06-06,9,Off-Peak,Dry,354,1003,193,110,22
Bwaise Junction,2026-06-06,9,Off-Peak,Dry,267,876,183,101,18
Bwaise Junction,2026-06-06,9,Off-Peak,Dry,323,655,171,147,18
Bwaise Junction,2026-06-06,9,Off-Peak,Dry,276,558,165,122,18
Bwaise Junction,2026-06-06,10,Off-Peak,Dry,118,399,103,38,3
Bwaise Junction,2026-06-06,10,Off-Peak,Dry,140,247,62,61,6
Bwaise Junction,2026-06-06,10,Off-Peak,Dry,167,316,93,63,9
Bwaise Junction,2026-06-06,10,Off-Peak,Dry,115,291,68,35,3
Bwaise Junction,2026-06-06,11,Off-Peak,Dry,130,480,96,51,4
Bwaise Junction,2026-06-06,11,Off-Peak,Dry,105,328,88,37,5
Bwaise Junction,2026-06-06,11,Off-Peak,Dry,121,359,92,50,6
Bwaise Junction,2026-06-06,11,Off-Peak,Dry,160,311,112,57,6
Bwaise Junction,2026-06-06,12,Off-Peak,Dry,109,394,93,49,5
Bwaise Junction,2026-06-06,12,Off-Peak,Dry,157,363,101,73,5
Bwaise Junction,2026-06-06,12,Off-Peak,Dry,100,276,61,31,5
Bwaise Junction,2026-06-06,12,Off-Peak,Dry,146,345,81,45,7
Bwaise Junction,2026-06-06,13,Off-Peak,Dry,161,367,84,67,8
Bwaise Junction,2026-06-06,13,Off-Peak,Dry,105,207,51,49,8
Bwaise Junction,2026-06-06,13,Off-Peak,Dry,128,374,71,41,7
Bwaise Junction,2026-06-06,13,Off-Peak,Dry,110,359,80,36,5
Bwaise Junction,2026-06-06,14,Off-Peak,Dry,126,281,74,62,4
Bwaise Junction,2026-06-06,14,Off-Peak,Dry,141,475,84,56,3
Bwaise Junction,2026-06-06,14,Off-Peak,Dry,108,234,54,45,5
Bwaise Junction,2026-06-06,14,Off-Peak,Dry,171,541,88,84,8
Bwaise Junction,2026-06-06,15,Off-Peak,Dry,172,440,99,75,9
Bwaise Junction,2026-06-06,15,Off-Peak,Dry,119,325,78,52,4
Bwaise Junction,2026-06-06,15,Off-Peak,Dry,101,311,56,32,5
Bwaise Junction,2026-06-06,15,Off-Peak,Dry,114,283,70,56,8
Bwaise Junction,2026-06-06,16,Peak,Dry,405,1156,229,143,28
Bwaise Junction,2026-06-06,16,Peak,Dry,396,1222,246,122,27
Bwaise Junction,2026-06-06,16,Peak,Dry,316,885,150,102,15
Bwaise Junction,2026-06-06,16,Peak,Dry,298,1125,259,94,21
Bwaise Junction,2026-06-06,17,Peak,Dry,261,922,197,86,10
Bwaise Junction,2026-06-06,17,Peak,Dry,259,1010,220,90,17
Bwaise Junction,2026-06-06,17,Peak,Dry,352,867,210,122,20
Bwaise Junction,2026-06-06,17,Peak,Dry,335,764,209,122,11
Bwaise Junction,2026-06-06,18,Peak,Dry,372,669,213,157,17
Bwaise Junction,2026-06-06,18,Peak,Dry,344,827,241,142,14
Bwaise Junction,2026-06-06,18,Peak,Dry,368,789,191,179,15
Bwaise Junction,2026-06-06,18,Peak,Dry,233,709,176,105,7
Bwaise Junction,2026-06-06,19,Off-Peak,Dry,314,939,176,114,22
Bwaise Junction,2026-06-06,19,Off-Peak,Dry,320,1238,183,123,9
Bwaise Junction,2026-06-06,19,Off-Peak,Dry,376,933,170,161,8
Bwaise Junction,2026-06-06,19,Off-Peak,Dry,324,672,191,115,10
Bwaise Junction,2026-06-06,20,Off-Peak,Dry,125,339,93,45,5
Bwaise Junction,2026-06-06,20,Off-Peak,Dry,107,259,85,38,4
Bwaise Junction,2026-06-06,20,Off-Peak,Dry,108,264,65,41,6
Bwaise Junction,2026-06-06,20,Off-Peak,Dry,137,415,77,46,8
Bwaise Junction,2026-06-06,21,Off-Peak,Dry,129,305,90,42,4
Bwaise Junction,2026-06-06,21,Off-Peak,Dry,137,316,65,59,6
Bwaise Junction,2026-06-06,21,Off-Peak,Dry,173,430,110,66,12
Bwaise Junction,2026-06-06,21,Off-Peak,Dry,151,442,100,72,10
Bwaise Junction,2026-06-07,6,Off-Peak,Dry,160,532,89,72,8
Bwaise Junction,2026-06-07,6,Off-Peak,Dry,157,393,94,73,3
Bwaise Junction,2026-06-07,6,Off-Peak,Dry,114,363,81,43,7
Bwaise Junction,2026-06-07,6,Off-Peak,Dry,116,332,72,50,7
Bwaise Junction,2026-06-07,7,Peak,Dry,279,960,195,138,7
Bwaise Junction,2026-06-07,7,Peak,Dry,311,773,202,102,23
Bwaise Junction,2026-06-07,7,Peak,Dry,401,1043,191,121,8
Bwaise Junction,2026-06-07,7,Peak,Dry,406,793,216,196,11
Bwaise Junction,2026-06-07,8,Peak,Dry,328,892,165,144,24
Bwaise Junction,2026-06-07,8,Peak,Dry,288,1011,166,142,7
Bwaise Junction,2026-06-07,8,Peak,Dry,336,887,201,167,22
Bwaise Junction,2026-06-07,8,Peak,Dry,234,753,143,70,5
Bwaise Junction,2026-06-07,9,Off-Peak,Dry,318,905,203,118,17
Bwaise Junction,2026-06-07,9,Off-Peak,Dry,341,821,227,163,19
Bwaise Junction,2026-06-07,9,Off-Peak,Dry,257,603,182,113,13
Bwaise Junction,2026-06-07,9,Off-Peak,Dry,287,528,154,141,21
Bwaise Junction,2026-06-07,10,Off-Peak,Dry,153,279,82,47,4
Bwaise Junction,2026-06-07,10,Off-Peak,Dry,135,422,97,55,10
Bwaise Junction,2026-06-07,10,Off-Peak,Dry,189,500,105,89,9
Bwaise Junction,2026-06-07,10,Off-Peak,Dry,79,301,56,36,2
Bwaise Junction,2026-06-07,11,Off-Peak,Dry,94,360,73,41,4
Bwaise Junction,2026-06-07,11,Off-Peak,Dry,121,312,76,45,3
Bwaise Junction,2026-06-07,11,Off-Peak,Dry,192,387,118,72,6
Bwaise Junction,2026-06-07,11,Off-Peak,Dry,113,266,64,39,7
Bwaise Junction,2026-06-07,12,Off-Peak,Dry,112,184,70,44,5
Bwaise Junction,2026-06-07,12,Off-Peak,Dry,97,299,68,30,4
Bwaise Junction,2026-06-07,12,Off-Peak,Dry,90,333,56,37,6
Bwaise Junction,2026-06-07,12,Off-Peak,Dry,152,499,95,48,6
Bwaise Junction,2026-06-07,13,Off-Peak,Dry,109,250,61,47,4
Bwaise Junction,2026-06-07,13,Off-Peak,Dry,110,287,66,51,5
Bwaise Junction,2026-06-07,13,Off-Peak,Dry,117,287,64,58,5
Bwaise Junction,2026-06-07,13,Off-Peak,Dry,109,384,71,37,4
Bwaise Junction,2026-06-07,14,Off-Peak,Dry,158,486,102,51,4
Bwaise Junction,2026-06-07,14,Off-Peak,Dry,123,282,98,42,7
Bwaise Junction,2026-06-07,14,Off-Peak,Dry,167,446,95,52,5
Bwaise Junction,2026-06-07,14,Off-Peak,Dry,134,268,71,46,9
Bwaise Junction,2026-06-07,15,Off-Peak,Dry,187,320,86,84,7
Bwaise Junction,2026-06-07,15,Off-Peak,Dry,163,440,103,73,5
Bwaise Junction,2026-06-07,15,Off-Peak,Dry,183,510,88,82,10
Bwaise Junction,2026-06-07,15,Off-Peak,Dry,149,355,120,53,3
Bwaise Junction,2026-06-07,16,Peak,Dry,346,1079,226,151,23
Bwaise Junction,2026-06-07,16,Peak,Dry,247,561,160,77,6
Bwaise Junction,2026-06-07,16,Peak,Dry,353,1004,207,166,13
Bwaise Junction,2026-06-07,16,Peak,Dry,243,928,176,112,6
Bwaise Junction,2026-06-07,17,Peak,Dry,269,794,186,91,14
Bwaise Junction,2026-06-07,17,Peak,Dry,357,735,199,148,19
Bwaise Junction,2026-06-07,17,Peak,Dry,414,1046,187,126,32
Bwaise Junction,2026-06-07,17,Peak,Dry,293,800,206,112,10
Bwaise Junction,2026-06-07,18,Peak,Dry,332,671,213,146,10
Bwaise Junction,2026-06-07,18,Peak,Dry,381,696,253,177,8
Bwaise Junction,2026-06-07,18,Peak,Dry,352,981,208,127,15
Bwaise Junction,2026-06-07,18,Peak,Dry,289,1078,210,132,5
Bwaise Junction,2026-06-07,19,Off-Peak,Dry,292,1047,185,138,18
Bwaise Junction,2026-06-07,19,Off-Peak,Dry,401,814,208,186,25
Bwaise Junction,2026-06-07,19,Off-Peak,Dry,281,854,252,108,22
Bwaise Junction,2026-06-07,19,Off-Peak,Dry,319,825,188,144,10
Bwaise Junction,2026-06-07,20,Off-Peak,Dry,137,467,99,46,5
Bwaise Junction,2026-06-07,20,Off-Peak,Dry,96,388,78,38,6
Bwaise Junction,2026-06-07,20,Off-Peak,Dry,131,381,76,55,4
Bwaise Junction,2026-06-07,20,Off-Peak,Dry,164,397,80,53,5
Bwaise Junction,2026-06-07,21,Off-Peak,Dry,99,250,66,46,2
Bwaise Junction,2026-06-07,21,Off-Peak,Dry,114,313,83,45,2
Bwaise Junction,2026-06-07,21,Off-Peak,Dry,108,306,70,44,3
Bwaise Junction,2026-06-07,21,Off-Peak,Dry,125,386,104,40,9
Bwaise Junction,2026-06-08,6,Off-Peak,Dry,133,357,77,52,4
Bwaise Junction,2026-06-08,6,Off-Peak,Wet (Rain),91,250,54,38,3
Bwaise Junction,2026-06-08,6,Off-Peak,Dry,152,495,111,69,7
Bwaise Junction,2026-06-08,6,Off-Peak,Dry,172,474,101,57,4
Bwaise Junction,2026-06-08,7,Peak,Dry,312,602,166,98,22
Bwaise Junction,2026-06-08,7,Peak,Dry,272,970,214,114,9
Bwaise Junction,2026-06-08,7,Peak,Dry,372,719,191,121,13
Bwaise Junction,2026-06-08,7,Peak,Wet (Rain),295,789,214,125,14
Bwaise Junction,2026-06-08,8,Peak,Wet (Rain),262,711,156,119,18
Bwaise Junction,2026-06-08,8,Peak,Dry,326,624,224,154,14
Bwaise Junction,2026-06-08,8,Peak,Dry,322,807,170,98,14
Bwaise Junction,2026-06-08,8,Peak,Wet (Rain),220,784,166,66,14
Bwaise Junction,2026-06-08,9,Off-Peak,Dry,300,814,169,143,12
Bwaise Junction,2026-06-08,9,Off-Peak,Dry,396,951,212,139,30
Bwaise Junction,2026-06-08,9,Off-Peak,Dry,303,1084,164,133,6
Bwaise Junction,2026-06-08,9,Off-Peak,Wet (Rain),322,666,169,128,23
Bwaise Junction,2026-06-08,10,Off-Peak,Wet (Rain),111,345,54,39,7
Bwaise Junction,2026-06-08,10,Off-Peak,Dry,93,260,63,38,4
Bwaise Junction,2026-06-08,10,Off-Peak,Wet (Rain),160,288,86,53,6
Bwaise Junction,2026-06-08,10,Off-Peak,Wet (Rain),110,225,59,38,5
Bwaise Junction,2026-06-08,11,Off-Peak,Dry,148,396,90,59,6
Bwaise Junction,2026-06-08,11,Off-Peak,Dry,120,237,68,58,8
Bwaise Junction,2026-06-08,11,Off-Peak,Dry,113,210,54,35,8
Bwaise Junction,2026-06-08,11,Off-Peak,Dry,121,280,78,43,4
Bwaise Junction,2026-06-08,12,Off-Peak,Dry,112,292,78,34,8
Bwaise Junction,2026-06-08,12,Off-Peak,Dry,161,349,119,65,8
Bwaise Junction,2026-06-08,12,Off-Peak,Dry,135,538,115,67,4
Bwaise Junction,2026-06-08,12,Off-Peak,Wet (Rain),102,324,63,37,2
Bwaise Junction,2026-06-08,13,Off-Peak,Wet (Rain),139,418,90,58,3
Bwaise Junction,2026-06-08,13,Off-Peak,Dry,121,430,88,54,4
Bwaise Junction,2026-06-08,13,Off-Peak,Dry,104,296,75,51,4
Bwaise Junction,2026-06-08,13,Off-Peak,Wet (Rain),104,324,66,34,7
Bwaise Junction,2026-06-08,14,Off-Peak,Dry,104,322,57,43,7
Bwaise Junction,2026-06-08,14,Off-Peak,Dry,107,245,53,39,7
Bwaise Junction,2026-06-08,14,Off-Peak,Dry,111,260,71,40,5
Bwaise Junction,2026-06-08,14,Off-Peak,Dry,146,537,88,64,7
Bwaise Junction,2026-06-08,15,Off-Peak,Wet (Rain),114,247,91,43,5
Bwaise Junction,2026-06-08,15,Off-Peak,Wet (Rain),126,409,87,40,6
Bwaise Junction,2026-06-08,15,Off-Peak,Wet (Rain),124,401,88,58,3
Bwaise Junction,2026-06-08,15,Off-Peak,Dry,147,440,93,71,4
Bwaise Junction,2026-06-08,16,Peak,Wet (Rain),343,733,210,110,17
Bwaise Junction,2026-06-08,16,Peak,Dry,261,843,176,116,10
Bwaise Junction,2026-06-08,16,Peak,Dry,314,787,257,138,13
Bwaise Junction,2026-06-08,16,Peak,Wet (Rain),265,573,153,114,15
Bwaise Junction,2026-06-08,17,Peak,Dry,283,877,192,129,8
Bwaise Junction,2026-06-08,17,Peak,Dry,314,639,179,108,22
Bwaise Junction,2026-06-08,17,Peak,Dry,286,1107,191,125,16
Bwaise Junction,2026-06-08,17,Peak,Dry,345,632,189,161,26
Bwaise Junction,2026-06-08,18,Peak,Dry,376,1102,172,132,17
Bwaise Junction,2026-06-08,18,Peak,Wet (Rain),239,861,174,100,6
Bwaise Junction,2026-06-08,18,Peak,Wet (Rain),304,486,164,149,7
Bwaise Junction,2026-06-08,18,Peak,Dry,324,1004,153,130,23
Bwaise Junction,2026-06-08,19,Off-Peak,Wet (Rain),251,561,201,116,15
Bwaise Junction,2026-06-08,19,Off-Peak,Dry,272,667,208,96,13
Bwaise Junction,2026-06-08,19,Off-Peak,Dry,318,656,184,120,6
Bwaise Junction,2026-06-08,19,Off-Peak,Wet (Rain),286,837,207,92,10
Bwaise Junction,2026-06-08,20,Off-Peak,Dry,111,316,62,52,2
Bwaise Junction,2026-06-08,20,Off-Peak,Dry,144,406,98,48,8
Bwaise Junction,2026-06-08,20,Off-Peak,Wet (Rain),80,277,57,29,6
Bwaise Junction,2026-06-08,20,Off-Peak,Dry,126,295,79,43,8
Bwaise Junction,2026-06-08,21,Off-Peak,Dry,126,270,81,54,3
Bwaise Junction,2026-06-08,21,Off-Peak,Dry,93,286,72,41,6
Bwaise Junction,2026-06-08,21,Off-Peak,Dry,149,529,93,59,11
Bwaise Junction,2026-06-08,21,Off-Peak,Dry,124,254,68,57,7
Bwaise Junction,2026-06-09,6,Off-Peak,Dry,80,284,60,25,3
Bwaise Junction,2026-06-09,6,Off-Peak,Dry,101,237,68,44,6
Bwaise Junction,2026-06-09,6,Off-Peak,Dry,151,305,69,60,6
Bwaise Junction,2026-06-09,6,Off-Peak,Wet (Rain),120,336,74,40,4
Bwaise Junction,2026-06-09,7,Peak,Dry,300,894,201,119,20
Bwaise Junction,2026-06-09,7,Peak,Wet (Rain),193,768,161,74,13
Bwaise Junction,2026-06-09,7,Peak,Dry,275,1062,174,98,17
Bwaise Junction,2026-06-09,7,Peak,Dry,299,846,196,105,18
Bwaise Junction,2026-06-09,8,Peak,Dry,347,898,209,125,25
Bwaise Junction,2026-06-09,8,Peak,Dry,312,648,187,129,12
Bwaise Junction,2026-06-09,8,Peak,Wet (Rain),207,720,134,64,14
Bwaise Junction,2026-06-09,8,Peak,Dry,360,1062,232,173,14
Bwaise Junction,2026-06-09,9,Off-Peak,Dry,251,881,202,124,8
Bwaise Junction,2026-06-09,9,Off-Peak,Dry,303,856,191,103,8
Bwaise Junction,2026-06-09,9,Off-Peak,Wet (Rain),285,642,162,95,14
Bwaise Junction,2026-06-09,9,Off-Peak,Dry,374,1089,242,182,24
Bwaise Junction,2026-06-09,10,Off-Peak,Dry,120,262,67,58,6
Bwaise Junction,2026-06-09,10,Off-Peak,Dry,108,188,65,51,5
Bwaise Junction,2026-06-09,10,Off-Peak,Wet (Rain),134,384,65,42,10
Bwaise Junction,2026-06-09,10,Off-Peak,Dry,131,408,80,40,5
Bwaise Junction,2026-06-09,11,Off-Peak,Dry,170,522,111,70,4
Bwaise Junction,2026-06-09,11,Off-Peak,Wet (Rain),119,401,69,46,6
Bwaise Junction,2026-06-09,11,Off-Peak,Dry,121,345,95,59,7
Bwaise Junction,2026-06-09,11,Off-Peak,Wet (Rain),136,380,82,59,9
Bwaise Junction,2026-06-09,12,Off-Peak,Dry,119,300,63,39,9
Bwaise Junction,2026-06-09,12,Off-Peak,Dry,152,431,73,49,7
Bwaise Junction,2026-06-09,12,Off-Peak,Dry,129,380,82,62,9
Bwaise Junction,2026-06-09,12,Off-Peak,Wet (Rain),135,305,90,54,3
Bwaise Junction,2026-06-09,13,Off-Peak,Wet (Rain),96,263,60,37,6
Bwaise Junction,2026-06-09,13,Off-Peak,Dry,170,322,97,81,6
Bwaise Junction,2026-06-09,13,Off-Peak,Dry,153,399,66,60,8
Bwaise Junction,2026-06-09,13,Off-Peak,Dry,94,317,65,34,3
Bwaise Junction,2026-06-09,14,Off-Peak,Wet (Rain),113,324,60,48,8
Bwaise Junction,2026-06-09,14,Off-Peak,Dry,100,279,53,48,3
Bwaise Junction,2026-06-09,14,Off-Peak,Dry,98,232,54,40,5
Bwaise Junction,2026-06-09,14,Off-Peak,Dry,131,321,67,43,4
Bwaise Junction,2026-06-09,15,Off-Peak,Dry,105,300,58,41,5
Bwaise Junction,2026-06-09,15,Off-Peak,Dry,90,249,64,39,5
Bwaise Junction,2026-06-09,15,Off-Peak,Wet (Rain),73,237,57,28,2
Bwaise Junction,2026-06-09,15,Off-Peak,Dry,141,401,102,67,9
Bwaise Junction,2026-06-09,16,Peak,Wet (Rain),306,642,215,134,11
Bwaise Junction,2026-06-09,16,Peak,Dry,315,1237,242,99,17
Bwaise Junction,2026-06-09,16,Peak,Dry,369,1026,195,128,22
Bwaise Junction,2026-06-09,16,Peak,Dry,391,931,248,177,15
Bwaise Junction,2026-06-09,17,Peak,Wet (Rain),282,764,174,138,20
Bwaise Junction,2026-06-09,17,Peak,Wet (Rain),254,529,166,102,19
Bwaise Junction,2026-06-09,17,Peak,Wet (Rain),258,690,145,87,18
Bwaise Junction,2026-06-09,17,Peak,Dry,290,779,257,104,21
Bwaise Junction,2026-06-09,18,Peak,Wet (Rain),345,856,170,139,12
Bwaise Junction,2026-06-09,18,Peak,Dry,239,525,148,108,6
Bwaise Junction,2026-06-09,18,Peak,Dry,230,536,205,93,11
Bwaise Junction,2026-06-09,18,Peak,Dry,290,607,193,91,19
Bwaise Junction,2026-06-09,19,Off-Peak,Wet (Rain),253,912,193,92,17
Bwaise Junction,2026-06-09,19,Off-Peak,Dry,279,887,187,90,19
Bwaise Junction,2026-06-09,19,Off-Peak,Wet (Rain),270,896,152,114,12
Bwaise Junction,2026-06-09,19,Off-Peak,Wet (Rain),236,789,129,99,10
Bwaise Junction,2026-06-09,20,Off-Peak,Wet (Rain),119,283,61,43,8
Bwaise Junction,2026-06-09,20,Off-Peak,Dry,152,349,75,74,11
Bwaise Junction,2026-06-09,20,Off-Peak,Wet (Rain),110,195,54,51,7
Bwaise Junction,2026-06-09,20,Off-Peak,Wet (Rain),140,258,86,44,10
Bwaise Junction,2026-06-09,21,Off-Peak,Dry,133,311,69,47,3
Bwaise Junction,2026-06-09,21,Off-Peak,Dry,108,416,66,48,2
Bwaise Junction,2026-06-09,21,Off-Peak,Dry,96,206,70,33,3
Bwaise Junction,2026-06-09,21,Off-Peak,Wet (Rain),102,320,90,34,3
Bwaise Junction,2026-06-10,6,Off-Peak,Dry,172,481,92,80,5
Bwaise Junction,2026-06-10,6,Off-Peak,Dry,139,286,86,46,3
Bwaise Junction,2026-06-10,6,Off-Peak,Dry,121,293,63,38,8
Bwaise Junction,2026-06-10,6,Off-Peak,Dry,157,498,108,51,5
Bwaise Junction,2026-06-10,7,Peak,Dry,260,907,178,109,7
Bwaise Junction,2026-06-10,7,Peak,Dry,275,803,194,110,13
Bwaise Junction,2026-06-10,7,Peak,Dry,286,992,213,139,14
Bwaise Junction,2026-06-10,7,Peak,Dry,274,845,146,134,12
Bwaise Junction,2026-06-10,8,Peak,Dry,230,922,160,77,6
Bwaise Junction,2026-06-10,8,Peak,Dry,240,840,173,94,17
Bwaise Junction,2026-06-10,8,Peak,Dry,279,645,165,126,14
Bwaise Junction,2026-06-10,8,Peak,Dry,340,812,208,125,12
Bwaise Junction,2026-06-10,9,Off-Peak,Dry,234,668,200,75,12
Bwaise Junction,2026-06-10,9,Off-Peak,Dry,331,812,227,122,10
Bwaise Junction,2026-06-10,9,Off-Peak,Dry,287,676,196,135,12
Bwaise Junction,2026-06-10,9,Off-Peak,Dry,304,810,214,150,15
Bwaise Junction,2026-06-10,10,Off-Peak,Dry,97,374,69,40,4
Bwaise Junction,2026-06-10,10,Off-Peak,Dry,177,515,88,71,8
Bwaise Junction,2026-06-10,10,Off-Peak,Dry,156,396,86,62,8
Bwaise Junction,2026-06-10,10,Off-Peak,Dry,122,478,102,54,9
Bwaise Junction,2026-06-10,11,Off-Peak,Dry,109,352,63,50,4
Bwaise Junction,2026-06-10,11,Off-Peak,Dry,155,412,97,77,6
Bwaise Junction,2026-06-10,11,Off-Peak,Dry,126,365,75,37,6
Bwaise Junction,2026-06-10,11,Off-Peak,Dry,133,349,72,51,3
Bwaise Junction,2026-06-10,12,Off-Peak,Dry,175,314,109,86,8
Bwaise Junction,2026-06-10,12,Off-Peak,Dry,172,314,80,77,8
Bwaise Junction,2026-06-10,12,Off-Peak,Dry,112,267,61,41,6
Bwaise Junction,2026-06-10,12,Off-Peak,Dry,130,499,93,58,9
Bwaise Junction,2026-06-10,13,Off-Peak,Dry,123,245,79,53,6
Bwaise Junction,2026-06-10,13,Off-Peak,Dry,171,487,91,66,3
Bwaise Junction,2026-06-10,13,Off-Peak,Dry,117,300,66,38,7
Bwaise Junction,2026-06-10,13,Off-Peak,Dry,117,200,70,57,4
Bwaise Junction,2026-06-10,14,Off-Peak,Dry,118,305,86,39,4
Bwaise Junction,2026-06-10,14,Off-Peak,Dry,163,394,92,52,5
Bwaise Junction,2026-06-10,14,Off-Peak,Dry,171,270,96,82,10
Bwaise Junction,2026-06-10,14,Off-Peak,Dry,89,326,62,42,6
Bwaise Junction,2026-06-10,15,Off-Peak,Dry,147,313,89,71,5
Bwaise Junction,2026-06-10,15,Off-Peak,Dry,129,377,108,48,8
Bwaise Junction,2026-06-10,15,Off-Peak,Dry,89,250,75,42,5
Bwaise Junction,2026-06-10,15,Off-Peak,Dry,145,477,106,61,4
Bwaise Junction,2026-06-10,16,Peak,Dry,353,721,241,134,22
Bwaise Junction,2026-06-10,16,Peak,Dry,323,1025,216,152,7
Bwaise Junction,2026-06-10,16,Peak,Dry,387,974,242,169,30
Bwaise Junction,2026-06-10,16,Peak,Dry,356,744,205,107,16
Bwaise Junction,2026-06-10,17,Peak,Dry,405,758,243,159,21
Bwaise Junction,2026-06-10,17,Peak,Dry,278,802,159,101,21
Bwaise Junction,2026-06-10,17,Peak,Dry,298,1115,205,146,22
Bwaise Junction,2026-06-10,17,Peak,Dry,285,1072,227,112,17
Bwaise Junction,2026-06-10,18,Peak,Dry,249,579,202,121,14
Bwaise Junction,2026-06-10,18,Peak,Dry,342,947,158,139,14
Bwaise Junction,2026-06-10,18,Peak,Dry,377,1048,231,153,17
Bwaise Junction,2026-06-10,18,Peak,Dry,343,566,199,129,13
Bwaise Junction,2026-06-10,19,Off-Peak,Dry,303,1116,240,94,8
Bwaise Junction,2026-06-10,19,Off-Peak,Dry,295,817,179,118,13
Bwaise Junction,2026-06-10,19,Off-Peak,Dry,361,966,220,157,14
Bwaise Junction,2026-06-10,19,Off-Peak,Dry,343,991,178,107,24
Bwaise Junction,2026-06-10,20,Off-Peak,Dry,120,379,91,39,7
Bwaise Junction,2026-06-10,20,Off-Peak,Dry,174,395,84,60,6
Bwaise Junction,2026-06-10,20,Off-Peak,Dry,95,198,65,44,2
Bwaise Junction,2026-06-10,20,Off-Peak,Dry,155,402,101,52,12
Bwaise Junction,2026-06-10,21,Off-Peak,Dry,92,218,62,39,3
Bwaise Junction,2026-06-10,21,Off-Peak,Dry,141,413,85,49,4
Bwaise Junction,2026-06-10,21,Off-Peak,Dry,108,336,79,35,5
Bwaise Junction,2026-06-10,21,Off-Peak,Dry,164,430,98,63,10
Bwaise Junction,2026-06-11,6,Off-Peak,Dry,114,238,60,43,2
Bwaise Junction,2026-06-11,6,Off-Peak,Wet (Rain),95,223,41,30,3
Bwaise Junction,2026-06-11,6,Off-Peak,Wet (Rain),102,280,63,38,4
Bwaise Junction,2026-06-11,6,Off-Peak,Wet (Rain),73,247,63,34,3
Bwaise Junction,2026-06-11,7,Peak,Dry,260,821,158,105,13
Bwaise Junction,2026-06-11,7,Peak,Dry,341,1115,250,133,12
Bwaise Junction,2026-06-11,7,Peak,Dry,286,779,165,88,15
Bwaise Junction,2026-06-11,7,Peak,Wet (Rain),215,665,131,68,4
Bwaise Junction,2026-06-11,8,Peak,Dry,381,1082,199,141,15
Bwaise Junction,2026-06-11,8,Peak,Wet (Rain),230,604,122,87,9
Bwaise Junction,2026-06-11,8,Peak,Wet (Rain),226,733,138,89,4
Bwaise Junction,2026-06-11,8,Peak,Dry,342,657,178,140,17
Bwaise Junction,2026-06-11,9,Off-Peak,Dry,325,1039,201,102,12
Bwaise Junction,2026-06-11,9,Off-Peak,Wet (Rain),285,863,154,117,7
Bwaise Junction,2026-06-11,9,Off-Peak,Dry,300,1064,212,121,21
Bwaise Junction,2026-06-11,9,Off-Peak,Wet (Rain),218,495,191,67,5
Bwaise Junction,2026-06-11,10,Off-Peak,Wet (Rain),145,399,95,59,4
Bwaise Junction,2026-06-11,10,Off-Peak,Dry,171,360,79,75,11
Bwaise Junction,2026-06-11,10,Off-Peak,Dry,128,377,60,58,5
Bwaise Junction,2026-06-11,10,Off-Peak,Wet (Rain),120,291,86,56,3
Bwaise Junction,2026-06-11,11,Off-Peak,Wet (Rain),96,302,50,43,5
Bwaise Junction,2026-06-11,11,Off-Peak,Dry,108,403,96,36,4
Bwaise Junction,2026-06-11,11,Off-Peak,Wet (Rain),94,182,62,44,2
Bwaise Junction,2026-06-11,11,Off-Peak,Wet (Rain),77,165,59,28,2
Bwaise Junction,2026-06-11,12,Off-Peak,Wet (Rain),119,356,57,45,2
Bwaise Junction,2026-06-11,12,Off-Peak,Wet (Rain),137,225,64,68,5
Bwaise Junction,2026-06-11,12,Off-Peak,Dry,162,373,88,71,4
Bwaise Junction,2026-06-11,12,Off-Peak,Dry,151,259,92,49,9
Bwaise Junction,2026-06-11,13,Off-Peak,Dry,105,327,55,49,6
Bwaise Junction,2026-06-11,13,Off-Peak,Dry,103,254,64,43,4
Bwaise Junction,2026-06-11,13,Off-Peak,Wet (Rain),110,303,72,51,2
Bwaise Junction,2026-06-11,13,Off-Peak,Dry,133,465,103,53,4
Bwaise Junction,2026-06-11,14,Off-Peak,Dry,96,297,64,45,5
Bwaise Junction,2026-06-11,14,Off-Peak,Wet (Rain),112,352,89,42,3
Bwaise Junction,2026-06-11,14,Off-Peak,Wet (Rain),99,390,63,41,7
Bwaise Junction,2026-06-11,14,Off-Peak,Dry,117,319,61,37,4
Bwaise Junction,2026-06-11,15,Off-Peak,Wet (Rain),103,227,75,43,4
Bwaise Junction,2026-06-11,15,Off-Peak,Dry,134,413,70,64,4
Bwaise Junction,2026-06-11,15,Off-Peak,Wet (Rain),83,160,54,25,1
Bwaise Junction,2026-06-11,15,Off-Peak,Wet (Rain),116,438,87,43,7
Bwaise Junction,2026-06-11,16,Peak,Dry,331,914,230,133,8
Bwaise Junction,2026-06-11,16,Peak,Dry,358,937,225,143,11
Bwaise Junction,2026-06-11,16,Peak,Dry,266,1092,191,107,14
Bwaise Junction,2026-06-11,16,Peak,Wet (Rain),247,912,206,76,13
Bwaise Junction,2026-06-11,17,Peak,Wet (Rain),272,590,153,110,9
Bwaise Junction,2026-06-11,17,Peak,Wet (Rain),275,749,199,122,21
Bwaise Junction,2026-06-11,17,Peak,Wet (Rain),278,700,180,105,7
Bwaise Junction,2026-06-11,17,Peak,Wet (Rain),208,690,148,98,11
Bwaise Junction,2026-06-11,18,Peak,Wet (Rain),318,811,166,105,19
Bwaise Junction,2026-06-11,18,Peak,Dry,381,1155,254,137,26
Bwaise Junction,2026-06-11,18,Peak,Dry,263,564,173,109,10
Bwaise Junction,2026-06-11,18,Peak,Dry,287,868,169,105,22
Bwaise Junction,2026-06-11,19,Off-Peak,Dry,330,1040,256,119,11
Bwaise Junction,2026-06-11,19,Off-Peak,Dry,272,1097,246,101,7
Bwaise Junction,2026-06-11,19,Off-Peak,Dry,321,1000,216,127,17
Bwaise Junction,2026-06-11,19,Off-Peak,Dry,340,768,168,157,12
Bwaise Junction,2026-06-11,20,Off-Peak,Dry,122,431,99,38,6
Bwaise Junction,2026-06-11,20,Off-Peak,Dry,141,392,98,57,9
Bwaise Junction,2026-06-11,20,Off-Peak,Dry,183,384,88,83,6
Bwaise Junction,2026-06-11,20,Off-Peak,Wet (Rain),73,206,60,23,5
Bwaise Junction,2026-06-11,21,Off-Peak,Dry,142,359,66,49,5
Bwaise Junction,2026-06-11,21,Off-Peak,Dry,96,204,73,45,5
Bwaise Junction,2026-06-11,21,Off-Peak,Wet (Rain),143,451,77,71,5
Bwaise Junction,2026-06-11,21,Off-Peak,Dry,123,252,54,46,8
Bwaise Junction,2026-06-12,6,Off-Peak,Dry,97,214,66,30,3
Bwaise Junction,2026-06-12,6,Off-Peak,Dry,109,317,91,45,8
Bwaise Junction,2026-06-12,6,Off-Peak,Dry,92,226,50,44,7
Bwaise Junction,2026-06-12,6,Off-Peak,Dry,116,457,105,43,6
Bwaise Junction,2026-06-12,7,Peak,Dry,272,1103,235,134,8
Bwaise Junction,2026-06-12,7,Peak,Dry,250,796,221,84,7
Bwaise Junction,2026-06-12,7,Peak,Dry,352,1095,189,106,17
Bwaise Junction,2026-06-12,7,Peak,Dry,288,894,231,110,9
Bwaise Junction,2026-06-12,8,Peak,Dry,272,982,213,88,7
Bwaise Junction,2026-06-12,8,Peak,Dry,279,762,160,99,6
Bwaise Junction,2026-06-12,8,Peak,Dry,310,796,179,127,12
Bwaise Junction,2026-06-12,8,Peak,Dry,365,1032,224,152,17
Bwaise Junction,2026-06-12,9,Off-Peak,Dry,343,1118,254,159,20
Bwaise Junction,2026-06-12,9,Off-Peak,Dry,366,645,166,128,26
Bwaise Junction,2026-06-12,9,Off-Peak,Dry,356,1116,167,153,19
Bwaise Junction,2026-06-12,9,Off-Peak,Dry,298,878,159,89,18
Bwaise Junction,2026-06-12,10,Off-Peak,Dry,132,314,77,45,6
Bwaise Junction,2026-06-12,10,Off-Peak,Dry,100,240,71,43,6
Bwaise Junction,2026-06-12,10,Off-Peak,Dry,145,413,100,56,3
Bwaise Junction,2026-06-12,10,Off-Peak,Dry,133,302,66,56,5
Bwaise Junction,2026-06-12,11,Off-Peak,Dry,108,398,94,35,3
Bwaise Junction,2026-06-12,11,Off-Peak,Dry,122,277,60,40,8
Bwaise Junction,2026-06-12,11,Off-Peak,Dry,135,343,89,59,6
Bwaise Junction,2026-06-12,11,Off-Peak,Dry,99,232,62,47,4
Bwaise Junction,2026-06-12,12,Off-Peak,Dry,108,347,68,33,3
Bwaise Junction,2026-06-12,12,Off-Peak,Dry,181,364,114,64,8
Bwaise Junction,2026-06-12,12,Off-Peak,Dry,101,312,57,32,6
Bwaise Junction,2026-06-12,12,Off-Peak,Dry,125,435,101,47,2
Bwaise Junction,2026-06-12,13,Off-Peak,Dry,124,247,73,44,9
Bwaise Junction,2026-06-12,13,Off-Peak,Dry,138,468,93,56,5
Bwaise Junction,2026-06-12,13,Off-Peak,Dry,121,287,82,39,3
Bwaise Junction,2026-06-12,13,Off-Peak,Dry,99,401,74,32,3
Bwaise Junction,2026-06-12,14,Off-Peak,Dry,140,398,79,56,5
Bwaise Junction,2026-06-12,14,Off-Peak,Dry,92,331,67,28,2
Bwaise Junction,2026-06-12,14,Off-Peak,Dry,164,402,92,71,6
Bwaise Junction,2026-06-12,14,Off-Peak,Dry,94,329,71,41,4
Bwaise Junction,2026-06-12,15,Off-Peak,Dry,91,206,56,36,6
Bwaise Junction,2026-06-12,15,Off-Peak,Dry,85,257,64,29,6
Bwaise Junction,2026-06-12,15,Off-Peak,Dry,129,342,92,48,3
Bwaise Junction,2026-06-12,15,Off-Peak,Dry,144,382,69,71,9
Bwaise Junction,2026-06-12,16,Peak,Dry,402,839,207,155,21
Bwaise Junction,2026-06-12,16,Peak,Dry,249,753,204,81,18
Bwaise Junction,2026-06-12,16,Peak,Dry,255,576,167,91,8
Bwaise Junction,2026-06-12,16,Peak,Dry,327,901,196,135,25
Bwaise Junction,2026-06-12,17,Peak,Dry,310,707,227,100,10
Bwaise Junction,2026-06-12,17,Peak,Dry,421,1043,249,128,30
Bwaise Junction,2026-06-12,17,Peak,Dry,330,567,177,131,12
Bwaise Junction,2026-06-12,17,Peak,Dry,320,777,158,103,15
Bwaise Junction,2026-06-12,18,Peak,Dry,422,1108,205,175,19
Bwaise Junction,2026-06-12,18,Peak,Dry,292,826,217,87,17
Bwaise Junction,2026-06-12,18,Peak,Dry,271,969,164,102,9
Bwaise Junction,2026-06-12,18,Peak,Dry,314,613,186,103,15
Bwaise Junction,2026-06-12,19,Off-Peak,Dry,285,1072,217,122,18
Bwaise Junction,2026-06-12,19,Off-Peak,Dry,346,839,197,172,25
Bwaise Junction,2026-06-12,19,Off-Peak,Dry,298,541,200,105,23
Bwaise Junction,2026-06-12,19,Off-Peak,Dry,375,1037,248,141,19
Bwaise Junction,2026-06-12,20,Off-Peak,Dry,142,391,87,65,4
Bwaise Junction,2026-06-12,20,Off-Peak,Dry,122,433,88,47,2
Bwaise Junction,2026-06-12,20,Off-Peak,Dry,89,181,53,41,2
Bwaise Junction,2026-06-12,20,Off-Peak,Dry,124,289,91,39,8
Bwaise Junction,2026-06-12,21,Off-Peak,Dry,74,223,55,30,1
Bwaise Junction,2026-06-12,21,Off-Peak,Dry,171,310,82,65,6
Bwaise Junction,2026-06-12,21,Off-Peak,Dry,187,387,102,81,5
Bwaise Junction,2026-06-12,21,Off-Peak,Dry,128,371,83,48,8
Bwaise Junction,2026-06-13,6,Off-Peak,Dry,83,257,51,30,3
Bwaise Junction,2026-06-13,6,Off-Peak,Dry,110,213,54,38,5
Bwaise Junction,2026-06-13,6,Off-Peak,Dry,138,284,83,60,11
Bwaise Junction,2026-06-13,6,Off-Peak,Dry,159,332,107,62,3
Bwaise Junction,2026-06-13,7,Peak,Dry,293,831,197,146,21
Bwaise Junction,2026-06-13,7,Peak,Dry,422,897,214,153,21
Bwaise Junction,2026-06-13,7,Peak,Dry,328,781,181,138,14
Bwaise Junction,2026-06-13,7,Peak,Dry,291,973,222,110,16
Bwaise Junction,2026-06-13,8,Peak,Dry,346,817,175,127,16
Bwaise Junction,2026-06-13,8,Peak,Dry,359,1010,226,108,26
Bwaise Junction,2026-06-13,8,Peak,Dry,345,633,213,162,25
Bwaise Junction,2026-06-13,8,Peak,Dry,343,849,242,161,16
Bwaise Junction,2026-06-13,9,Off-Peak,Dry,292,890,201,101,19
Bwaise Junction,2026-06-13,9,Off-Peak,Dry,304,961,169,111,18
Bwaise Junction,2026-06-13,9,Off-Peak,Dry,290,920,231,122,18
Bwaise Junction,2026-06-13,9,Off-Peak,Dry,337,774,199,150,14
Bwaise Junction,2026-06-13,10,Off-Peak,Dry,153,366,76,71,3
Bwaise Junction,2026-06-13,10,Off-Peak,Dry,92,357,55,40,5
Bwaise Junction,2026-06-13,10,Off-Peak,Dry,146,436,74,63,5
Bwaise Junction,2026-06-13,10,Off-Peak,Dry,118,305,62,58,4
Bwaise Junction,2026-06-13,11,Off-Peak,Dry,115,364,74,49,3
Bwaise Junction,2026-06-13,11,Off-Peak,Dry,92,180,59,32,2
Bwaise Junction,2026-06-13,11,Off-Peak,Dry,99,314,65,47,6
Bwaise Junction,2026-06-13,11,Off-Peak,Dry,103,181,50,50,3
Bwaise Junction,2026-06-13,12,Off-Peak,Dry,132,474,100,65,8
Bwaise Junction,2026-06-13,12,Off-Peak,Dry,165,337,101,66,12
Bwaise Junction,2026-06-13,12,Off-Peak,Dry,94,259,51,35,2
Bwaise Junction,2026-06-13,12,Off-Peak,Dry,130,359,97,60,9
Bwaise Junction,2026-06-13,13,Off-Peak,Dry,84,300,63,25,5
Bwaise Junction,2026-06-13,13,Off-Peak,Dry,112,295,82,45,7
Bwaise Junction,2026-06-13,13,Off-Peak,Dry,175,443,115,71,10
Bwaise Junction,2026-06-13,13,Off-Peak,Dry,158,313,110,68,5
Bwaise Junction,2026-06-13,14,Off-Peak,Dry,130,428,93,58,3
Bwaise Junction,2026-06-13,14,Off-Peak,Dry,141,262,85,51,5
Bwaise Junction,2026-06-13,14,Off-Peak,Dry,118,307,102,51,7
Bwaise Junction,2026-06-13,14,Off-Peak,Dry,130,396,70,63,7
Bwaise Junction,2026-06-13,15,Off-Peak,Dry,144,340,92,54,11
Bwaise Junction,2026-06-13,15,Off-Peak,Dry,163,337,108,52,5
Bwaise Junction,2026-06-13,15,Off-Peak,Dry,140,481,86,53,3
Bwaise Junction,2026-06-13,15,Off-Peak,Dry,134,379,69,60,9
Bwaise Junction,2026-06-13,16,Peak,Dry,263,794,193,102,14
Bwaise Junction,2026-06-13,16,Peak,Dry,326,1003,252,119,23
Bwaise Junction,2026-06-13,16,Peak,Dry,360,817,192,125,14
Bwaise Junction,2026-06-13,16,Peak,Dry,383,835,204,158,16
Bwaise Junction,2026-06-13,17,Peak,Dry,315,1020,167,103,7
Bwaise Junction,2026-06-13,17,Peak,Dry,238,986,202,108,9
Bwaise Junction,2026-06-13,17,Peak,Dry,319,984,192,99,24
Bwaise Junction,2026-06-13,17,Peak,Dry,264,936,167,106,18
Bwaise Junction,2026-06-13,18,Peak,Dry,269,625,160,116,14
Bwaise Junction,2026-06-13,18,Peak,Dry,228,932,195,78,14
Bwaise Junction,2026-06-13,18,Peak,Dry,335,865,163,135,19
Bwaise Junction,2026-06-13,18,Peak,Dry,370,637,182,171,29
Bwaise Junction,2026-06-13,19,Off-Peak,Dry,328,795,193,99,10
Bwaise Junction,2026-06-13,19,Off-Peak,Dry,320,1055,224,150,20
Bwaise Junction,2026-06-13,19,Off-Peak,Dry,257,906,203,115,17
Bwaise Junction,2026-06-13,19,Off-Peak,Dry,379,727,256,129,10
Bwaise Junction,2026-06-13,20,Off-Peak,Dry,149,281,99,62,3
Bwaise Junction,2026-06-13,20,Off-Peak,Dry,119,352,72,47,4
Bwaise Junction,2026-06-13,20,Off-Peak,Dry,155,291,96,55,6
Bwaise Junction,2026-06-13,20,Off-Peak,Dry,113,311,70,52,6
Bwaise Junction,2026-06-13,21,Off-Peak,Dry,138,250,84,57,7
Bwaise Junction,2026-06-13,21,Off-Peak,Dry,141,359,76,56,7
Bwaise Junction,2026-06-13,21,Off-Peak,Dry,128,327,62,50,6
Bwaise Junction,2026-06-13,21,Off-Peak,Dry,126,423,102,48,3
Bwaise Junction,2026-06-14,6,Off-Peak,Dry,135,365,66,55,5
Bwaise Junction,2026-06-14,6,Off-Peak,Dry,152,358,110,47,9
Bwaise Junction,2026-06-14,6,Off-Peak,Dry,131,355,67,46,6
Bwaise Junction,2026-06-14,6,Off-Peak,Dry,101,374,63,44,6
Bwaise Junction,2026-06-14,7,Peak,Dry,353,862,204,118,19
Bwaise Junction,2026-06-14,7,Peak,Dry,298,692,212,119,18
Bwaise Junction,2026-06-14,7,Peak,Dry,290,863,234,139,20
Bwaise Junction,2026-06-14,7,Peak,Dry,259,753,183,102,11
Bwaise Junction,2026-06-14,8,Peak,Dry,295,1231,264,117,23
Bwaise Junction,2026-06-14,8,Peak,Dry,317,677,169,144,11
Bwaise Junction,2026-06-14,8,Peak,Dry,383,1036,223,140,13
Bwaise Junction,2026-06-14,8,Peak,Dry,356,893,196,115,27
Bwaise Junction,2026-06-14,9,Off-Peak,Dry,265,551,206,128,11
Bwaise Junction,2026-06-14,9,Off-Peak,Dry,266,734,204,128,9
Bwaise Junction,2026-06-14,9,Off-Peak,Dry,288,754,252,134,22
Bwaise Junction,2026-06-14,9,Off-Peak,Dry,268,562,161,131,17
Bwaise Junction,2026-06-14,10,Off-Peak,Dry,148,378,69,56,9
Bwaise Junction,2026-06-14,10,Off-Peak,Dry,87,276,51,39,3
Bwaise Junction,2026-06-14,10,Off-Peak,Dry,133,350,98,42,6
Bwaise Junction,2026-06-14,10,Off-Peak,Dry,90,276,46,30,3
Bwaise Junction,2026-06-14,11,Off-Peak,Dry,114,237,73,40,8
Bwaise Junction,2026-06-14,11,Off-Peak,Dry,140,297,92,54,3
Bwaise Junction,2026-06-14,11,Off-Peak,Dry,102,225,63,36,6
Bwaise Junction,2026-06-14,11,Off-Peak,Dry,148,318,75,66,8
Bwaise Junction,2026-06-14,12,Off-Peak,Dry,147,397,110,57,7
Bwaise Junction,2026-06-14,12,Off-Peak,Dry,98,314,61,46,6
Bwaise Junction,2026-06-14,12,Off-Peak,Dry,96,191,57,47,3
Bwaise Junction,2026-06-14,12,Off-Peak,Dry,141,353,87,57,5
Bwaise Junction,2026-06-14,13,Off-Peak,Dry,80,250,71,25,4
Bwaise Junction,2026-06-14,13,Off-Peak,Dry,85,232,64,33,5
Bwaise Junction,2026-06-14,13,Off-Peak,Dry,133,377,75,56,9
Bwaise Junction,2026-06-14,13,Off-Peak,Dry,177,405,77,86,10
Bwaise Junction,2026-06-14,14,Off-Peak,Dry,79,280,49,38,2
Bwaise Junction,2026-06-14,14,Off-Peak,Dry,138,379,66,59,8
Bwaise Junction,2026-06-14,14,Off-Peak,Dry,90,206,69,32,6
Bwaise Junction,2026-06-14,14,Off-Peak,Dry,110,302,81,41,5
Bwaise Junction,2026-06-14,15,Off-Peak,Dry,126,316,70,40,6
Bwaise Junction,2026-06-14,15,Off-Peak,Dry,122,345,93,51,2
Bwaise Junction,2026-06-14,15,Off-Peak,Dry,161,306,81,69,12
Bwaise Junction,2026-06-14,15,Off-Peak,Dry,119,313,68,41,5
Bwaise Junction,2026-06-14,16,Peak,Dry,335,832,221,111,24
Bwaise Junction,2026-06-14,16,Peak,Dry,243,803,204,98,6
Bwaise Junction,2026-06-14,16,Peak,Dry,348,722,211,143,11
Bwaise Junction,2026-06-14,16,Peak,Dry,308,768,170,130,23
Bwaise Junction,2026-06-14,17,Peak,Dry,293,665,160,132,10
Bwaise Junction,2026-06-14,17,Peak,Dry,314,531,166,155,13
Bwaise Junction,2026-06-14,17,Peak,Dry,242,786,169,101,19
Bwaise Junction,2026-06-14,17,Peak,Dry,256,562,198,92,11
Bwaise Junction,2026-06-14,18,Peak,Dry,241,639,191,106,4
Bwaise Junction,2026-06-14,18,Peak,Dry,296,621,157,109,11
Bwaise Junction,2026-06-14,18,Peak,Dry,337,925,175,137,19
Bwaise Junction,2026-06-14,18,Peak,Dry,330,817,170,143,20
Bwaise Junction,2026-06-14,19,Off-Peak,Dry,363,969,188,151,9
Bwaise Junction,2026-06-14,19,Off-Peak,Dry,306,780,179,109,17
Bwaise Junction,2026-06-14,19,Off-Peak,Dry,240,622,166,80,19
Bwaise Junction,2026-06-14,19,Off-Peak,Dry,367,776,204,114,19
Bwaise Junction,2026-06-14,20,Off-Peak,Dry,144,312,93,62,8
Bwaise Junction,2026-06-14,20,Off-Peak,Dry,86,331,67,39,6
Bwaise Junction,2026-06-14,20,Off-Peak,Dry,174,328,78,74,13
Bwaise Junction,2026-06-14,20,Off-Peak,Dry,153,382,84,67,6
Bwaise Junction,2026-06-14,21,Off-Peak,Dry,164,342,89,72,5
Bwaise Junction,2026-06-14,21,Off-Peak,Dry,107,209,60,41,7
Bwaise Junction,2026-06-14,21,Off-Peak,Dry,104,224,68,41,6
Bwaise Junction,2026-06-14,21,Off-Peak,Dry,91,332,68,27,4
Bwaise Junction,2026-06-15,6,Off-Peak,Dry,144,350,94,61,4
Bwaise Junction,2026-06-15,6,Off-Peak,Dry,113,271,70,38,8
Bwaise Junction,2026-06-15,6,Off-Peak,Dry,136,544,83,53,4
Bwaise Junction,2026-06-15,6,Off-Peak,Dry,79,253,51,25,6
Bwaise Junction,2026-06-15,7,Peak,Dry,235,983,199,113,14
Bwaise Junction,2026-06-15,7,Peak,Dry,326,1189,245,144,22
Bwaise Junction,2026-06-15,7,Peak,Dry,311,681,205,131,21
Bwaise Junction,2026-06-15,7,Peak,Dry,336,573,198,101,16
Bwaise Junction,2026-06-15,8,Peak,Dry,274,841,175,111,21
Bwaise Junction,2026-06-15,8,Peak,Dry,349,758,217,167,15
Bwaise Junction,2026-06-15,8,Peak,Dry,342,965,206,157,11
Bwaise Junction,2026-06-15,8,Peak,Dry,283,560,177,117,5
Bwaise Junction,2026-06-15,9,Off-Peak,Dry,413,1138,252,174,18
Bwaise Junction,2026-06-15,9,Off-Peak,Dry,319,777,187,138,7
Bwaise Junction,2026-06-15,9,Off-Peak,Dry,380,1126,175,164,8
Bwaise Junction,2026-06-15,9,Off-Peak,Dry,291,894,204,98,20
Bwaise Junction,2026-06-15,10,Off-Peak,Dry,117,365,89,37,6
Bwaise Junction,2026-06-15,10,Off-Peak,Dry,80,243,55,27,3
Bwaise Junction,2026-06-15,10,Off-Peak,Dry,114,310,69,34,6
Bwaise Junction,2026-06-15,10,Off-Peak,Dry,152,431,113,58,11
Bwaise Junction,2026-06-15,11,Off-Peak,Dry,162,403,91,66,4
Bwaise Junction,2026-06-15,11,Off-Peak,Dry,135,390,87,59,7
Bwaise Junction,2026-06-15,11,Off-Peak,Dry,147,408,99,62,6
Bwaise Junction,2026-06-15,11,Off-Peak,Dry,85,316,54,28,3
Bwaise Junction,2026-06-15,12,Off-Peak,Dry,127,386,83,63,3
Bwaise Junction,2026-06-15,12,Off-Peak,Dry,123,258,83,46,5
Bwaise Junction,2026-06-15,12,Off-Peak,Dry,161,297,104,64,3
Bwaise Junction,2026-06-15,12,Off-Peak,Dry,83,299,52,25,5
Bwaise Junction,2026-06-15,13,Off-Peak,Dry,105,307,63,50,5
Bwaise Junction,2026-06-15,13,Off-Peak,Dry,135,463,88,45,9
Bwaise Junction,2026-06-15,13,Off-Peak,Dry,111,207,65,52,4
Bwaise Junction,2026-06-15,13,Off-Peak,Dry,173,308,112,82,9
Bwaise Junction,2026-06-15,14,Off-Peak,Dry,183,358,82,90,14
Bwaise Junction,2026-06-15,14,Off-Peak,Dry,86,284,67,41,3
Bwaise Junction,2026-06-15,14,Off-Peak,Dry,108,332,77,48,3
Bwaise Junction,2026-06-15,14,Off-Peak,Dry,147,340,72,67,7
Bwaise Junction,2026-06-15,15,Off-Peak,Dry,118,303,69,36,6
Bwaise Junction,2026-06-15,15,Off-Peak,Dry,141,316,88,43,3
Bwaise Junction,2026-06-15,15,Off-Peak,Dry,167,488,106,63,4
Bwaise Junction,2026-06-15,15,Off-Peak,Dry,81,188,57,29,3
Bwaise Junction,2026-06-15,16,Peak,Dry,265,620,203,121,13
Bwaise Junction,2026-06-15,16,Peak,Dry,282,669,225,113,22
Bwaise Junction,2026-06-15,16,Peak,Dry,258,847,158,88,5
Bwaise Junction,2026-06-15,16,Peak,Dry,268,833,192,105,15
Bwaise Junction,2026-06-15,17,Peak,Dry,293,969,177,140,17
Bwaise Junction,2026-06-15,17,Peak,Dry,348,842,166,107,10
Bwaise Junction,2026-06-15,17,Peak,Dry,258,654,148,121,7
Bwaise Junction,2026-06-15,17,Peak,Dry,342,1129,237,104,16
Bwaise Junction,2026-06-15,18,Peak,Dry,306,841,181,98,24
Bwaise Junction,2026-06-15,18,Peak,Dry,274,880,220,124,20
Bwaise Junction,2026-06-15,18,Peak,Dry,399,1175,183,147,19
Bwaise Junction,2026-06-15,18,Peak,Dry,277,1052,225,83,14
Bwaise Junction,2026-06-15,19,Off-Peak,Dry,281,602,217,103,8
Bwaise Junction,2026-06-15,19,Off-Peak,Dry,377,680,187,154,9
Bwaise Junction,2026-06-15,19,Off-Peak,Dry,312,908,170,142,23
Bwaise Junction,2026-06-15,19,Off-Peak,Dry,303,816,210,101,14
Bwaise Junction,2026-06-15,20,Off-Peak,Dry,121,440,75,55,6
Bwaise Junction,2026-06-15,20,Off-Peak,Dry,133,436,69,64,5
Bwaise Junction,2026-06-15,20,Off-Peak,Dry,123,361,54,40,8
Bwaise Junction,2026-06-15,20,Off-Peak,Dry,115,299,69,38,4
Bwaise Junction,2026-06-15,21,Off-Peak,Dry,121,325,80,43,8
Bwaise Junction,2026-06-15,21,Off-Peak,Dry,159,430,98,54,6
Bwaise Junction,2026-06-15,21,Off-Peak,Dry,106,233,59,31,5
Bwaise Junction,2026-06-15,21,Off-Peak,Dry,94,303,81,29,6
Bwaise Junction,2026-06-16,6,Off-Peak,Dry,141,444,76,45,3
Bwaise Junction,2026-06-16,6,Off-Peak,Dry,141,451,93,67,10
Bwaise Junction,2026-06-16,6,Off-Peak,Dry,111,443,71,35,7
Bwaise Junction,2026-06-16,6,Off-Peak,Dry,93,177,67,28,5
Bwaise Junction,2026-06-16,7,Peak,Dry,275,1130,231,106,13
Bwaise Junction,2026-06-16,7,Peak,Dry,236,726,187,96,5
Bwaise Junction,2026-06-16,7,Peak,Dry,423,696,200,174,30
Bwaise Junction,2026-06-16,7,Peak,Dry,372,945,249,173,23
Bwaise Junction,2026-06-16,8,Peak,Dry,373,727,204,179,9
Bwaise Junction,2026-06-16,8,Peak,Dry,298,834,140,103,18
Bwaise Junction,2026-06-16,8,Peak,Dry,362,982,214,149,19
Bwaise Junction,2026-06-16,8,Peak,Dry,352,938,226,171,20
Bwaise Junction,2026-06-16,9,Off-Peak,Dry,332,728,180,153,16
Bwaise Junction,2026-06-16,9,Off-Peak,Dry,327,974,182,103,21
Bwaise Junction,2026-06-16,9,Off-Peak,Dry,340,980,199,140,26
Bwaise Junction,2026-06-16,9,Off-Peak,Dry,377,1040,238,156,17
Bwaise Junction,2026-06-16,10,Off-Peak,Dry,97,306,63,47,4
Bwaise Junction,2026-06-16,10,Off-Peak,Dry,102,361,81,49,6
Bwaise Junction,2026-06-16,10,Off-Peak,Dry,188,369,101,88,4
Bwaise Junction,2026-06-16,10,Off-Peak,Dry,131,330,73,53,8
Bwaise Junction,2026-06-16,11,Off-Peak,Dry,157,323,96,67,5
Bwaise Junction,2026-06-16,11,Off-Peak,Dry,135,360,71,67,9
Bwaise Junction,2026-06-16,11,Off-Peak,Dry,111,424,92,44,2
Bwaise Junction,2026-06-16,11,Off-Peak,Dry,181,398,113,86,10
Bwaise Junction,2026-06-16,12,Off-Peak,Dry,140,323,90,58,6
Bwaise Junction,2026-06-16,12,Off-Peak,Dry,110,219,66,35,5
Bwaise Junction,2026-06-16,12,Off-Peak,Dry,106,375,70,46,3
Bwaise Junction,2026-06-16,12,Off-Peak,Dry,129,267,60,50,3
Bwaise Junction,2026-06-16,13,Off-Peak,Dry,152,389,86,52,3
Bwaise Junction,2026-06-16,13,Off-Peak,Dry,95,240,67,29,2
Bwaise Junction,2026-06-16,13,Off-Peak,Dry,85,264,60,26,3
Bwaise Junction,2026-06-16,13,Off-Peak,Dry,128,374,60,48,5
Bwaise Junction,2026-06-16,14,Off-Peak,Dry,122,413,88,47,3
Bwaise Junction,2026-06-16,14,Off-Peak,Dry,165,546,103,51,4
Bwaise Junction,2026-06-16,14,Off-Peak,Dry,129,501,89,40,9
Bwaise Junction,2026-06-16,14,Off-Peak,Dry,81,271,56,28,1
Bwaise Junction,2026-06-16,15,Off-Peak,Dry,125,289,60,38,3
Bwaise Junction,2026-06-16,15,Off-Peak,Dry,156,345,104,52,4
Bwaise Junction,2026-06-16,15,Off-Peak,Dry,108,428,80,35,2
Bwaise Junction,2026-06-16,15,Off-Peak,Dry,127,315,80,44,8
Bwaise Junction,2026-06-16,16,Peak,Dry,356,1052,165,108,17
Bwaise Junction,2026-06-16,16,Peak,Dry,268,960,196,96,18
Bwaise Junction,2026-06-16,16,Peak,Dry,380,1136,193,119,18
Bwaise Junction,2026-06-16,16,Peak,Dry,350,740,180,116,18
Bwaise Junction,2026-06-16,17,Peak,Dry,338,1006,193,108,15
Bwaise Junction,2026-06-16,17,Peak,Dry,336,1062,242,124,9
Bwaise Junction,2026-06-16,17,Peak,Dry,322,707,210,109,13
Bwaise Junction,2026-06-16,17,Peak,Dry,323,684,199,116,15
Bwaise Junction,2026-06-16,18,Peak,Dry,337,912,244,130,18
Bwaise Junction,2026-06-16,18,Peak,Dry,265,596,185,98,9
Bwaise Junction,2026-06-16,18,Peak,Dry,378,1102,213,172,12
Bwaise Junction,2026-06-16,18,Peak,Dry,373,695,228,142,12
Bwaise Junction,2026-06-16,19,Off-Peak,Dry,344,851,220,113,12
Bwaise Junction,2026-06-16,19,Off-Peak,Dry,393,1032,232,154,22
Bwaise Junction,2026-06-16,19,Off-Peak,Dry,330,1032,226,114,13
Bwaise Junction,2026-06-16,19,Off-Peak,Dry,330,709,180,161,11
Bwaise Junction,2026-06-16,20,Off-Peak,Dry,114,252,70,36,3
Bwaise Junction,2026-06-16,20,Off-Peak,Dry,157,424,102,57,9
Bwaise Junction,2026-06-16,20,Off-Peak,Dry,142,399,81,54,5
Bwaise Junction,2026-06-16,20,Off-Peak,Dry,125,347,78,57,2
Bwaise Junction,2026-06-16,21,Off-Peak,Dry,150,396,92,68,5
Bwaise Junction,2026-06-16,21,Off-Peak,Dry,122,380,94,41,5
Bwaise Junction,2026-06-16,21,Off-Peak,Dry,131,368,85,56,7
Bwaise Junction,2026-06-16,21,Off-Peak,Dry,136,423,100,62,4
Bwaise Junction,2026-06-17,6,Off-Peak,Dry,103,411,65,46,7
Bwaise Junction,2026-06-17,6,Off-Peak,Dry,118,312,61,44,6
Bwaise Junction,2026-06-17,6,Off-Peak,Dry,87,279,62,26,1
Bwaise Junction,2026-06-17,6,Off-Peak,Dry,148,423,81,57,7
Bwaise Junction,2026-06-17,7,Peak,Dry,331,1037,215,156,15
Bwaise Junction,2026-06-17,7,Peak,Dry,368,984,243,153,18
Bwaise Junction,2026-06-17,7,Peak,Dry,346,630,168,145,19
Bwaise Junction,2026-06-17,7,Peak,Dry,294,550,168,103,21
Bwaise Junction,2026-06-17,8,Peak,Dry,316,911,163,143,22
Bwaise Junction,2026-06-17,8,Peak,Dry,317,621,210,118,14
Bwaise Junction,2026-06-17,8,Peak,Dry,322,709,233,120,18
Bwaise Junction,2026-06-17,8,Peak,Dry,347,1115,236,168,22
Bwaise Junction,2026-06-17,9,Off-Peak,Dry,230,889,208,79,11
Bwaise Junction,2026-06-17,9,Off-Peak,Dry,306,1006,149,126,7
Bwaise Junction,2026-06-17,9,Off-Peak,Dry,335,939,214,139,13
Bwaise Junction,2026-06-17,9,Off-Peak,Dry,280,927,167,109,10
Bwaise Junction,2026-06-17,10,Off-Peak,Dry,116,395,69,53,4
Bwaise Junction,2026-06-17,10,Off-Peak,Dry,123,332,74,52,5
Bwaise Junction,2026-06-17,10,Off-Peak,Dry,127,397,71,45,3
Bwaise Junction,2026-06-17,10,Off-Peak,Dry,84,207,64,28,5
Bwaise Junction,2026-06-17,11,Off-Peak,Dry,114,256,64,54,5
Bwaise Junction,2026-06-17,11,Off-Peak,Dry,94,253,61,36,2
Bwaise Junction,2026-06-17,11,Off-Peak,Dry,113,352,63,44,5
Bwaise Junction,2026-06-17,11,Off-Peak,Dry,144,304,112,52,8
Bwaise Junction,2026-06-17,12,Off-Peak,Dry,83,187,56,28,3
Bwaise Junction,2026-06-17,12,Off-Peak,Dry,148,263,81,57,6
Bwaise Junction,2026-06-17,12,Off-Peak,Dry,86,238,56,32,6
Bwaise Junction,2026-06-17,12,Off-Peak,Dry,105,328,58,31,5
Bwaise Junction,2026-06-17,13,Off-Peak,Dry,92,182,65,29,1
Bwaise Junction,2026-06-17,13,Off-Peak,Dry,113,323,67,44,8
Bwaise Junction,2026-06-17,13,Off-Peak,Dry,141,449,103,64,9
Bwaise Junction,2026-06-17,13,Off-Peak,Dry,160,370,100,66,10
Bwaise Junction,2026-06-17,14,Off-Peak,Dry,130,287,82,58,7
Bwaise Junction,2026-06-17,14,Off-Peak,Dry,115,323,71,55,6
Bwaise Junction,2026-06-17,14,Off-Peak,Dry,108,292,71,44,4
Bwaise Junction,2026-06-17,14,Off-Peak,Dry,159,454,104,50,12
Bwaise Junction,2026-06-17,15,Off-Peak,Dry,107,266,65,47,5
Bwaise Junction,2026-06-17,15,Off-Peak,Dry,156,466,106,68,7
Bwaise Junction,2026-06-17,15,Off-Peak,Dry,107,283,79,36,4
Bwaise Junction,2026-06-17,15,Off-Peak,Dry,150,436,83,56,7
Bwaise Junction,2026-06-17,16,Peak,Dry,322,736,189,117,8
Bwaise Junction,2026-06-17,16,Peak,Dry,325,782,210,122,15
Bwaise Junction,2026-06-17,16,Peak,Dry,245,926,188,105,6
Bwaise Junction,2026-06-17,16,Peak,Dry,332,984,167,110,17
Bwaise Junction,2026-06-17,17,Peak,Dry,246,920,147,76,6
Bwaise Junction,2026-06-17,17,Peak,Dry,358,926,258,135,26
Bwaise Junction,2026-06-17,17,Peak,Dry,285,834,189,129,16
Bwaise Junction,2026-06-17,17,Peak,Dry,395,804,210,185,31
Bwaise Junction,2026-06-17,18,Peak,Dry,313,1074,228,150,24
Bwaise Junction,2026-06-17,18,Peak,Dry,384,859,226,145,22
Bwaise Junction,2026-06-17,18,Peak,Dry,290,883,189,98,10
Bwaise Junction,2026-06-17,18,Peak,Dry,325,836,166,134,7
Bwaise Junction,2026-06-17,19,Off-Peak,Dry,365,879,176,137,11
Bwaise Junction,2026-06-17,19,Off-Peak,Dry,224,773,203,87,15
Bwaise Junction,2026-06-17,19,Off-Peak,Dry,332,896,212,161,26
Bwaise Junction,2026-06-17,19,Off-Peak,Dry,326,996,168,114,14
Bwaise Junction,2026-06-17,20,Off-Peak,Dry,104,195,64,32,4
Bwaise Junction,2026-06-17,20,Off-Peak,Dry,186,500,95,86,10
Bwaise Junction,2026-06-17,20,Off-Peak,Dry,154,389,77,59,6
Bwaise Junction,2026-06-17,20,Off-Peak,Dry,122,251,71,47,9
Bwaise Junction,2026-06-17,21,Off-Peak,Dry,75,305,65,24,2
Bwaise Junction,2026-06-17,21,Off-Peak,Dry,111,365,77,55,3
Bwaise Junction,2026-06-17,21,Off-Peak,Dry,137,467,107,43,8
Bwaise Junction,2026-06-17,21,Off-Peak,Dry,147,375,95,54,4
Bwaise Junction,2026-06-18,6,Off-Peak,Dry,131,353,58,64,8
Bwaise Junction,2026-06-18,6,Off-Peak,Dry,108,331,64,42,4
Bwaise Junction,2026-06-18,6,Off-Peak,Dry,123,294,87,45,7
Bwaise Junction,2026-06-18,6,Off-Peak,Dry,87,307,53,33,3
Bwaise Junction,2026-06-18,7,Peak,Dry,333,691,179,100,16
Bwaise Junction,2026-06-18,7,Peak,Dry,266,566,204,90,15
Bwaise Junction,2026-06-18,7,Peak,Dry,314,874,197,152,14
Bwaise Junction,2026-06-18,7,Peak,Dry,331,633,201,147,17
Bwaise Junction,2026-06-18,8,Peak,Dry,297,832,178,132,21
Bwaise Junction,2026-06-18,8,Peak,Dry,341,585,177,145,10
Bwaise Junction,2026-06-18,8,Peak,Dry,345,1068,199,144,9
Bwaise Junction,2026-06-18,8,Peak,Dry,306,738,201,104,7
Bwaise Junction,2026-06-18,9,Off-Peak,Dry,249,936,187,81,9
Bwaise Junction,2026-06-18,9,Off-Peak,Dry,312,797,225,115,24
Bwaise Junction,2026-06-18,9,Off-Peak,Dry,303,1008,204,134,14
Bwaise Junction,2026-06-18,9,Off-Peak,Dry,303,668,174,127,7
Bwaise Junction,2026-06-18,10,Off-Peak,Dry,139,486,88,62,9
Bwaise Junction,2026-06-18,10,Off-Peak,Dry,181,384,118,68,7
Bwaise Junction,2026-06-18,10,Off-Peak,Dry,111,242,56,55,4
Bwaise Junction,2026-06-18,10,Off-Peak,Dry,164,493,98,79,3
Bwaise Junction,2026-06-18,11,Off-Peak,Dry,77,282,69,36,2
Bwaise Junction,2026-06-18,11,Off-Peak,Dry,159,421,105,76,8
Bwaise Junction,2026-06-18,11,Off-Peak,Dry,108,261,68,43,7
Bwaise Junction,2026-06-18,11,Off-Peak,Dry,126,394,92,61,8
Bwaise Junction,2026-06-18,12,Off-Peak,Dry,155,396,90,76,10
Bwaise Junction,2026-06-18,12,Off-Peak,Dry,119,390,65,52,8
Bwaise Junction,2026-06-18,12,Off-Peak,Dry,139,396,97,66,9
Bwaise Junction,2026-06-18,12,Off-Peak,Dry,111,293,51,40,6
Bwaise Junction,2026-06-18,13,Off-Peak,Dry,125,268,67,50,9
Bwaise Junction,2026-06-18,13,Off-Peak,Dry,170,536,105,64,5
Bwaise Junction,2026-06-18,13,Off-Peak,Dry,142,388,70,66,5
Bwaise Junction,2026-06-18,13,Off-Peak,Dry,132,282,86,64,3
Bwaise Junction,2026-06-18,14,Off-Peak,Dry,129,266,69,39,7
Bwaise Junction,2026-06-18,14,Off-Peak,Dry,118,234,65,36,6
Bwaise Junction,2026-06-18,14,Off-Peak,Dry,125,283,84,61,3
Bwaise Junction,2026-06-18,14,Off-Peak,Dry,168,313,119,71,5
Bwaise Junction,2026-06-18,15,Off-Peak,Dry,154,326,102,73,7
Bwaise Junction,2026-06-18,15,Off-Peak,Dry,129,359,59,39,6
Bwaise Junction,2026-06-18,15,Off-Peak,Dry,158,454,110,65,8
Bwaise Junction,2026-06-18,15,Off-Peak,Dry,128,269,85,53,6
Bwaise Junction,2026-06-18,16,Peak,Dry,255,758,197,121,13
Bwaise Junction,2026-06-18,16,Peak,Dry,287,995,238,98,6
Bwaise Junction,2026-06-18,16,Peak,Dry,327,764,211,138,24
Bwaise Junction,2026-06-18,16,Peak,Dry,262,855,153,109,17
Bwaise Junction,2026-06-18,17,Peak,Dry,311,568,185,135,12
Bwaise Junction,2026-06-18,17,Peak,Dry,307,535,170,126,22
Bwaise Junction,2026-06-18,17,Peak,Dry,277,810,185,109,9
Bwaise Junction,2026-06-18,17,Peak,Dry,335,913,182,150,23
Bwaise Junction,2026-06-18,18,Peak,Dry,233,608,211,110,7
Bwaise Junction,2026-06-18,18,Peak,Dry,339,1107,230,130,24
Bwaise Junction,2026-06-18,18,Peak,Dry,277,624,173,120,5
Bwaise Junction,2026-06-18,18,Peak,Dry,275,608,192,110,13
Bwaise Junction,2026-06-18,19,Off-Peak,Dry,303,648,205,98,13
Bwaise Junction,2026-06-18,19,Off-Peak,Dry,289,624,215,141,13
Bwaise Junction,2026-06-18,19,Off-Peak,Dry,266,1096,165,105,18
Bwaise Junction,2026-06-18,19,Off-Peak,Dry,326,960,195,129,9
Bwaise Junction,2026-06-18,20,Off-Peak,Dry,95,250,70,41,5
Bwaise Junction,2026-06-18,20,Off-Peak,Dry,93,320,76,43,6
Bwaise Junction,2026-06-18,20,Off-Peak,Dry,141,249,74,45,8
Bwaise Junction,2026-06-18,20,Off-Peak,Dry,99,360,58,30,5
Bwaise Junction,2026-06-18,21,Off-Peak,Dry,145,434,94,62,8
Bwaise Junction,2026-06-18,21,Off-Peak,Dry,148,260,103,71,8
Bwaise Junction,2026-06-18,21,Off-Peak,Dry,136,289,89,49,8
Bwaise Junction,2026-06-18,21,Off-Peak,Dry,115,279,93,42,8
Bwaise Junction,2026-06-19,6,Off-Peak,Dry,181,295,107,73,6
Bwaise Junction,2026-06-19,6,Off-Peak,Dry,114,296,79,36,7
Bwaise Junction,2026-06-19,6,Off-Peak,Dry,113,290,68,51,8
Bwaise Junction,2026-06-19,6,Off-Peak,Dry,99,281,68,41,3
Bwaise Junction,2026-06-19,7,Peak,Dry,308,937,202,108,8
Bwaise Junction,2026-06-19,7,Peak,Dry,322,992,177,160,19
Bwaise Junction,2026-06-19,7,Peak,Dry,301,728,154,142,23
Bwaise Junction,2026-06-19,7,Peak,Dry,268,639,206,127,19
Bwaise Junction,2026-06-19,8,Peak,Dry,339,1044,254,141,10
Bwaise Junction,2026-06-19,8,Peak,Dry,336,1109,186,143,14
Bwaise Junction,2026-06-19,8,Peak,Dry,276,669,159,91,20
Bwaise Junction,2026-06-19,8,Peak,Dry,364,1229,199,126,25
Bwaise Junction,2026-06-19,9,Off-Peak,Dry,325,721,235,146,16
Bwaise Junction,2026-06-19,9,Off-Peak,Dry,315,699,251,155,13
Bwaise Junction,2026-06-19,9,Off-Peak,Dry,280,650,207,113,8
Bwaise Junction,2026-06-19,9,Off-Peak,Dry,281,999,208,88,12
Bwaise Junction,2026-06-19,10,Off-Peak,Dry,102,257,73,49,5
Bwaise Junction,2026-06-19,10,Off-Peak,Dry,138,397,72,60,8
Bwaise Junction,2026-06-19,10,Off-Peak,Dry,102,250,54,43,7
Bwaise Junction,2026-06-19,10,Off-Peak,Dry,118,319,97,46,7
Bwaise Junction,2026-06-19,11,Off-Peak,Dry,85,217,59,38,3
Bwaise Junction,2026-06-19,11,Off-Peak,Dry,119,264,101,51,7
Bwaise Junction,2026-06-19,11,Off-Peak,Dry,159,338,108,69,11
Bwaise Junction,2026-06-19,11,Off-Peak,Dry,110,257,75,37,2
Bwaise Junction,2026-06-19,12,Off-Peak,Dry,129,324,63,60,6
Bwaise Junction,2026-06-19,12,Off-Peak,Dry,134,265,91,58,9
Bwaise Junction,2026-06-19,12,Off-Peak,Dry,138,467,84,67,2
Bwaise Junction,2026-06-19,12,Off-Peak,Dry,192,402,99,82,5
Bwaise Junction,2026-06-19,13,Off-Peak,Dry,188,436,103,75,3
Bwaise Junction,2026-06-19,13,Off-Peak,Dry,128,403,79,48,5
Bwaise Junction,2026-06-19,13,Off-Peak,Dry,85,249,65,37,5
Bwaise Junction,2026-06-19,13,Off-Peak,Dry,124,256,72,49,3
Bwaise Junction,2026-06-19,14,Off-Peak,Dry,126,266,93,61,8
Bwaise Junction,2026-06-19,14,Off-Peak,Dry,186,417,85,61,4
Bwaise Junction,2026-06-19,14,Off-Peak,Dry,124,398,93,39,6
Bwaise Junction,2026-06-19,14,Off-Peak,Dry,111,236,69,46,2
Bwaise Junction,2026-06-19,15,Off-Peak,Dry,108,294,72,46,6
Bwaise Junction,2026-06-19,15,Off-Peak,Dry,174,528,82,77,11
Bwaise Junction,2026-06-19,15,Off-Peak,Dry,111,214,74,51,2
Bwaise Junction,2026-06-19,15,Off-Peak,Dry,126,410,71,53,9
Bwaise Junction,2026-06-19,16,Peak,Dry,365,1151,204,155,19
Bwaise Junction,2026-06-19,16,Peak,Dry,344,867,186,152,12
Bwaise Junction,2026-06-19,16,Peak,Dry,249,696,170,120,18
Bwaise Junction,2026-06-19,16,Peak,Dry,308,987,245,147,19
Bwaise Junction,2026-06-19,17,Peak,Dry,333,1093,194,153,17
Bwaise Junction,2026-06-19,17,Peak,Dry,416,888,228,172,25
Bwaise Junction,2026-06-19,17,Peak,Dry,279,610,143,119,6
Bwaise Junction,2026-06-19,17,Peak,Dry,395,1030,196,155,12
Bwaise Junction,2026-06-19,18,Peak,Dry,330,857,189,160,9
Bwaise Junction,2026-06-19,18,Peak,Dry,339,895,173,122,21
Bwaise Junction,2026-06-19,18,Peak,Dry,241,565,217,115,13
Bwaise Junction,2026-06-19,18,Peak,Dry,281,774,160,119,18
Bwaise Junction,2026-06-19,19,Off-Peak,Dry,356,703,195,133,25
Bwaise Junction,2026-06-19,19,Off-Peak,Dry,364,749,207,176,12
Bwaise Junction,2026-06-19,19,Off-Peak,Dry,329,952,196,126,12
Bwaise Junction,2026-06-19,19,Off-Peak,Dry,254,609,182,80,6
Bwaise Junction,2026-06-19,20,Off-Peak,Dry,118,314,64,42,6
Bwaise Junction,2026-06-19,20,Off-Peak,Dry,109,258,67,35,3
Bwaise Junction,2026-06-19,20,Off-Peak,Dry,132,384,78,49,5
Bwaise Junction,2026-06-19,20,Off-Peak,Dry,164,370,103,73,8
Bwaise Junction,2026-06-19,21,Off-Peak,Dry,118,258,62,38,8
Bwaise Junction,2026-06-19,21,Off-Peak,Dry,130,382,67,47,4
Bwaise Junction,2026-06-19,21,Off-Peak,Dry,126,269,72,45,8
Bwaise Junction,2026-06-19,21,Off-Peak,Dry,187,296,110,71,11
Bwaise Junction,2026-06-20,6,Off-Peak,Dry,119,386,85,36,8
Bwaise Junction,2026-06-20,6,Off-Peak,Dry,163,359,101,52,4
Bwaise Junction,2026-06-20,6,Off-Peak,Dry,90,372,77,42,3
Bwaise Junction,2026-06-20,6,Off-Peak,Dry,139,399,104,61,8
Bwaise Junction,2026-06-20,7,Peak,Dry,317,920,219,108,11
Bwaise Junction,2026-06-20,7,Peak,Dry,291,535,163,113,13
Bwaise Junction,2026-06-20,7,Peak,Dry,264,862,187,123,19
Bwaise Junction,2026-06-20,7,Peak,Dry,271,794,203,92,20
Bwaise Junction,2026-06-20,8,Peak,Dry,324,760,204,118,10
Bwaise Junction,2026-06-20,8,Peak,Dry,272,673,158,117,11
Bwaise Junction,2026-06-20,8,Peak,Dry,313,849,237,121,16
Bwaise Junction,2026-06-20,8,Peak,Dry,337,788,168,140,20
Bwaise Junction,2026-06-20,9,Off-Peak,Dry,360,682,192,155,20
Bwaise Junction,2026-06-20,9,Off-Peak,Dry,386,913,168,171,25
Bwaise Junction,2026-06-20,9,Off-Peak,Dry,329,753,183,146,16
Bwaise Junction,2026-06-20,9,Off-Peak,Dry,385,1090,229,168,7
Bwaise Junction,2026-06-20,10,Off-Peak,Dry,181,471,77,56,9
Bwaise Junction,2026-06-20,10,Off-Peak,Dry,114,378,76,34,8
Bwaise Junction,2026-06-20,10,Off-Peak,Dry,121,318,90,36,7
Bwaise Junction,2026-06-20,10,Off-Peak,Dry,87,286,54,33,6
Bwaise Junction,2026-06-20,11,Off-Peak,Dry,113,345,68,48,7
Bwaise Junction,2026-06-20,11,Off-Peak,Dry,172,417,97,62,9
Bwaise Junction,2026-06-20,11,Off-Peak,Dry,141,396,71,49,3
Bwaise Junction,2026-06-20,11,Off-Peak,Dry,105,234,72,52,7
Bwaise Junction,2026-06-20,12,Off-Peak,Dry,180,496,87,85,3
Bwaise Junction,2026-06-20,12,Off-Peak,Dry,135,311,67,62,8
Bwaise Junction,2026-06-20,12,Off-Peak,Dry,150,476,88,60,7
Bwaise Junction,2026-06-20,12,Off-Peak,Dry,100,383,85,44,3
Bwaise Junction,2026-06-20,13,Off-Peak,Dry,115,396,93,53,5
Bwaise Junction,2026-06-20,13,Off-Peak,Dry,94,182,62,46,5
Bwaise Junction,2026-06-20,13,Off-Peak,Dry,111,430,92,48,8
Bwaise Junction,2026-06-20,13,Off-Peak,Dry,143,405,83,59,7
Bwaise Junction,2026-06-20,14,Off-Peak,Dry,116,333,75,43,2
Bwaise Junction,2026-06-20,14,Off-Peak,Dry,141,410,72,43,4
Bwaise Junction,2026-06-20,14,Off-Peak,Dry,187,371,97,63,13
Bwaise Junction,2026-06-20,14,Off-Peak,Dry,111,276,60,45,7
Bwaise Junction,2026-06-20,15,Off-Peak,Dry,151,299,90,48,11
Bwaise Junction,2026-06-20,15,Off-Peak,Dry,117,293,64,48,5
Bwaise Junction,2026-06-20,15,Off-Peak,Dry,142,308,101,69,5
Bwaise Junction,2026-06-20,15,Off-Peak,Dry,182,394,93,78,9
Bwaise Junction,2026-06-20,16,Peak,Dry,307,668,199,125,21
Bwaise Junction,2026-06-20,16,Peak,Dry,222,604,174,77,10
Bwaise Junction,2026-06-20,16,Peak,Dry,340,1156,244,162,20
Bwaise Junction,2026-06-20,16,Peak,Dry,255,862,204,96,11
Bwaise Junction,2026-06-20,17,Peak,Dry,374,935,245,161,8
Bwaise Junction,2026-06-20,17,Peak,Dry,233,700,194,78,15
Bwaise Junction,2026-06-20,17,Peak,Dry,326,793,229,107,25
Bwaise Junction,2026-06-20,17,Peak,Dry,326,827,143,133,18
Bwaise Junction,2026-06-20,18,Peak,Dry,285,968,189,116,8
Bwaise Junction,2026-06-20,18,Peak,Dry,344,1027,233,139,12
Bwaise Junction,2026-06-20,18,Peak,Dry,400,1033,198,180,25
Bwaise Junction,2026-06-20,18,Peak,Dry,324,613,170,123,25
Bwaise Junction,2026-06-20,19,Off-Peak,Dry,342,799,169,111,25
Bwaise Junction,2026-06-20,19,Off-Peak,Dry,284,826,197,124,15
Bwaise Junction,2026-06-20,19,Off-Peak,Dry,273,901,173,82,14
Bwaise Junction,2026-06-20,19,Off-Peak,Dry,321,1083,221,112,17
Bwaise Junction,2026-06-20,20,Off-Peak,Dry,136,402,85,63,6
Bwaise Junction,2026-06-20,20,Off-Peak,Dry,151,333,72,61,5
Bwaise Junction,2026-06-20,20,Off-Peak,Dry,93,210,59,33,6
Bwaise Junction,2026-06-20,20,Off-Peak,Dry,110,232,52,53,7
Bwaise Junction,2026-06-20,21,Off-Peak,Dry,118,260,65,41,8
Bwaise Junction,2026-06-20,21,Off-Peak,Dry,104,333,61,51,8
Bwaise Junction,2026-06-20,21,Off-Peak,Dry,108,193,67,33,3
Bwaise Junction,2026-06-20,21,Off-Peak,Dry,80,216,60,31,6
Kibuye Roundabout,2026-06-01,6,Off-Peak,Dry,185,591,105,57,5
Kibuye Roundabout,2026-06-01,6,Off-Peak,Dry,267,672,135,84,5
Kibuye Roundabout,2026-06-01,6,Off-Peak,Dry,211,441,108,101,11
Kibuye Roundabout,2026-06-01,6,Off-Peak,Dry,219,504,119,69,8
Kibuye Roundabout,2026-06-01,7,Peak,Dry,550,1697,274,182,40
Kibuye Roundabout,2026-06-01,7,Peak,Dry,427,1029,254,188,31
Kibuye Roundabout,2026-06-01,7,Peak,Dry,455,1238,254,201,22
Kibuye Roundabout,2026-06-01,7,Peak,Wet (Rain),378,855,162,182,26
Kibuye Roundabout,2026-06-01,8,Peak,Wet (Rain),456,1049,199,224,15
Kibuye Roundabout,2026-06-01,8,Peak,Dry,531,1043,314,251,36
Kibuye Roundabout,2026-06-01,8,Peak,Dry,577,1433,244,182,12
Kibuye Roundabout,2026-06-01,8,Peak,Dry,442,1306,264,207,23
Kibuye Roundabout,2026-06-01,9,Off-Peak,Dry,526,1439,239,230,32
Kibuye Roundabout,2026-06-01,9,Off-Peak,Dry,490,1360,283,207,32
Kibuye Roundabout,2026-06-01,9,Off-Peak,Dry,443,890,203,202,21
Kibuye Roundabout,2026-06-01,9,Off-Peak,Wet (Rain),585,1455,263,187,22
Kibuye Roundabout,2026-06-01,10,Off-Peak,Wet (Rain),180,477,88,55,13
Kibuye Roundabout,2026-06-01,10,Off-Peak,Dry,246,550,94,113,10
Kibuye Roundabout,2026-06-01,10,Off-Peak,Dry,228,493,135,82,7
Kibuye Roundabout,2026-06-01,10,Off-Peak,Wet (Rain),117,363,73,48,2
Kibuye Roundabout,2026-06-01,11,Off-Peak,Wet (Rain),112,376,68,40,6
Kibuye Roundabout,2026-06-01,11,Off-Peak,Wet (Rain),199,565,83,70,10
Kibuye Roundabout,2026-06-01,11,Off-Peak,Wet (Rain),132,432,74,58,3
Kibuye Roundabout,2026-06-01,11,Off-Peak,Dry,177,322,101,62,10
Kibuye Roundabout,2026-06-01,12,Off-Peak,Dry,216,387,107,95,6
Kibuye Roundabout,2026-06-01,12,Off-Peak,Dry,254,589,131,103,11
Kibuye Roundabout,2026-06-01,12,Off-Peak,Dry,311,662,128,136,17
Kibuye Roundabout,2026-06-01,12,Off-Peak,Dry,173,453,91,70,5
Kibuye Roundabout,2026-06-01,13,Off-Peak,Dry,242,399,116,94,11
Kibuye Roundabout,2026-06-01,13,Off-Peak,Dry,172,529,85,83,7
Kibuye Roundabout,2026-06-01,13,Off-Peak,Dry,193,393,124,96,6
Kibuye Roundabout,2026-06-01,13,Off-Peak,Wet (Rain),244,560,120,97,5
Kibuye Roundabout,2026-06-01,14,Off-Peak,Wet (Rain),125,446,67,50,5
Kibuye Roundabout,2026-06-01,14,Off-Peak,Dry,230,652,132,104,17
Kibuye Roundabout,2026-06-01,14,Off-Peak,Wet (Rain),167,270,60,69,7
Kibuye Roundabout,2026-06-01,14,Off-Peak,Dry,160,408,84,55,6
Kibuye Roundabout,2026-06-01,15,Off-Peak,Dry,228,475,116,71,12
Kibuye Roundabout,2026-06-01,15,Off-Peak,Wet (Rain),152,367,70,47,10
Kibuye Roundabout,2026-06-01,15,Off-Peak,Wet (Rain),172,446,104,65,6
Kibuye Roundabout,2026-06-01,15,Off-Peak,Wet (Rain),215,411,136,98,11
Kibuye Roundabout,2026-06-01,16,Peak,Dry,481,1022,274,172,14
Kibuye Roundabout,2026-06-01,16,Peak,Wet (Rain),527,906,184,255,41
Kibuye Roundabout,2026-06-01,16,Peak,Dry,540,967,314,169,29
Kibuye Roundabout,2026-06-01,16,Peak,Dry,559,1032,304,189,29
Kibuye Roundabout,2026-06-01,17,Peak,Dry,598,1317,278,220,44
Kibuye Roundabout,2026-06-01,17,Peak,Dry,540,1032,287,244,11
Kibuye Roundabout,2026-06-01,17,Peak,Wet (Rain),471,817,211,168,36
Kibuye Roundabout,2026-06-01,17,Peak,Dry,454,1284,265,177,23
Kibuye Roundabout,2026-06-01,18,Peak,Dry,495,1664,341,208,12
Kibuye Roundabout,2026-06-01,18,Peak,Wet (Rain),450,1375,199,168,25
Kibuye Roundabout,2026-06-01,18,Peak,Dry,581,1592,350,221,41
Kibuye Roundabout,2026-06-01,18,Peak,Dry,384,1443,253,116,16
Kibuye Roundabout,2026-06-01,19,Off-Peak,Wet (Rain),335,730,199,110,10
Kibuye Roundabout,2026-06-01,19,Off-Peak,Dry,484,919,219,203,18
Kibuye Roundabout,2026-06-01,19,Off-Peak,Dry,481,1355,286,235,26
Kibuye Roundabout,2026-06-01,19,Off-Peak,Dry,556,1063,239,218,27
Kibuye Roundabout,2026-06-01,20,Off-Peak,Dry,163,356,62,76,6
Kibuye Roundabout,2026-06-01,20,Off-Peak,Dry,143,339,96,67,9
Kibuye Roundabout,2026-06-01,20,Off-Peak,Wet (Rain),191,298,71,92,11
Kibuye Roundabout,2026-06-01,20,Off-Peak,Dry,258,767,108,81,8
Kibuye Roundabout,2026-06-01,21,Off-Peak,Dry,240,622,106,100,14
Kibuye Roundabout,2026-06-01,21,Off-Peak,Wet (Rain),110,333,70,39,8
Kibuye Roundabout,2026-06-01,21,Off-Peak,Dry,162,347,86,69,9
Kibuye Roundabout,2026-06-01,21,Off-Peak,Dry,171,390,95,55,4
Kibuye Roundabout,2026-06-02,6,Off-Peak,Dry,253,542,154,100,6
Kibuye Roundabout,2026-06-02,6,Off-Peak,Dry,231,441,95,78,12
Kibuye Roundabout,2026-06-02,6,Off-Peak,Dry,265,617,123,110,20
Kibuye Roundabout,2026-06-02,6,Off-Peak,Dry,226,467,97,109,6
Kibuye Roundabout,2026-06-02,7,Peak,Dry,435,1665,292,183,27
Kibuye Roundabout,2026-06-02,7,Peak,Dry,548,1469,251,184,23
Kibuye Roundabout,2026-06-02,7,Peak,Dry,456,858,245,224,13
Kibuye Roundabout,2026-06-02,7,Peak,Dry,580,992,314,273,38
Kibuye Roundabout,2026-06-02,8,Peak,Dry,408,884,289,150,9
Kibuye Roundabout,2026-06-02,8,Peak,Dry,625,1412,258,286,49
Kibuye Roundabout,2026-06-02,8,Peak,Dry,499,1029,310,221,35
Kibuye Roundabout,2026-06-02,8,Peak,Dry,539,1038,230,266,17
Kibuye Roundabout,2026-06-02,9,Off-Peak,Dry,421,901,204,174,26
Kibuye Roundabout,2026-06-02,9,Off-Peak,Dry,474,965,287,206,31
Kibuye Roundabout,2026-06-02,9,Off-Peak,Dry,425,1591,251,168,12
Kibuye Roundabout,2026-06-02,9,Off-Peak,Dry,424,1528,226,152,18
Kibuye Roundabout,2026-06-02,10,Off-Peak,Dry,230,663,90,69,10
Kibuye Roundabout,2026-06-02,10,Off-Peak,Dry,203,430,101,86,4
Kibuye Roundabout,2026-06-02,10,Off-Peak,Dry,219,640,120,70,6
Kibuye Roundabout,2026-06-02,10,Off-Peak,Dry,171,344,81,69,5
Kibuye Roundabout,2026-06-02,11,Off-Peak,Dry,255,459,139,120,13
Kibuye Roundabout,2026-06-02,11,Off-Peak,Dry,217,378,112,68,16
Kibuye Roundabout,2026-06-02,11,Off-Peak,Dry,248,740,102,111,14
Kibuye Roundabout,2026-06-02,11,Off-Peak,Dry,140,526,97,64,7
Kibuye Roundabout,2026-06-02,12,Off-Peak,Dry,242,751,114,113,11
Kibuye Roundabout,2026-06-02,12,Off-Peak,Dry,256,492,116,114,8
Kibuye Roundabout,2026-06-02,12,Off-Peak,Dry,153,450,79,63,5
Kibuye Roundabout,2026-06-02,12,Off-Peak,Dry,163,500,105,64,12
Kibuye Roundabout,2026-06-02,13,Off-Peak,Dry,227,643,155,108,5
Kibuye Roundabout,2026-06-02,13,Off-Peak,Dry,203,663,119,100,7
Kibuye Roundabout,2026-06-02,13,Off-Peak,Dry,162,357,102,57,6
Kibuye Roundabout,2026-06-02,13,Off-Peak,Dry,190,443,75,58,10
Kibuye Roundabout,2026-06-02,14,Off-Peak,Dry,179,419,77,69,9
Kibuye Roundabout,2026-06-02,14,Off-Peak,Dry,178,551,83,81,13
Kibuye Roundabout,2026-06-02,14,Off-Peak,Dry,204,383,88,87,4
Kibuye Roundabout,2026-06-02,14,Off-Peak,Dry,268,650,117,87,8
Kibuye Roundabout,2026-06-02,15,Off-Peak,Dry,247,583,105,106,18
Kibuye Roundabout,2026-06-02,15,Off-Peak,Dry,259,752,115,124,11
Kibuye Roundabout,2026-06-02,15,Off-Peak,Dry,156,487,112,62,9
Kibuye Roundabout,2026-06-02,15,Off-Peak,Dry,182,428,103,55,6
Kibuye Roundabout,2026-06-02,16,Peak,Dry,614,1296,331,213,42
Kibuye Roundabout,2026-06-02,16,Peak,Dry,577,855,208,258,27
Kibuye Roundabout,2026-06-02,16,Peak,Dry,584,1161,327,241,34
Kibuye Roundabout,2026-06-02,16,Peak,Dry,610,1400,285,269,45
Kibuye Roundabout,2026-06-02,17,Peak,Dry,530,1688,251,214,29
Kibuye Roundabout,2026-06-02,17,Peak,Dry,569,1434,268,208,21
Kibuye Roundabout,2026-06-02,17,Peak,Dry,556,1258,236,223,24
Kibuye Roundabout,2026-06-02,17,Peak,Dry,399,919,202,122,11
Kibuye Roundabout,2026-06-02,18,Peak,Dry,496,1247,233,160,20
Kibuye Roundabout,2026-06-02,18,Peak,Dry,605,1183,320,212,26
Kibuye Roundabout,2026-06-02,18,Peak,Dry,534,1278,246,167,34
Kibuye Roundabout,2026-06-02,18,Peak,Dry,605,1586,254,289,15
Kibuye Roundabout,2026-06-02,19,Off-Peak,Dry,593,1473,279,261,42
Kibuye Roundabout,2026-06-02,19,Off-Peak,Dry,447,1105,238,155,21
Kibuye Roundabout,2026-06-02,19,Off-Peak,Dry,522,1255,256,196,34
Kibuye Roundabout,2026-06-02,19,Off-Peak,Dry,567,977,281,223,17
Kibuye Roundabout,2026-06-02,20,Off-Peak,Dry,180,442,74,62,5
Kibuye Roundabout,2026-06-02,20,Off-Peak,Dry,212,343,98,97,7
Kibuye Roundabout,2026-06-02,20,Off-Peak,Dry,217,735,127,75,6
Kibuye Roundabout,2026-06-02,20,Off-Peak,Dry,205,434,104,99,5
Kibuye Roundabout,2026-06-02,21,Off-Peak,Dry,144,400,83,54,4
Kibuye Roundabout,2026-06-02,21,Off-Peak,Dry,249,707,106,101,9
Kibuye Roundabout,2026-06-02,21,Off-Peak,Dry,182,322,90,62,6
Kibuye Roundabout,2026-06-02,21,Off-Peak,Dry,275,522,133,114,18
Kibuye Roundabout,2026-06-03,6,Off-Peak,Dry,174,397,78,80,5
Kibuye Roundabout,2026-06-03,6,Off-Peak,Dry,143,400,71,46,6
Kibuye Roundabout,2026-06-03,6,Off-Peak,Dry,174,371,87,65,7
Kibuye Roundabout,2026-06-03,6,Off-Peak,Dry,269,484,149,102,17
Kibuye Roundabout,2026-06-03,7,Peak,Dry,504,1657,249,187,35
Kibuye Roundabout,2026-06-03,7,Peak,Dry,493,1539,270,243,21
Kibuye Roundabout,2026-06-03,7,Peak,Dry,473,1046,236,220,28
Kibuye Roundabout,2026-06-03,7,Peak,Dry,642,1278,297,231,26
Kibuye Roundabout,2026-06-03,8,Peak,Dry,596,896,248,280,42
Kibuye Roundabout,2026-06-03,8,Peak,Dry,638,1728,317,191,13
Kibuye Roundabout,2026-06-03,8,Peak,Dry,542,1153,238,219,29
Kibuye Roundabout,2026-06-03,8,Peak,Dry,607,1306,328,201,37
Kibuye Roundabout,2026-06-03,9,Off-Peak,Dry,442,1444,265,163,28
Kibuye Roundabout,2026-06-03,9,Off-Peak,Dry,484,1544,243,147,15
Kibuye Roundabout,2026-06-03,9,Off-Peak,Dry,553,1705,312,232,35
Kibuye Roundabout,2026-06-03,9,Off-Peak,Dry,592,1568,233,212,19
Kibuye Roundabout,2026-06-03,10,Off-Peak,Dry,224,551,105,86,16
Kibuye Roundabout,2026-06-03,10,Off-Peak,Dry,272,564,132,86,9
Kibuye Roundabout,2026-06-03,10,Off-Peak,Dry,184,595,108,72,9
Kibuye Roundabout,2026-06-03,10,Off-Peak,Dry,185,355,98,67,14
Kibuye Roundabout,2026-06-03,11,Off-Peak,Dry,191,561,86,72,5
Kibuye Roundabout,2026-06-03,11,Off-Peak,Dry,194,383,101,72,9
Kibuye Roundabout,2026-06-03,11,Off-Peak,Dry,228,714,106,90,14
Kibuye Roundabout,2026-06-03,11,Off-Peak,Dry,193,317,102,71,3
Kibuye Roundabout,2026-06-03,12,Off-Peak,Dry,190,424,79,72,5
Kibuye Roundabout,2026-06-03,12,Off-Peak,Dry,212,370,104,71,16
Kibuye Roundabout,2026-06-03,12,Off-Peak,Dry,255,426,123,84,18
Kibuye Roundabout,2026-06-03,12,Off-Peak,Dry,157,345,95,53,8
Kibuye Roundabout,2026-06-03,13,Off-Peak,Dry,173,516,83,68,10
Kibuye Roundabout,2026-06-03,13,Off-Peak,Dry,169,335,86,77,9
Kibuye Roundabout,2026-06-03,13,Off-Peak,Dry,161,467,102,52,7
Kibuye Roundabout,2026-06-03,13,Off-Peak,Dry,216,498,88,73,7
Kibuye Roundabout,2026-06-03,14,Off-Peak,Dry,219,631,131,101,11
Kibuye Roundabout,2026-06-03,14,Off-Peak,Dry,194,443,110,74,14
Kibuye Roundabout,2026-06-03,14,Off-Peak,Dry,228,682,93,76,10
Kibuye Roundabout,2026-06-03,14,Off-Peak,Dry,174,517,91,61,10
Kibuye Roundabout,2026-06-03,15,Off-Peak,Dry,225,486,117,103,13
Kibuye Roundabout,2026-06-03,15,Off-Peak,Dry,228,521,86,88,6
Kibuye Roundabout,2026-06-03,15,Off-Peak,Dry,272,426,106,125,7
Kibuye Roundabout,2026-06-03,15,Off-Peak,Dry,238,651,129,113,17
Kibuye Roundabout,2026-06-03,16,Peak,Dry,532,1361,259,219,15
Kibuye Roundabout,2026-06-03,16,Peak,Dry,468,1450,291,150,25
Kibuye Roundabout,2026-06-03,16,Peak,Dry,455,1316,282,211,9
Kibuye Roundabout,2026-06-03,16,Peak,Dry,577,1176,260,212,21
Kibuye Roundabout,2026-06-03,17,Peak,Dry,420,840,197,198,13
Kibuye Roundabout,2026-06-03,17,Peak,Dry,549,1412,284,198,35
Kibuye Roundabout,2026-06-03,17,Peak,Dry,539,823,257,229,15
Kibuye Roundabout,2026-06-03,17,Peak,Dry,509,1485,266,220,24
Kibuye Roundabout,2026-06-03,18,Peak,Dry,554,910,263,224,22
Kibuye Roundabout,2026-06-03,18,Peak,Dry,699,1720,282,288,46
Kibuye Roundabout,2026-06-03,18,Peak,Dry,491,1247,268,226,13
Kibuye Roundabout,2026-06-03,18,Peak,Dry,425,1075,187,166,9
Kibuye Roundabout,2026-06-03,19,Off-Peak,Dry,464,1572,287,189,22
Kibuye Roundabout,2026-06-03,19,Off-Peak,Dry,433,988,283,197,18
Kibuye Roundabout,2026-06-03,19,Off-Peak,Dry,547,1457,236,248,41
Kibuye Roundabout,2026-06-03,19,Off-Peak,Dry,537,1078,210,263,20
Kibuye Roundabout,2026-06-03,20,Off-Peak,Dry,191,403,78,89,11
Kibuye Roundabout,2026-06-03,20,Off-Peak,Dry,240,641,116,105,13
Kibuye Roundabout,2026-06-03,20,Off-Peak,Dry,221,691,105,109,8
Kibuye Roundabout,2026-06-03,20,Off-Peak,Dry,241,559,117,106,5
Kibuye Roundabout,2026-06-03,21,Off-Peak,Dry,251,705,145,111,19
Kibuye Roundabout,2026-06-03,21,Off-Peak,Dry,213,404,121,104,4
Kibuye Roundabout,2026-06-03,21,Off-Peak,Dry,181,532,122,75,10
Kibuye Roundabout,2026-06-03,21,Off-Peak,Dry,314,586,157,139,14
Kibuye Roundabout,2026-06-04,6,Off-Peak,Dry,237,408,140,101,5
Kibuye Roundabout,2026-06-04,6,Off-Peak,Dry,188,422,79,85,13
Kibuye Roundabout,2026-06-04,6,Off-Peak,Dry,192,460,87,92,12
Kibuye Roundabout,2026-06-04,6,Off-Peak,Dry,227,531,95,85,15
Kibuye Roundabout,2026-06-04,7,Peak,Dry,440,1319,273,162,14
Kibuye Roundabout,2026-06-04,7,Peak,Dry,563,1362,290,209,41
Kibuye Roundabout,2026-06-04,7,Peak,Dry,533,1430,271,194,38
Kibuye Roundabout,2026-06-04,7,Peak,Dry,387,1369,250,185,24
Kibuye Roundabout,2026-06-04,8,Peak,Dry,536,1288,293,161,35
Kibuye Roundabout,2026-06-04,8,Peak,Dry,483,1326,198,234,12
Kibuye Roundabout,2026-06-04,8,Peak,Dry,575,1296,305,271,18
Kibuye Roundabout,2026-06-04,8,Peak,Dry,503,1417,203,200,10
Kibuye Roundabout,2026-06-04,9,Off-Peak,Dry,639,1209,257,250,30
Kibuye Roundabout,2026-06-04,9,Off-Peak,Dry,487,1444,344,184,37
Kibuye Roundabout,2026-06-04,9,Off-Peak,Dry,456,1445,302,221,25
Kibuye Roundabout,2026-06-04,9,Off-Peak,Dry,706,1185,252,288,51
Kibuye Roundabout,2026-06-04,10,Off-Peak,Dry,227,580,110,97,12
Kibuye Roundabout,2026-06-04,10,Off-Peak,Dry,232,498,121,103,6
Kibuye Roundabout,2026-06-04,10,Off-Peak,Dry,200,588,99,65,13
Kibuye Roundabout,2026-06-04,10,Off-Peak,Dry,255,770,158,116,9
Kibuye Roundabout,2026-06-04,11,Off-Peak,Dry,259,635,114,102,16
Kibuye Roundabout,2026-06-04,11,Off-Peak,Dry,195,714,136,62,12
Kibuye Roundabout,2026-06-04,11,Off-Peak,Dry,158,441,84,63,5
Kibuye Roundabout,2026-06-04,11,Off-Peak,Dry,138,320,87,64,3
Kibuye Roundabout,2026-06-04,12,Off-Peak,Dry,169,499,66,59,5
Kibuye Roundabout,2026-06-04,12,Off-Peak,Dry,188,349,103,78,12
Kibuye Roundabout,2026-06-04,12,Off-Peak,Dry,277,442,122,94,18
Kibuye Roundabout,2026-06-04,12,Off-Peak,Dry,159,468,85,65,12
Kibuye Roundabout,2026-06-04,13,Off-Peak,Dry,167,419,100,78,10
Kibuye Roundabout,2026-06-04,13,Off-Peak,Dry,190,489,136,92,12
Kibuye Roundabout,2026-06-04,13,Off-Peak,Dry,266,598,118,124,8
Kibuye Roundabout,2026-06-04,13,Off-Peak,Dry,270,731,117,126,13
Kibuye Roundabout,2026-06-04,14,Off-Peak,Dry,159,462,92,65,7
Kibuye Roundabout,2026-06-04,14,Off-Peak,Dry,216,807,109,70,14
Kibuye Roundabout,2026-06-04,14,Off-Peak,Dry,164,525,98,72,12
Kibuye Roundabout,2026-06-04,14,Off-Peak,Dry,252,401,124,123,7
Kibuye Roundabout,2026-06-04,15,Off-Peak,Dry,230,736,110,81,10
Kibuye Roundabout,2026-06-04,15,Off-Peak,Dry,248,556,131,77,6
Kibuye Roundabout,2026-06-04,15,Off-Peak,Dry,278,786,119,136,8
Kibuye Roundabout,2026-06-04,15,Off-Peak,Dry,209,458,108,102,6
Kibuye Roundabout,2026-06-04,16,Peak,Dry,581,1061,257,252,16
Kibuye Roundabout,2026-06-04,16,Peak,Dry,415,1153,253,193,27
Kibuye Roundabout,2026-06-04,16,Peak,Dry,422,1133,254,166,16
Kibuye Roundabout,2026-06-04,16,Peak,Dry,408,1239,287,167,18
Kibuye Roundabout,2026-06-04,17,Peak,Dry,555,1268,250,192,38
Kibuye Roundabout,2026-06-04,17,Peak,Dry,544,1248,249,192,32
Kibuye Roundabout,2026-06-04,17,Peak,Dry,612,1244,250,261,24
Kibuye Roundabout,2026-06-04,17,Peak,Dry,519,1601,239,168,25
Kibuye Roundabout,2026-06-04,18,Peak,Dry,401,1005,212,144,16
Kibuye Roundabout,2026-06-04,18,Peak,Dry,483,1292,292,180,10
Kibuye Roundabout,2026-06-04,18,Peak,Dry,499,792,206,169,38
Kibuye Roundabout,2026-06-04,18,Peak,Dry,544,1505,285,168,35
Kibuye Roundabout,2026-06-04,19,Off-Peak,Dry,473,866,253,227,33
Kibuye Roundabout,2026-06-04,19,Off-Peak,Dry,523,1405,189,217,31
Kibuye Roundabout,2026-06-04,19,Off-Peak,Dry,514,1317,208,181,41
Kibuye Roundabout,2026-06-04,19,Off-Peak,Dry,609,1031,306,207,34
Kibuye Roundabout,2026-06-04,20,Off-Peak,Dry,166,326,84,73,8
Kibuye Roundabout,2026-06-04,20,Off-Peak,Dry,225,640,140,95,5
Kibuye Roundabout,2026-06-04,20,Off-Peak,Dry,185,411,89,64,14
Kibuye Roundabout,2026-06-04,20,Off-Peak,Dry,139,419,70,63,7
Kibuye Roundabout,2026-06-04,21,Off-Peak,Dry,172,598,114,75,12
Kibuye Roundabout,2026-06-04,21,Off-Peak,Dry,214,526,100,93,6
Kibuye Roundabout,2026-06-04,21,Off-Peak,Dry,223,539,92,95,13
Kibuye Roundabout,2026-06-04,21,Off-Peak,Dry,222,593,135,69,8
Kibuye Roundabout,2026-06-05,6,Off-Peak,Dry,204,613,100,83,13
Kibuye Roundabout,2026-06-05,6,Off-Peak,Dry,148,486,72,66,3
Kibuye Roundabout,2026-06-05,6,Off-Peak,Dry,161,350,72,64,11
Kibuye Roundabout,2026-06-05,6,Off-Peak,Dry,255,439,116,120,16
Kibuye Roundabout,2026-06-05,7,Peak,Dry,544,1073,231,163,19
Kibuye Roundabout,2026-06-05,7,Peak,Dry,431,1242,228,153,30
Kibuye Roundabout,2026-06-05,7,Peak,Dry,562,1310,277,202,44
Kibuye Roundabout,2026-06-05,7,Peak,Dry,531,1399,218,203,32
Kibuye Roundabout,2026-06-05,8,Peak,Dry,487,1299,213,239,31
Kibuye Roundabout,2026-06-05,8,Peak,Dry,382,1000,242,124,25
Kibuye Roundabout,2026-06-05,8,Peak,Dry,540,910,221,227,23
Kibuye Roundabout,2026-06-05,8,Peak,Dry,487,1084,264,181,37
Kibuye Roundabout,2026-06-05,9,Off-Peak,Dry,534,1274,303,261,38
Kibuye Roundabout,2026-06-05,9,Off-Peak,Dry,469,1461,299,189,35
Kibuye Roundabout,2026-06-05,9,Off-Peak,Dry,406,1055,206,160,26
Kibuye Roundabout,2026-06-05,9,Off-Peak,Dry,438,1461,274,155,17
Kibuye Roundabout,2026-06-05,10,Off-Peak,Dry,309,758,148,119,12
Kibuye Roundabout,2026-06-05,10,Off-Peak,Dry,155,458,91,61,5
Kibuye Roundabout,2026-06-05,10,Off-Peak,Dry,230,536,113,75,6
Kibuye Roundabout,2026-06-05,10,Off-Peak,Dry,158,534,88,78,12
Kibuye Roundabout,2026-06-05,11,Off-Peak,Dry,234,471,118,79,11
Kibuye Roundabout,2026-06-05,11,Off-Peak,Dry,191,319,77,66,8
Kibuye Roundabout,2026-06-05,11,Off-Peak,Dry,169,396,115,80,6
Kibuye Roundabout,2026-06-05,11,Off-Peak,Dry,267,634,108,112,19
Kibuye Roundabout,2026-06-05,12,Off-Peak,Dry,263,481,121,120,16
Kibuye Roundabout,2026-06-05,12,Off-Peak,Dry,253,651,115,81,11
Kibuye Roundabout,2026-06-05,12,Off-Peak,Dry,167,387,86,79,8
Kibuye Roundabout,2026-06-05,12,Off-Peak,Dry,262,685,110,91,9
Kibuye Roundabout,2026-06-05,13,Off-Peak,Dry,283,438,149,104,12
Kibuye Roundabout,2026-06-05,13,Off-Peak,Dry,174,501,78,57,7
Kibuye Roundabout,2026-06-05,13,Off-Peak,Dry,220,396,83,98,7
Kibuye Roundabout,2026-06-05,13,Off-Peak,Dry,201,406,90,94,10
Kibuye Roundabout,2026-06-05,14,Off-Peak,Dry,157,362,83,51,6
Kibuye Roundabout,2026-06-05,14,Off-Peak,Dry,174,440,74,70,12
Kibuye Roundabout,2026-06-05,14,Off-Peak,Dry,223,581,133,81,14
Kibuye Roundabout,2026-06-05,14,Off-Peak,Dry,135,277,82,63,8
Kibuye Roundabout,2026-06-05,15,Off-Peak,Dry,198,387,79,92,11
Kibuye Roundabout,2026-06-05,15,Off-Peak,Dry,167,534,108,66,5
Kibuye Roundabout,2026-06-05,15,Off-Peak,Dry,133,509,85,50,3
Kibuye Roundabout,2026-06-05,15,Off-Peak,Dry,272,526,113,124,21
Kibuye Roundabout,2026-06-05,16,Peak,Dry,516,1284,311,185,33
Kibuye Roundabout,2026-06-05,16,Peak,Dry,548,1119,248,187,39
Kibuye Roundabout,2026-06-05,16,Peak,Dry,579,988,261,204,42
Kibuye Roundabout,2026-06-05,16,Peak,Dry,532,1379,282,218,38
Kibuye Roundabout,2026-06-05,17,Peak,Dry,601,1808,320,247,37
Kibuye Roundabout,2026-06-05,17,Peak,Dry,456,1330,284,192,19
Kibuye Roundabout,2026-06-05,17,Peak,Dry,512,1539,305,201,12
Kibuye Roundabout,2026-06-05,17,Peak,Dry,523,1456,298,213,19
Kibuye Roundabout,2026-06-05,18,Peak,Dry,566,1539,254,198,30
Kibuye Roundabout,2026-06-05,18,Peak,Dry,403,1052,263,125,21
Kibuye Roundabout,2026-06-05,18,Peak,Dry,612,1574,230,249,25
Kibuye Roundabout,2026-06-05,18,Peak,Dry,534,1608,277,207,21
Kibuye Roundabout,2026-06-05,19,Off-Peak,Dry,465,1097,278,209,14
Kibuye Roundabout,2026-06-05,19,Off-Peak,Dry,538,1338,250,261,13
Kibuye Roundabout,2026-06-05,19,Off-Peak,Dry,539,828,194,216,36
Kibuye Roundabout,2026-06-05,19,Off-Peak,Dry,391,979,277,155,24
Kibuye Roundabout,2026-06-05,20,Off-Peak,Dry,163,452,78,74,6
Kibuye Roundabout,2026-06-05,20,Off-Peak,Dry,189,467,99,84,6
Kibuye Roundabout,2026-06-05,20,Off-Peak,Dry,211,669,123,99,9
Kibuye Roundabout,2026-06-05,20,Off-Peak,Dry,169,534,81,81,9
Kibuye Roundabout,2026-06-05,21,Off-Peak,Dry,251,735,149,121,19
Kibuye Roundabout,2026-06-05,21,Off-Peak,Dry,238,635,132,111,14
Kibuye Roundabout,2026-06-05,21,Off-Peak,Dry,182,451,87,75,13
Kibuye Roundabout,2026-06-05,21,Off-Peak,Dry,155,509,81,52,5
Kibuye Roundabout,2026-06-06,6,Off-Peak,Dry,192,554,110,72,14
Kibuye Roundabout,2026-06-06,6,Off-Peak,Dry,284,533,118,115,18
Kibuye Roundabout,2026-06-06,6,Off-Peak,Dry,198,411,91,92,10
Kibuye Roundabout,2026-06-06,6,Off-Peak,Dry,198,689,121,88,15
Kibuye Roundabout,2026-06-06,7,Peak,Dry,634,1578,319,245,22
Kibuye Roundabout,2026-06-06,7,Peak,Dry,496,1206,283,212,34
Kibuye Roundabout,2026-06-06,7,Peak,Dry,602,1353,306,184,23
Kibuye Roundabout,2026-06-06,7,Peak,Dry,645,1138,255,292,23
Kibuye Roundabout,2026-06-06,8,Peak,Dry,528,1332,207,257,18
Kibuye Roundabout,2026-06-06,8,Peak,Dry,586,1406,276,203,37
Kibuye Roundabout,2026-06-06,8,Peak,Dry,435,1568,247,146,23
Kibuye Roundabout,2026-06-06,8,Peak,Dry,403,895,282,149,11
Kibuye Roundabout,2026-06-06,9,Off-Peak,Dry,682,1681,339,304,39
Kibuye Roundabout,2026-06-06,9,Off-Peak,Dry,511,912,212,172,29
Kibuye Roundabout,2026-06-06,9,Off-Peak,Dry,610,1550,338,263,22
Kibuye Roundabout,2026-06-06,9,Off-Peak,Dry,518,1359,278,219,34
Kibuye Roundabout,2026-06-06,10,Off-Peak,Dry,255,567,113,97,7
Kibuye Roundabout,2026-06-06,10,Off-Peak,Dry,142,413,72,57,3
Kibuye Roundabout,2026-06-06,10,Off-Peak,Dry,195,466,84,83,7
Kibuye Roundabout,2026-06-06,10,Off-Peak,Dry,152,388,77,63,10
Kibuye Roundabout,2026-06-06,11,Off-Peak,Dry,213,369,86,83,15
Kibuye Roundabout,2026-06-06,11,Off-Peak,Dry,278,551,131,132,14
Kibuye Roundabout,2026-06-06,11,Off-Peak,Dry,225,549,131,68,8
Kibuye Roundabout,2026-06-06,11,Off-Peak,Dry,253,600,92,120,18
Kibuye Roundabout,2026-06-06,12,Off-Peak,Dry,187,469,109,72,12
Kibuye Roundabout,2026-06-06,12,Off-Peak,Dry,262,580,121,101,5
Kibuye Roundabout,2026-06-06,12,Off-Peak,Dry,174,460,127,63,10
Kibuye Roundabout,2026-06-06,12,Off-Peak,Dry,311,498,118,134,14
Kibuye Roundabout,2026-06-06,13,Off-Peak,Dry,157,467,94,69,3
Kibuye Roundabout,2026-06-06,13,Off-Peak,Dry,234,543,126,98,16
Kibuye Roundabout,2026-06-06,13,Off-Peak,Dry,136,468,72,66,4
Kibuye Roundabout,2026-06-06,13,Off-Peak,Dry,174,528,77,73,5
Kibuye Roundabout,2026-06-06,14,Off-Peak,Dry,223,689,133,107,17
Kibuye Roundabout,2026-06-06,14,Off-Peak,Dry,271,712,98,105,14
Kibuye Roundabout,2026-06-06,14,Off-Peak,Dry,255,705,151,77,9
Kibuye Roundabout,2026-06-06,14,Off-Peak,Dry,213,630,105,90,13
Kibuye Roundabout,2026-06-06,15,Off-Peak,Dry,155,349,93,57,6
Kibuye Roundabout,2026-06-06,15,Off-Peak,Dry,184,354,108,76,12
Kibuye Roundabout,2026-06-06,15,Off-Peak,Dry,225,692,125,93,12
Kibuye Roundabout,2026-06-06,15,Off-Peak,Dry,160,452,73,65,8
Kibuye Roundabout,2026-06-06,16,Peak,Dry,543,1180,313,221,27
Kibuye Roundabout,2026-06-06,16,Peak,Dry,477,919,270,191,17
Kibuye Roundabout,2026-06-06,16,Peak,Dry,644,1293,327,256,37
Kibuye Roundabout,2026-06-06,16,Peak,Dry,541,843,236,177,29
Kibuye Roundabout,2026-06-06,17,Peak,Dry,585,1363,248,176,44
Kibuye Roundabout,2026-06-06,17,Peak,Dry,528,1242,334,171,22
Kibuye Roundabout,2026-06-06,17,Peak,Dry,522,865,214,166,27
Kibuye Roundabout,2026-06-06,17,Peak,Dry,677,1030,243,220,43
Kibuye Roundabout,2026-06-06,18,Peak,Dry,607,1531,298,193,19
Kibuye Roundabout,2026-06-06,18,Peak,Dry,485,1068,250,167,35
Kibuye Roundabout,2026-06-06,18,Peak,Dry,528,1479,248,202,20
Kibuye Roundabout,2026-06-06,18,Peak,Dry,517,1326,265,254,38
Kibuye Roundabout,2026-06-06,19,Off-Peak,Dry,512,886,282,164,14
Kibuye Roundabout,2026-06-06,19,Off-Peak,Dry,524,850,210,176,34
Kibuye Roundabout,2026-06-06,19,Off-Peak,Dry,584,1465,301,268,25
Kibuye Roundabout,2026-06-06,19,Off-Peak,Dry,619,983,239,226,42
Kibuye Roundabout,2026-06-06,20,Off-Peak,Dry,283,531,116,94,8
Kibuye Roundabout,2026-06-06,20,Off-Peak,Dry,178,394,79,86,7
Kibuye Roundabout,2026-06-06,20,Off-Peak,Dry,216,689,116,86,11
Kibuye Roundabout,2026-06-06,20,Off-Peak,Dry,203,741,119,92,10
Kibuye Roundabout,2026-06-06,21,Off-Peak,Dry,224,415,111,97,6
Kibuye Roundabout,2026-06-06,21,Off-Peak,Dry,205,527,132,98,5
Kibuye Roundabout,2026-06-06,21,Off-Peak,Dry,213,383,120,72,11
Kibuye Roundabout,2026-06-06,21,Off-Peak,Dry,206,715,123,79,4
Kibuye Roundabout,2026-06-07,6,Off-Peak,Dry,199,421,97,92,10
Kibuye Roundabout,2026-06-07,6,Off-Peak,Dry,236,594,125,90,8
Kibuye Roundabout,2026-06-07,6,Off-Peak,Dry,203,410,94,67,7
Kibuye Roundabout,2026-06-07,6,Off-Peak,Dry,182,489,98,76,13
Kibuye Roundabout,2026-06-07,7,Peak,Dry,471,1051,317,182,28
Kibuye Roundabout,2026-06-07,7,Peak,Dry,550,1499,230,265,34
Kibuye Roundabout,2026-06-07,7,Peak,Dry,441,1125,228,150,27
Kibuye Roundabout,2026-06-07,7,Peak,Dry,464,1346,298,147,34
Kibuye Roundabout,2026-06-07,8,Peak,Dry,484,1142,193,149,24
Kibuye Roundabout,2026-06-07,8,Peak,Dry,399,1091,214,196,26
Kibuye Roundabout,2026-06-07,8,Peak,Dry,564,1024,201,190,30
Kibuye Roundabout,2026-06-07,8,Peak,Dry,398,1093,237,188,30
Kibuye Roundabout,2026-06-07,9,Off-Peak,Dry,518,1515,269,173,41
Kibuye Roundabout,2026-06-07,9,Off-Peak,Dry,595,1476,288,263,33
Kibuye Roundabout,2026-06-07,9,Off-Peak,Dry,522,1486,265,245,12
Kibuye Roundabout,2026-06-07,9,Off-Peak,Dry,448,861,228,184,30
Kibuye Roundabout,2026-06-07,10,Off-Peak,Dry,186,406,85,72,10
Kibuye Roundabout,2026-06-07,10,Off-Peak,Dry,201,338,102,87,5
Kibuye Roundabout,2026-06-07,10,Off-Peak,Dry,187,400,109,76,13
Kibuye Roundabout,2026-06-07,10,Off-Peak,Dry,182,357,85,54,10
Kibuye Roundabout,2026-06-07,11,Off-Peak,Dry,183,568,85,63,9
Kibuye Roundabout,2026-06-07,11,Off-Peak,Dry,127,297,66,48,5
Kibuye Roundabout,2026-06-07,11,Off-Peak,Dry,183,458,90,65,8
Kibuye Roundabout,2026-06-07,11,Off-Peak,Dry,203,605,92,71,10
Kibuye Roundabout,2026-06-07,12,Off-Peak,Dry,208,461,85,71,14
Kibuye Roundabout,2026-06-07,12,Off-Peak,Dry,220,590,110,89,14
Kibuye Roundabout,2026-06-07,12,Off-Peak,Dry,250,606,140,106,6
Kibuye Roundabout,2026-06-07,12,Off-Peak,Dry,228,565,106,80,8
Kibuye Roundabout,2026-06-07,13,Off-Peak,Dry,133,394,83,51,8
Kibuye Roundabout,2026-06-07,13,Off-Peak,Dry,262,721,113,108,5
Kibuye Roundabout,2026-06-07,13,Off-Peak,Dry,308,691,152,119,7
Kibuye Roundabout,2026-06-07,13,Off-Peak,Dry,192,436,117,94,4
Kibuye Roundabout,2026-06-07,14,Off-Peak,Dry,185,623,101,73,10
Kibuye Roundabout,2026-06-07,14,Off-Peak,Dry,244,628,119,96,10
Kibuye Roundabout,2026-06-07,14,Off-Peak,Dry,280,576,159,84,5
Kibuye Roundabout,2026-06-07,14,Off-Peak,Dry,172,325,83,62,5
Kibuye Roundabout,2026-06-07,15,Off-Peak,Dry,204,513,88,83,14
Kibuye Roundabout,2026-06-07,15,Off-Peak,Dry,204,596,90,72,5
Kibuye Roundabout,2026-06-07,15,Off-Peak,Dry,246,725,139,80,16
Kibuye Roundabout,2026-06-07,15,Off-Peak,Dry,213,424,104,90,11
Kibuye Roundabout,2026-06-07,16,Peak,Dry,577,1082,287,212,19
Kibuye Roundabout,2026-06-07,16,Peak,Dry,553,1278,334,231,16
Kibuye Roundabout,2026-06-07,16,Peak,Dry,670,1586,254,329,17
Kibuye Roundabout,2026-06-07,16,Peak,Dry,552,1463,325,245,40
Kibuye Roundabout,2026-06-07,17,Peak,Dry,515,1165,264,167,35
Kibuye Roundabout,2026-06-07,17,Peak,Dry,566,1086,237,186,11
Kibuye Roundabout,2026-06-07,17,Peak,Dry,434,1109,303,209,18
Kibuye Roundabout,2026-06-07,17,Peak,Dry,578,1350,264,266,35
Kibuye Roundabout,2026-06-07,18,Peak,Dry,637,1272,231,227,27
Kibuye Roundabout,2026-06-07,18,Peak,Dry,509,1294,257,217,23
Kibuye Roundabout,2026-06-07,18,Peak,Dry,531,1406,289,259,25
Kibuye Roundabout,2026-06-07,18,Peak,Dry,426,940,242,132,19
Kibuye Roundabout,2026-06-07,19,Off-Peak,Dry,500,1401,232,193,17
Kibuye Roundabout,2026-06-07,19,Off-Peak,Dry,504,1373,232,204,18
Kibuye Roundabout,2026-06-07,19,Off-Peak,Dry,628,1041,324,241,33
Kibuye Roundabout,2026-06-07,19,Off-Peak,Dry,661,1292,263,231,49
Kibuye Roundabout,2026-06-07,20,Off-Peak,Dry,234,509,113,91,6
Kibuye Roundabout,2026-06-07,20,Off-Peak,Dry,142,420,74,62,3
Kibuye Roundabout,2026-06-07,20,Off-Peak,Dry,196,662,121,74,14
Kibuye Roundabout,2026-06-07,20,Off-Peak,Dry,306,808,139,146,11
Kibuye Roundabout,2026-06-07,21,Off-Peak,Dry,143,429,93,71,5
Kibuye Roundabout,2026-06-07,21,Off-Peak,Dry,176,597,120,79,8
Kibuye Roundabout,2026-06-07,21,Off-Peak,Dry,166,437,101,81,5
Kibuye Roundabout,2026-06-07,21,Off-Peak,Dry,264,487,130,120,13
Kibuye Roundabout,2026-06-08,6,Off-Peak,Dry,191,512,100,84,8
Kibuye Roundabout,2026-06-08,6,Off-Peak,Dry,297,611,145,102,20
Kibuye Roundabout,2026-06-08,6,Off-Peak,Dry,308,690,119,141,13
Kibuye Roundabout,2026-06-08,6,Off-Peak,Dry,233,378,93,81,14
Kibuye Roundabout,2026-06-08,7,Peak,Dry,474,1105,222,169,20
Kibuye Roundabout,2026-06-08,7,Peak,Dry,375,943,249,130,28
Kibuye Roundabout,2026-06-08,7,Peak,Dry,484,882,235,177,21
Kibuye Roundabout,2026-06-08,7,Peak,Dry,432,1199,286,158,22
Kibuye Roundabout,2026-06-08,8,Peak,Dry,587,1256,267,274,27
Kibuye Roundabout,2026-06-08,8,Peak,Dry,569,1137,225,219,20
Kibuye Roundabout,2026-06-08,8,Peak,Dry,484,982,303,236,37
Kibuye Roundabout,2026-06-08,8,Peak,Dry,380,977,194,188,26
Kibuye Roundabout,2026-06-08,9,Off-Peak,Dry,522,1102,250,217,34
Kibuye Roundabout,2026-06-08,9,Off-Peak,Dry,434,1098,290,205,9
Kibuye Roundabout,2026-06-08,9,Off-Peak,Dry,567,947,259,266,11
Kibuye Roundabout,2026-06-08,9,Off-Peak,Dry,553,1016,274,234,30
Kibuye Roundabout,2026-06-08,10,Off-Peak,Dry,152,502,83,53,4
Kibuye Roundabout,2026-06-08,10,Off-Peak,Dry,265,405,132,116,20
Kibuye Roundabout,2026-06-08,10,Off-Peak,Dry,148,418,89,55,8
Kibuye Roundabout,2026-06-08,10,Off-Peak,Dry,170,619,113,61,8
Kibuye Roundabout,2026-06-08,11,Off-Peak,Dry,242,630,119,118,5
Kibuye Roundabout,2026-06-08,11,Off-Peak,Dry,239,696,135,105,14
Kibuye Roundabout,2026-06-08,11,Off-Peak,Dry,230,366,96,79,5
Kibuye Roundabout,2026-06-08,11,Off-Peak,Dry,228,634,155,108,5
Kibuye Roundabout,2026-06-08,12,Off-Peak,Dry,279,572,103,111,5
Kibuye Roundabout,2026-06-08,12,Off-Peak,Dry,166,325,86,61,8
Kibuye Roundabout,2026-06-08,12,Off-Peak,Dry,230,557,118,104,5
Kibuye Roundabout,2026-06-08,12,Off-Peak,Dry,174,590,119,72,7
Kibuye Roundabout,2026-06-08,13,Off-Peak,Dry,256,719,155,123,5
Kibuye Roundabout,2026-06-08,13,Off-Peak,Dry,205,304,97,101,7
Kibuye Roundabout,2026-06-08,13,Off-Peak,Dry,203,646,115,92,10
Kibuye Roundabout,2026-06-08,13,Off-Peak,Dry,166,326,85,78,3
Kibuye Roundabout,2026-06-08,14,Off-Peak,Dry,190,514,84,60,5
Kibuye Roundabout,2026-06-08,14,Off-Peak,Dry,181,273,74,79,8
Kibuye Roundabout,2026-06-08,14,Off-Peak,Dry,159,290,71,73,6
Kibuye Roundabout,2026-06-08,14,Off-Peak,Dry,191,501,120,68,6
Kibuye Roundabout,2026-06-08,15,Off-Peak,Dry,185,556,87,64,12
Kibuye Roundabout,2026-06-08,15,Off-Peak,Dry,161,584,116,62,12
Kibuye Roundabout,2026-06-08,15,Off-Peak,Dry,248,745,163,80,11
Kibuye Roundabout,2026-06-08,15,Off-Peak,Dry,145,498,86,63,7
Kibuye Roundabout,2026-06-08,16,Peak,Dry,497,1158,288,187,38
Kibuye Roundabout,2026-06-08,16,Peak,Dry,671,1265,264,259,39
Kibuye Roundabout,2026-06-08,16,Peak,Dry,538,1292,229,208,27
Kibuye Roundabout,2026-06-08,16,Peak,Dry,520,930,235,203,24
Kibuye Roundabout,2026-06-08,17,Peak,Dry,619,1652,247,289,41
Kibuye Roundabout,2026-06-08,17,Peak,Dry,598,1114,284,232,25
Kibuye Roundabout,2026-06-08,17,Peak,Dry,444,1500,285,208,18
Kibuye Roundabout,2026-06-08,17,Peak,Dry,638,1434,245,316,33
Kibuye Roundabout,2026-06-08,18,Peak,Dry,589,1044,303,249,26
Kibuye Roundabout,2026-06-08,18,Peak,Dry,560,1013,265,245,17
Kibuye Roundabout,2026-06-08,18,Peak,Dry,517,1127,230,204,36
Kibuye Roundabout,2026-06-08,18,Peak,Dry,530,1336,237,189,18
Kibuye Roundabout,2026-06-08,19,Off-Peak,Dry,577,932,296,286,16
Kibuye Roundabout,2026-06-08,19,Off-Peak,Dry,554,973,232,167,16
Kibuye Roundabout,2026-06-08,19,Off-Peak,Dry,501,992,256,150,26
Kibuye Roundabout,2026-06-08,19,Off-Peak,Dry,554,1343,286,184,39
Kibuye Roundabout,2026-06-08,20,Off-Peak,Dry,191,378,90,61,12
Kibuye Roundabout,2026-06-08,20,Off-Peak,Dry,192,465,86,85,5
Kibuye Roundabout,2026-06-08,20,Off-Peak,Dry,153,418,84,73,3
Kibuye Roundabout,2026-06-08,20,Off-Peak,Dry,183,312,75,66,9
Kibuye Roundabout,2026-06-08,21,Off-Peak,Dry,214,718,118,91,6
Kibuye Roundabout,2026-06-08,21,Off-Peak,Dry,214,501,98,93,5
Kibuye Roundabout,2026-06-08,21,Off-Peak,Dry,214,383,100,73,12
Kibuye Roundabout,2026-06-08,21,Off-Peak,Dry,255,739,155,117,5
Kibuye Roundabout,2026-06-09,6,Off-Peak,Dry,244,758,123,81,19
Kibuye Roundabout,2026-06-09,6,Off-Peak,Dry,201,468,146,90,10
Kibuye Roundabout,2026-06-09,6,Off-Peak,Dry,288,532,117,118,20
Kibuye Roundabout,2026-06-09,6,Off-Peak,Dry,188,419,93,69,11
Kibuye Roundabout,2026-06-09,7,Peak,Dry,615,1814,264,280,37
Kibuye Roundabout,2026-06-09,7,Peak,Dry,705,1280,246,217,18
Kibuye Roundabout,2026-06-09,7,Peak,Dry,632,1609,250,205,19
Kibuye Roundabout,2026-06-09,7,Peak,Dry,509,1457,250,154,20
Kibuye Roundabout,2026-06-09,8,Peak,Dry,633,1429,328,194,15
Kibuye Roundabout,2026-06-09,8,Peak,Dry,537,846,239,224,17
Kibuye Roundabout,2026-06-09,8,Peak,Dry,579,1305,279,175,42
Kibuye Roundabout,2026-06-09,8,Peak,Dry,529,1243,231,261,23
Kibuye Roundabout,2026-06-09,9,Off-Peak,Dry,457,1440,227,156,33
Kibuye Roundabout,2026-06-09,9,Off-Peak,Dry,505,1643,252,233,18
Kibuye Roundabout,2026-06-09,9,Off-Peak,Dry,626,1544,290,276,45
Kibuye Roundabout,2026-06-09,9,Off-Peak,Dry,549,1275,275,262,17
Kibuye Roundabout,2026-06-09,10,Off-Peak,Dry,124,382,74,54,6
Kibuye Roundabout,2026-06-09,10,Off-Peak,Dry,148,397,83,52,2
Kibuye Roundabout,2026-06-09,10,Off-Peak,Dry,191,486,103,73,5
Kibuye Roundabout,2026-06-09,10,Off-Peak,Dry,216,636,115,82,13
Kibuye Roundabout,2026-06-09,11,Off-Peak,Dry,186,397,86,69,4
Kibuye Roundabout,2026-06-09,11,Off-Peak,Dry,246,728,96,81,5
Kibuye Roundabout,2026-06-09,11,Off-Peak,Dry,250,461,138,108,17
Kibuye Roundabout,2026-06-09,11,Off-Peak,Dry,231,628,131,73,11
Kibuye Roundabout,2026-06-09,12,Off-Peak,Dry,184,462,91,77,8
Kibuye Roundabout,2026-06-09,12,Off-Peak,Dry,199,373,97,83,6
Kibuye Roundabout,2026-06-09,12,Off-Peak,Dry,224,469,111,68,14
Kibuye Roundabout,2026-06-09,12,Off-Peak,Dry,205,612,112,87,10
Kibuye Roundabout,2026-06-09,13,Off-Peak,Dry,213,494,107,73,11
Kibuye Roundabout,2026-06-09,13,Off-Peak,Dry,210,399,127,99,13
Kibuye Roundabout,2026-06-09,13,Off-Peak,Dry,126,424,66,62,3
Kibuye Roundabout,2026-06-09,13,Off-Peak,Dry,231,626,97,85,9
Kibuye Roundabout,2026-06-09,14,Off-Peak,Dry,156,453,102,54,8
Kibuye Roundabout,2026-06-09,14,Off-Peak,Dry,126,373,82,52,8
Kibuye Roundabout,2026-06-09,14,Off-Peak,Dry,208,459,130,90,15
Kibuye Roundabout,2026-06-09,14,Off-Peak,Dry,208,626,91,99,4
Kibuye Roundabout,2026-06-09,15,Off-Peak,Dry,231,508,100,113,10
Kibuye Roundabout,2026-06-09,15,Off-Peak,Dry,152,411,82,65,7
Kibuye Roundabout,2026-06-09,15,Off-Peak,Dry,240,378,94,108,9
Kibuye Roundabout,2026-06-09,15,Off-Peak,Dry,236,540,116,100,10
Kibuye Roundabout,2026-06-09,16,Peak,Dry,500,1106,249,225,35
Kibuye Roundabout,2026-06-09,16,Peak,Dry,524,1133,292,202,27
Kibuye Roundabout,2026-06-09,16,Peak,Dry,397,993,201,155,28
Kibuye Roundabout,2026-06-09,16,Peak,Dry,500,1120,263,167,36
Kibuye Roundabout,2026-06-09,17,Peak,Dry,485,1571,268,188,11
Kibuye Roundabout,2026-06-09,17,Peak,Dry,682,1570,235,320,43
Kibuye Roundabout,2026-06-09,17,Peak,Dry,520,1657,315,216,24
Kibuye Roundabout,2026-06-09,17,Peak,Dry,572,1635,242,260,22
Kibuye Roundabout,2026-06-09,18,Peak,Dry,566,951,286,183,26
Kibuye Roundabout,2026-06-09,18,Peak,Dry,602,1706,314,298,40
Kibuye Roundabout,2026-06-09,18,Peak,Dry,398,1039,237,134,23
Kibuye Roundabout,2026-06-09,18,Peak,Dry,610,1612,308,204,26
Kibuye Roundabout,2026-06-09,19,Off-Peak,Dry,460,1375,261,227,24
Kibuye Roundabout,2026-06-09,19,Off-Peak,Dry,588,1277,273,231,15
Kibuye Roundabout,2026-06-09,19,Off-Peak,Dry,551,1319,324,208,20
Kibuye Roundabout,2026-06-09,19,Off-Peak,Dry,423,1226,222,165,31
Kibuye Roundabout,2026-06-09,20,Off-Peak,Dry,185,381,70,73,9
Kibuye Roundabout,2026-06-09,20,Off-Peak,Dry,256,685,119,89,13
Kibuye Roundabout,2026-06-09,20,Off-Peak,Dry,182,483,109,84,5
Kibuye Roundabout,2026-06-09,20,Off-Peak,Dry,149,425,91,49,4
Kibuye Roundabout,2026-06-09,21,Off-Peak,Dry,202,448,110,99,7
Kibuye Roundabout,2026-06-09,21,Off-Peak,Dry,141,452,78,57,8
Kibuye Roundabout,2026-06-09,21,Off-Peak,Dry,194,373,91,61,9
Kibuye Roundabout,2026-06-09,21,Off-Peak,Dry,301,649,163,122,8
Kibuye Roundabout,2026-06-10,6,Off-Peak,Dry,203,449,82,89,7
Kibuye Roundabout,2026-06-10,6,Off-Peak,Dry,241,497,97,72,5
Kibuye Roundabout,2026-06-10,6,Off-Peak,Dry,228,594,144,102,13
Kibuye Roundabout,2026-06-10,6,Off-Peak,Dry,155,505,86,56,5
Kibuye Roundabout,2026-06-10,7,Peak,Dry,470,896,245,161,28
Kibuye Roundabout,2026-06-10,7,Peak,Dry,541,1458,247,211,35
Kibuye Roundabout,2026-06-10,7,Peak,Dry,551,1110,255,190,35
Kibuye Roundabout,2026-06-10,7,Peak,Dry,465,1327,235,182,16
Kibuye Roundabout,2026-06-10,8,Peak,Dry,691,1685,275,322,21
Kibuye Roundabout,2026-06-10,8,Peak,Dry,526,1272,298,202,17
Kibuye Roundabout,2026-06-10,8,Peak,Dry,480,986,272,201,11
Kibuye Roundabout,2026-06-10,8,Peak,Dry,537,936,243,220,42
Kibuye Roundabout,2026-06-10,9,Off-Peak,Dry,537,865,236,257,15
Kibuye Roundabout,2026-06-10,9,Off-Peak,Dry,423,1010,277,189,32
Kibuye Roundabout,2026-06-10,9,Off-Peak,Dry,619,1372,231,235,36
Kibuye Roundabout,2026-06-10,9,Off-Peak,Dry,410,1426,278,150,25
Kibuye Roundabout,2026-06-10,10,Off-Peak,Dry,207,521,96,63,9
Kibuye Roundabout,2026-06-10,10,Off-Peak,Dry,182,339,99,64,10
Kibuye Roundabout,2026-06-10,10,Off-Peak,Dry,185,524,80,84,10
Kibuye Roundabout,2026-06-10,10,Off-Peak,Dry,309,445,120,136,17
Kibuye Roundabout,2026-06-10,11,Off-Peak,Dry,202,508,75,95,8
Kibuye Roundabout,2026-06-10,11,Off-Peak,Dry,219,411,135,66,10
Kibuye Roundabout,2026-06-10,11,Off-Peak,Dry,204,547,99,94,7
Kibuye Roundabout,2026-06-10,11,Off-Peak,Dry,211,499,139,65,5
Kibuye Roundabout,2026-06-10,12,Off-Peak,Dry,181,341,87,73,5
Kibuye Roundabout,2026-06-10,12,Off-Peak,Dry,235,755,146,83,6
Kibuye Roundabout,2026-06-10,12,Off-Peak,Dry,169,518,84,68,7
Kibuye Roundabout,2026-06-10,12,Off-Peak,Dry,189,341,74,72,3
Kibuye Roundabout,2026-06-10,13,Off-Peak,Dry,176,451,80,71,11
Kibuye Roundabout,2026-06-10,13,Off-Peak,Dry,275,532,105,96,21
Kibuye Roundabout,2026-06-10,13,Off-Peak,Dry,194,330,68,88,14
Kibuye Roundabout,2026-06-10,13,Off-Peak,Dry,211,414,110,65,12
Kibuye Roundabout,2026-06-10,14,Off-Peak,Dry,273,496,153,132,21
Kibuye Roundabout,2026-06-10,14,Off-Peak,Dry,221,749,114,101,15
Kibuye Roundabout,2026-06-10,14,Off-Peak,Dry,274,612,125,109,14
Kibuye Roundabout,2026-06-10,14,Off-Peak,Dry,161,507,73,64,10
Kibuye Roundabout,2026-06-10,15,Off-Peak,Dry,144,403,83,53,5
Kibuye Roundabout,2026-06-10,15,Off-Peak,Dry,207,587,106,96,9
Kibuye Roundabout,2026-06-10,15,Off-Peak,Dry,220,605,88,89,8
Kibuye Roundabout,2026-06-10,15,Off-Peak,Dry,167,431,101,76,8
Kibuye Roundabout,2026-06-10,16,Peak,Dry,581,1618,311,239,41
Kibuye Roundabout,2026-06-10,16,Peak,Dry,510,1619,311,240,17
Kibuye Roundabout,2026-06-10,16,Peak,Dry,500,1048,200,201,38
Kibuye Roundabout,2026-06-10,16,Peak,Dry,512,1522,237,205,24
Kibuye Roundabout,2026-06-10,17,Peak,Dry,477,1293,314,236,25
Kibuye Roundabout,2026-06-10,17,Peak,Dry,650,1033,314,264,37
Kibuye Roundabout,2026-06-10,17,Peak,Dry,420,1239,245,189,33
Kibuye Roundabout,2026-06-10,17,Peak,Dry,451,1223,244,206,16
Kibuye Roundabout,2026-06-10,18,Peak,Dry,632,1054,290,271,12
Kibuye Roundabout,2026-06-10,18,Peak,Dry,440,1056,287,200,21
Kibuye Roundabout,2026-06-10,18,Peak,Dry,662,1124,271,260,14
Kibuye Roundabout,2026-06-10,18,Peak,Dry,590,1396,254,245,32
Kibuye Roundabout,2026-06-10,19,Off-Peak,Dry,619,1590,242,306,37
Kibuye Roundabout,2026-06-10,19,Off-Peak,Dry,383,1403,197,116,27
Kibuye Roundabout,2026-06-10,19,Off-Peak,Dry,529,1441,261,186,40
Kibuye Roundabout,2026-06-10,19,Off-Peak,Dry,601,1428,224,282,26
Kibuye Roundabout,2026-06-10,20,Off-Peak,Dry,278,671,124,90,14
Kibuye Roundabout,2026-06-10,20,Off-Peak,Dry,162,493,112,78,4
Kibuye Roundabout,2026-06-10,20,Off-Peak,Dry,260,392,133,93,20
Kibuye Roundabout,2026-06-10,20,Off-Peak,Dry,194,560,121,74,7
Kibuye Roundabout,2026-06-10,21,Off-Peak,Dry,206,334,91,73,15
Kibuye Roundabout,2026-06-10,21,Off-Peak,Dry,272,430,142,102,19
Kibuye Roundabout,2026-06-10,21,Off-Peak,Dry,176,495,102,68,9
Kibuye Roundabout,2026-06-10,21,Off-Peak,Dry,157,279,86,72,5
Kibuye Roundabout,2026-06-11,6,Off-Peak,Dry,276,634,141,115,12
Kibuye Roundabout,2026-06-11,6,Off-Peak,Dry,193,506,122,85,8
Kibuye Roundabout,2026-06-11,6,Off-Peak,Dry,234,584,125,87,6
Kibuye Roundabout,2026-06-11,6,Off-Peak,Dry,279,785,125,131,9
Kibuye Roundabout,2026-06-11,7,Peak,Dry,464,1289,287,176,23
Kibuye Roundabout,2026-06-11,7,Peak,Dry,667,1748,347,316,24
Kibuye Roundabout,2026-06-11,7,Peak,Dry,456,1330,285,199,26
Kibuye Roundabout,2026-06-11,7,Peak,Dry,590,855,269,275,31
Kibuye Roundabout,2026-06-11,8,Peak,Dry,410,1507,299,147,27
Kibuye Roundabout,2026-06-11,8,Peak,Dry,649,1611,293,234,46
Kibuye Roundabout,2026-06-11,8,Peak,Dry,489,1538,256,194,24
Kibuye Roundabout,2026-06-11,8,Peak,Dry,485,1321,291,232,30
Kibuye Roundabout,2026-06-11,9,Off-Peak,Dry,395,1057,229,135,17
Kibuye Roundabout,2026-06-11,9,Off-Peak,Dry,509,1044,288,229,22
Kibuye Roundabout,2026-06-11,9,Off-Peak,Dry,559,824,204,225,30
Kibuye Roundabout,2026-06-11,9,Off-Peak,Dry,640,1085,282,224,34
Kibuye Roundabout,2026-06-11,10,Off-Peak,Dry,305,578,108,116,20
Kibuye Roundabout,2026-06-11,10,Off-Peak,Dry,263,386,112,79,9
Kibuye Roundabout,2026-06-11,10,Off-Peak,Dry,198,323,83,80,5
Kibuye Roundabout,2026-06-11,10,Off-Peak,Dry,227,549,140,98,6
Kibuye Roundabout,2026-06-11,11,Off-Peak,Dry,232,382,99,92,12
Kibuye Roundabout,2026-06-11,11,Off-Peak,Dry,182,312,88,56,11
Kibuye Roundabout,2026-06-11,11,Off-Peak,Dry,146,296,75,52,3
Kibuye Roundabout,2026-06-11,11,Off-Peak,Dry,153,452,96,67,3
Kibuye Roundabout,2026-06-11,12,Off-Peak,Dry,226,445,83,104,4
Kibuye Roundabout,2026-06-11,12,Off-Peak,Dry,293,552,111,114,20
Kibuye Roundabout,2026-06-11,12,Off-Peak,Dry,197,522,118,78,15
Kibuye Roundabout,2026-06-11,12,Off-Peak,Dry,174,364,98,77,13
Kibuye Roundabout,2026-06-11,13,Off-Peak,Dry,230,558,108,76,14
Kibuye Roundabout,2026-06-11,13,Off-Peak,Dry,270,573,144,111,20
Kibuye Roundabout,2026-06-11,13,Off-Peak,Dry,138,354,87,52,5
Kibuye Roundabout,2026-06-11,13,Off-Peak,Dry,280,676,115,117,7
Kibuye Roundabout,2026-06-11,14,Off-Peak,Dry,159,475,99,47,10
Kibuye Roundabout,2026-06-11,14,Off-Peak,Dry,225,531,115,108,8
Kibuye Roundabout,2026-06-11,14,Off-Peak,Dry,232,522,146,100,13
Kibuye Roundabout,2026-06-11,14,Off-Peak,Dry,171,488,80,69,12
Kibuye Roundabout,2026-06-11,15,Off-Peak,Dry,246,397,86,111,10
Kibuye Roundabout,2026-06-11,15,Off-Peak,Dry,153,391,92,69,10
Kibuye Roundabout,2026-06-11,15,Off-Peak,Dry,225,445,108,92,6
Kibuye Roundabout,2026-06-11,15,Off-Peak,Dry,182,440,93,84,12
Kibuye Roundabout,2026-06-11,16,Peak,Dry,536,1368,238,256,39
Kibuye Roundabout,2026-06-11,16,Peak,Dry,413,920,244,161,21
Kibuye Roundabout,2026-06-11,16,Peak,Dry,446,1099,238,188,16
Kibuye Roundabout,2026-06-11,16,Peak,Dry,651,1150,261,258,37
Kibuye Roundabout,2026-06-11,17,Peak,Dry,553,1039,248,266,25
Kibuye Roundabout,2026-06-11,17,Peak,Dry,611,1083,223,262,34
Kibuye Roundabout,2026-06-11,17,Peak,Dry,499,1136,227,245,13
Kibuye Roundabout,2026-06-11,17,Peak,Dry,689,1296,292,300,22
Kibuye Roundabout,2026-06-11,18,Peak,Dry,463,831,207,196,18
Kibuye Roundabout,2026-06-11,18,Peak,Dry,588,1087,284,263,34
Kibuye Roundabout,2026-06-11,18,Peak,Dry,684,1754,275,234,20
Kibuye Roundabout,2026-06-11,18,Peak,Dry,558,1396,266,272,27
Kibuye Roundabout,2026-06-11,19,Off-Peak,Dry,599,1164,297,183,22
Kibuye Roundabout,2026-06-11,19,Off-Peak,Dry,506,909,271,199,25
Kibuye Roundabout,2026-06-11,19,Off-Peak,Dry,440,1627,246,167,29
Kibuye Roundabout,2026-06-11,19,Off-Peak,Dry,479,1084,243,156,16
Kibuye Roundabout,2026-06-11,20,Off-Peak,Dry,143,332,99,49,10
Kibuye Roundabout,2026-06-11,20,Off-Peak,Dry,161,481,104,70,8
Kibuye Roundabout,2026-06-11,20,Off-Peak,Dry,293,737,142,91,10
Kibuye Roundabout,2026-06-11,20,Off-Peak,Dry,140,516,90,69,9
Kibuye Roundabout,2026-06-11,21,Off-Peak,Dry,215,400,92,97,13
Kibuye Roundabout,2026-06-11,21,Off-Peak,Dry,148,424,72,50,6
Kibuye Roundabout,2026-06-11,21,Off-Peak,Dry,247,494,137,92,9
Kibuye Roundabout,2026-06-11,21,Off-Peak,Dry,214,394,100,79,7
Kibuye Roundabout,2026-06-12,6,Off-Peak,Dry,238,515,134,113,6
Kibuye Roundabout,2026-06-12,6,Off-Peak,Dry,163,398,108,73,8
Kibuye Roundabout,2026-06-12,6,Off-Peak,Dry,192,395,71,83,14
Kibuye Roundabout,2026-06-12,6,Off-Peak,Dry,180,363,103,85,10
Kibuye Roundabout,2026-06-12,7,Peak,Dry,528,1148,223,197,38
Kibuye Roundabout,2026-06-12,7,Peak,Dry,530,1229,224,192,39
Kibuye Roundabout,2026-06-12,7,Peak,Dry,436,981,257,196,32
Kibuye Roundabout,2026-06-12,7,Peak,Dry,613,1315,280,200,18
Kibuye Roundabout,2026-06-12,8,Peak,Dry,566,1272,311,218,36
Kibuye Roundabout,2026-06-12,8,Peak,Dry,573,1152,273,227,14
Kibuye Roundabout,2026-06-12,8,Peak,Dry,603,976,259,241,19
Kibuye Roundabout,2026-06-12,8,Peak,Dry,502,1054,297,156,26
Kibuye Roundabout,2026-06-12,9,Off-Peak,Dry,504,1240,241,166,30
Kibuye Roundabout,2026-06-12,9,Off-Peak,Dry,485,1077,225,166,30
Kibuye Roundabout,2026-06-12,9,Off-Peak,Dry,602,1488,230,256,31
Kibuye Roundabout,2026-06-12,9,Off-Peak,Dry,583,1377,245,201,34
Kibuye Roundabout,2026-06-12,10,Off-Peak,Dry,201,473,113,100,12
Kibuye Roundabout,2026-06-12,10,Off-Peak,Dry,254,455,111,96,18
Kibuye Roundabout,2026-06-12,10,Off-Peak,Dry,189,399,90,69,8
Kibuye Roundabout,2026-06-12,10,Off-Peak,Dry,196,578,102,65,6
Kibuye Roundabout,2026-06-12,11,Off-Peak,Dry,140,398,87,61,8
Kibuye Roundabout,2026-06-12,11,Off-Peak,Dry,269,704,138,128,18
Kibuye Roundabout,2026-06-12,11,Off-Peak,Dry,167,297,90,61,12
Kibuye Roundabout,2026-06-12,11,Off-Peak,Dry,180,392,116,77,5
Kibuye Roundabout,2026-06-12,12,Off-Peak,Dry,176,398,98,83,10
Kibuye Roundabout,2026-06-12,12,Off-Peak,Dry,237,612,129,109,7
Kibuye Roundabout,2026-06-12,12,Off-Peak,Dry,263,614,152,88,10
Kibuye Roundabout,2026-06-12,12,Off-Peak,Dry,291,654,154,105,14
Kibuye Roundabout,2026-06-12,13,Off-Peak,Dry,256,803,142,94,7
Kibuye Roundabout,2026-06-12,13,Off-Peak,Dry,210,545,84,91,10
Kibuye Roundabout,2026-06-12,13,Off-Peak,Dry,230,519,115,101,17
Kibuye Roundabout,2026-06-12,13,Off-Peak,Dry,306,468,129,148,15
Kibuye Roundabout,2026-06-12,14,Off-Peak,Dry,286,459,143,127,12
Kibuye Roundabout,2026-06-12,14,Off-Peak,Dry,216,617,111,100,12
Kibuye Roundabout,2026-06-12,14,Off-Peak,Dry,192,556,102,95,11
Kibuye Roundabout,2026-06-12,14,Off-Peak,Dry,201,401,83,91,8
Kibuye Roundabout,2026-06-12,15,Off-Peak,Dry,258,409,117,119,18
Kibuye Roundabout,2026-06-12,15,Off-Peak,Dry,226,678,127,77,16
Kibuye Roundabout,2026-06-12,15,Off-Peak,Dry,243,744,154,87,19
Kibuye Roundabout,2026-06-12,15,Off-Peak,Dry,168,427,74,54,9
Kibuye Roundabout,2026-06-12,16,Peak,Dry,565,1294,212,256,39
Kibuye Roundabout,2026-06-12,16,Peak,Dry,467,1612,319,147,17
Kibuye Roundabout,2026-06-12,16,Peak,Dry,602,1003,283,285,19
Kibuye Roundabout,2026-06-12,16,Peak,Dry,663,1527,227,288,41
Kibuye Roundabout,2026-06-12,17,Peak,Dry,516,976,274,174,12
Kibuye Roundabout,2026-06-12,17,Peak,Dry,450,1412,207,198,25
Kibuye Roundabout,2026-06-12,17,Peak,Dry,621,1260,242,255,41
Kibuye Roundabout,2026-06-12,17,Peak,Dry,622,1500,269,227,19
Kibuye Roundabout,2026-06-12,18,Peak,Dry,621,1370,253,299,45
Kibuye Roundabout,2026-06-12,18,Peak,Dry,642,1376,246,200,38
Kibuye Roundabout,2026-06-12,18,Peak,Dry,637,1009,282,265,36
Kibuye Roundabout,2026-06-12,18,Peak,Dry,539,1140,272,264,33
Kibuye Roundabout,2026-06-12,19,Off-Peak,Dry,493,1524,228,205,16
Kibuye Roundabout,2026-06-12,19,Off-Peak,Dry,625,1163,314,196,14
Kibuye Roundabout,2026-06-12,19,Off-Peak,Dry,508,949,274,184,23
Kibuye Roundabout,2026-06-12,19,Off-Peak,Dry,518,1155,249,194,23
Kibuye Roundabout,2026-06-12,20,Off-Peak,Dry,282,574,105,124,12
Kibuye Roundabout,2026-06-12,20,Off-Peak,Dry,265,481,114,96,13
Kibuye Roundabout,2026-06-12,20,Off-Peak,Dry,280,767,155,123,20
Kibuye Roundabout,2026-06-12,20,Off-Peak,Dry,217,546,114,72,9
Kibuye Roundabout,2026-06-12,21,Off-Peak,Dry,173,465,82,62,11
Kibuye Roundabout,2026-06-12,21,Off-Peak,Dry,163,443,102,80,5
Kibuye Roundabout,2026-06-12,21,Off-Peak,Dry,172,351,69,69,13
Kibuye Roundabout,2026-06-12,21,Off-Peak,Dry,180,501,83,65,3
Kibuye Roundabout,2026-06-13,6,Off-Peak,Dry,199,397,91,77,14
Kibuye Roundabout,2026-06-13,6,Off-Peak,Dry,277,715,122,102,9
Kibuye Roundabout,2026-06-13,6,Off-Peak,Dry,214,466,94,83,16
Kibuye Roundabout,2026-06-13,6,Off-Peak,Dry,178,316,84,71,4
Kibuye Roundabout,2026-06-13,7,Peak,Dry,457,1656,296,152,9
Kibuye Roundabout,2026-06-13,7,Peak,Dry,535,1269,198,208,27
Kibuye Roundabout,2026-06-13,7,Peak,Dry,578,1057,258,222,23
Kibuye Roundabout,2026-06-13,7,Peak,Dry,498,846,213,199,21
Kibuye Roundabout,2026-06-13,8,Peak,Dry,581,1317,305,210,25
Kibuye Roundabout,2026-06-13,8,Peak,Dry,437,1408,215,157,32
Kibuye Roundabout,2026-06-13,8,Peak,Dry,509,1331,267,181,37
Kibuye Roundabout,2026-06-13,8,Peak,Dry,487,1093,254,190,20
Kibuye Roundabout,2026-06-13,9,Off-Peak,Dry,457,1206,293,151,16
Kibuye Roundabout,2026-06-13,9,Off-Peak,Dry,597,1366,274,293,28
Kibuye Roundabout,2026-06-13,9,Off-Peak,Dry,523,973,302,203,26
Kibuye Roundabout,2026-06-13,9,Off-Peak,Dry,463,1191,322,224,19
Kibuye Roundabout,2026-06-13,10,Off-Peak,Dry,228,605,111,77,5
Kibuye Roundabout,2026-06-13,10,Off-Peak,Dry,226,470,89,94,11
Kibuye Roundabout,2026-06-13,10,Off-Peak,Dry,236,631,116,75,7
Kibuye Roundabout,2026-06-13,10,Off-Peak,Dry,236,512,131,116,10
Kibuye Roundabout,2026-06-13,11,Off-Peak,Dry,159,484,90,75,6
Kibuye Roundabout,2026-06-13,11,Off-Peak,Dry,173,420,74,62,5
Kibuye Roundabout,2026-06-13,11,Off-Peak,Dry,284,544,144,123,17
Kibuye Roundabout,2026-06-13,11,Off-Peak,Dry,232,833,126,99,9
Kibuye Roundabout,2026-06-13,12,Off-Peak,Dry,267,743,148,105,9
Kibuye Roundabout,2026-06-13,12,Off-Peak,Dry,212,465,105,81,5
Kibuye Roundabout,2026-06-13,12,Off-Peak,Dry,311,811,111,135,17
Kibuye Roundabout,2026-06-13,12,Off-Peak,Dry,171,502,96,62,3
Kibuye Roundabout,2026-06-13,13,Off-Peak,Dry,240,632,109,76,10
Kibuye Roundabout,2026-06-13,13,Off-Peak,Dry,220,709,102,107,15
Kibuye Roundabout,2026-06-13,13,Off-Peak,Dry,257,783,127,93,11
Kibuye Roundabout,2026-06-13,13,Off-Peak,Dry,283,552,136,87,8
Kibuye Roundabout,2026-06-13,14,Off-Peak,Dry,161,477,96,74,6
Kibuye Roundabout,2026-06-13,14,Off-Peak,Dry,240,521,110,73,17
Kibuye Roundabout,2026-06-13,14,Off-Peak,Dry,215,519,95,67,14
Kibuye Roundabout,2026-06-13,14,Off-Peak,Dry,282,479,142,101,10
Kibuye Roundabout,2026-06-13,15,Off-Peak,Dry,240,463,101,91,14
Kibuye Roundabout,2026-06-13,15,Off-Peak,Dry,268,483,136,110,19
Kibuye Roundabout,2026-06-13,15,Off-Peak,Dry,216,425,135,93,11
Kibuye Roundabout,2026-06-13,15,Off-Peak,Dry,166,567,92,53,8
Kibuye Roundabout,2026-06-13,16,Peak,Dry,594,1257,321,289,21
Kibuye Roundabout,2026-06-13,16,Peak,Dry,556,1147,248,242,13
Kibuye Roundabout,2026-06-13,16,Peak,Dry,617,1424,319,193,28
Kibuye Roundabout,2026-06-13,16,Peak,Dry,392,1367,222,167,29
Kibuye Roundabout,2026-06-13,17,Peak,Dry,542,1627,299,235,17
Kibuye Roundabout,2026-06-13,17,Peak,Dry,612,1221,283,214,35
Kibuye Roundabout,2026-06-13,17,Peak,Dry,590,1135,235,192,28
Kibuye Roundabout,2026-06-13,17,Peak,Dry,501,1219,265,190,23
Kibuye Roundabout,2026-06-13,18,Peak,Dry,446,1427,236,192,32
Kibuye Roundabout,2026-06-13,18,Peak,Dry,610,1642,302,191,31
Kibuye Roundabout,2026-06-13,18,Peak,Dry,622,1192,331,204,17
Kibuye Roundabout,2026-06-13,18,Peak,Dry,374,1038,274,141,7
Kibuye Roundabout,2026-06-13,19,Off-Peak,Dry,386,980,198,187,28
Kibuye Roundabout,2026-06-13,19,Off-Peak,Dry,613,995,305,279,20
Kibuye Roundabout,2026-06-13,19,Off-Peak,Dry,499,1557,296,192,38
Kibuye Roundabout,2026-06-13,19,Off-Peak,Dry,490,1137,293,158,32
Kibuye Roundabout,2026-06-13,20,Off-Peak,Dry,292,456,134,131,12
Kibuye Roundabout,2026-06-13,20,Off-Peak,Dry,229,580,94,85,17
Kibuye Roundabout,2026-06-13,20,Off-Peak,Dry,144,361,82,44,6
Kibuye Roundabout,2026-06-13,20,Off-Peak,Dry,224,689,121,73,11
Kibuye Roundabout,2026-06-13,21,Off-Peak,Dry,256,716,123,108,17
Kibuye Roundabout,2026-06-13,21,Off-Peak,Dry,175,362,126,58,5
Kibuye Roundabout,2026-06-13,21,Off-Peak,Dry,256,629,152,83,10
Kibuye Roundabout,2026-06-13,21,Off-Peak,Dry,171,415,86,72,11
Kibuye Roundabout,2026-06-14,6,Off-Peak,Dry,237,474,98,101,10
Kibuye Roundabout,2026-06-14,6,Off-Peak,Dry,247,786,147,107,14
Kibuye Roundabout,2026-06-14,6,Off-Peak,Dry,209,572,124,82,16
Kibuye Roundabout,2026-06-14,6,Off-Peak,Dry,290,563,134,106,9
Kibuye Roundabout,2026-06-14,7,Peak,Dry,521,1083,263,158,32
Kibuye Roundabout,2026-06-14,7,Peak,Dry,527,1053,289,239,16
Kibuye Roundabout,2026-06-14,7,Peak,Dry,667,1305,300,255,36
Kibuye Roundabout,2026-06-14,7,Peak,Dry,554,1619,252,209,32
Kibuye Roundabout,2026-06-14,8,Peak,Dry,497,1400,204,188,18
Kibuye Roundabout,2026-06-14,8,Peak,Dry,590,1396,254,196,46
Kibuye Roundabout,2026-06-14,8,Peak,Dry,507,1572,292,227,33
Kibuye Roundabout,2026-06-14,8,Peak,Dry,401,910,253,184,9
Kibuye Roundabout,2026-06-14,9,Off-Peak,Dry,527,1457,296,239,23
Kibuye Roundabout,2026-06-14,9,Off-Peak,Dry,469,1352,277,142,15
Kibuye Roundabout,2026-06-14,9,Off-Peak,Dry,490,1241,256,235,37
Kibuye Roundabout,2026-06-14,9,Off-Peak,Dry,537,888,259,243,30
Kibuye Roundabout,2026-06-14,10,Off-Peak,Dry,177,346,87,85,6
Kibuye Roundabout,2026-06-14,10,Off-Peak,Dry,229,535,108,90,13
Kibuye Roundabout,2026-06-14,10,Off-Peak,Dry,188,370,90,93,12
Kibuye Roundabout,2026-06-14,10,Off-Peak,Dry,209,527,130,79,15
Kibuye Roundabout,2026-06-14,11,Off-Peak,Dry,130,273,91,49,7
Kibuye Roundabout,2026-06-14,11,Off-Peak,Dry,254,656,134,111,13
Kibuye Roundabout,2026-06-14,11,Off-Peak,Dry,225,609,105,90,8
Kibuye Roundabout,2026-06-14,11,Off-Peak,Dry,239,641,147,119,15
Kibuye Roundabout,2026-06-14,12,Off-Peak,Dry,239,576,139,116,9
Kibuye Roundabout,2026-06-14,12,Off-Peak,Dry,174,548,85,70,9
Kibuye Roundabout,2026-06-14,12,Off-Peak,Dry,312,713,138,131,9
Kibuye Roundabout,2026-06-14,12,Off-Peak,Dry,177,269,69,86,6
Kibuye Roundabout,2026-06-14,13,Off-Peak,Dry,176,379,87,76,7
Kibuye Roundabout,2026-06-14,13,Off-Peak,Dry,263,670,130,117,11
Kibuye Roundabout,2026-06-14,13,Off-Peak,Dry,257,614,104,90,14
Kibuye Roundabout,2026-06-14,13,Off-Peak,Dry,148,262,73,48,5
Kibuye Roundabout,2026-06-14,14,Off-Peak,Dry,282,461,132,126,18
Kibuye Roundabout,2026-06-14,14,Off-Peak,Dry,230,395,105,72,16
Kibuye Roundabout,2026-06-14,14,Off-Peak,Dry,181,434,90,85,11
Kibuye Roundabout,2026-06-14,14,Off-Peak,Dry,183,608,113,84,9
Kibuye Roundabout,2026-06-14,15,Off-Peak,Dry,147,448,86,71,11
Kibuye Roundabout,2026-06-14,15,Off-Peak,Dry,245,531,99,113,11
Kibuye Roundabout,2026-06-14,15,Off-Peak,Dry,144,364,88,70,10
Kibuye Roundabout,2026-06-14,15,Off-Peak,Dry,159,376,97,55,10
Kibuye Roundabout,2026-06-14,16,Peak,Dry,391,1066,247,153,30
Kibuye Roundabout,2026-06-14,16,Peak,Dry,386,1233,248,129,26
Kibuye Roundabout,2026-06-14,16,Peak,Dry,544,1018,313,214,22
Kibuye Roundabout,2026-06-14,16,Peak,Dry,610,1573,295,196,47
Kibuye Roundabout,2026-06-14,17,Peak,Dry,610,1601,257,239,26
Kibuye Roundabout,2026-06-14,17,Peak,Dry,425,909,270,185,33
Kibuye Roundabout,2026-06-14,17,Peak,Dry,533,1226,286,171,33
Kibuye Roundabout,2026-06-14,17,Peak,Dry,519,1305,223,174,41
Kibuye Roundabout,2026-06-14,18,Peak,Dry,510,1274,245,204,22
Kibuye Roundabout,2026-06-14,18,Peak,Dry,423,1500,254,174,23
Kibuye Roundabout,2026-06-14,18,Peak,Dry,517,1054,287,254,15
Kibuye Roundabout,2026-06-14,18,Peak,Dry,575,1557,278,241,34
Kibuye Roundabout,2026-06-14,19,Off-Peak,Dry,468,1414,260,187,24
Kibuye Roundabout,2026-06-14,19,Off-Peak,Dry,517,1503,248,202,26
Kibuye Roundabout,2026-06-14,19,Off-Peak,Dry,603,1476,285,275,17
Kibuye Roundabout,2026-06-14,19,Off-Peak,Dry,651,1073,327,241,47
Kibuye Roundabout,2026-06-14,20,Off-Peak,Dry,179,477,84,77,14
Kibuye Roundabout,2026-06-14,20,Off-Peak,Dry,308,476,149,153,11
Kibuye Roundabout,2026-06-14,20,Off-Peak,Dry,230,457,110,109,11
Kibuye Roundabout,2026-06-14,20,Off-Peak,Dry,269,431,134,91,12
Kibuye Roundabout,2026-06-14,21,Off-Peak,Dry,229,519,123,77,13
Kibuye Roundabout,2026-06-14,21,Off-Peak,Dry,221,386,115,70,14
Kibuye Roundabout,2026-06-14,21,Off-Peak,Dry,218,499,100,67,11
Kibuye Roundabout,2026-06-14,21,Off-Peak,Dry,291,620,123,111,19
Kibuye Roundabout,2026-06-15,6,Off-Peak,Dry,244,479,128,75,7
Kibuye Roundabout,2026-06-15,6,Off-Peak,Dry,261,641,106,95,15
Kibuye Roundabout,2026-06-15,6,Off-Peak,Dry,188,508,91,69,12
Kibuye Roundabout,2026-06-15,6,Off-Peak,Dry,192,449,127,58,15
Kibuye Roundabout,2026-06-15,7,Peak,Dry,391,985,235,133,23
Kibuye Roundabout,2026-06-15,7,Peak,Dry,459,1470,272,188,22
Kibuye Roundabout,2026-06-15,7,Peak,Dry,678,1795,327,295,22
Kibuye Roundabout,2026-06-15,7,Peak,Dry,453,1368,271,187,20
Kibuye Roundabout,2026-06-15,8,Peak,Dry,669,1711,311,306,23
Kibuye Roundabout,2026-06-15,8,Peak,Dry,538,1123,231,161,38
Kibuye Roundabout,2026-06-15,8,Peak,Dry,441,892,227,212,14
Kibuye Roundabout,2026-06-15,8,Peak,Dry,398,1334,272,168,22
Kibuye Roundabout,2026-06-15,9,Off-Peak,Dry,661,1002,289,215,36
Kibuye Roundabout,2026-06-15,9,Off-Peak,Dry,558,1376,236,271,29
Kibuye Roundabout,2026-06-15,9,Off-Peak,Dry,680,1109,311,206,47
Kibuye Roundabout,2026-06-15,9,Off-Peak,Dry,656,1739,293,283,42
Kibuye Roundabout,2026-06-15,10,Off-Peak,Dry,252,611,108,111,5
Kibuye Roundabout,2026-06-15,10,Off-Peak,Dry,198,453,98,79,7
Kibuye Roundabout,2026-06-15,10,Off-Peak,Dry,152,373,75,51,8
Kibuye Roundabout,2026-06-15,10,Off-Peak,Dry,193,539,111,85,4
Kibuye Roundabout,2026-06-15,11,Off-Peak,Dry,242,606,109,116,15
Kibuye Roundabout,2026-06-15,11,Off-Peak,Dry,187,475,94,71,14
Kibuye Roundabout,2026-06-15,11,Off-Peak,Dry,224,773,151,85,13
Kibuye Roundabout,2026-06-15,11,Off-Peak,Dry,180,375,77,74,13
Kibuye Roundabout,2026-06-15,12,Off-Peak,Dry,274,643,116,103,8
Kibuye Roundabout,2026-06-15,12,Off-Peak,Dry,250,539,117,83,17
Kibuye Roundabout,2026-06-15,12,Off-Peak,Dry,169,369,79,65,6
Kibuye Roundabout,2026-06-15,12,Off-Peak,Dry,138,510,99,51,9
Kibuye Roundabout,2026-06-15,13,Off-Peak,Dry,195,538,100,78,7
Kibuye Roundabout,2026-06-15,13,Off-Peak,Dry,228,785,131,90,16
Kibuye Roundabout,2026-06-15,13,Off-Peak,Dry,201,610,87,84,15
Kibuye Roundabout,2026-06-15,13,Off-Peak,Dry,191,647,114,75,10
Kibuye Roundabout,2026-06-15,14,Off-Peak,Dry,205,565,97,90,6
Kibuye Roundabout,2026-06-15,14,Off-Peak,Dry,199,481,103,73,8
Kibuye Roundabout,2026-06-15,14,Off-Peak,Dry,164,489,83,78,11
Kibuye Roundabout,2026-06-15,14,Off-Peak,Dry,161,427,96,65,8
Kibuye Roundabout,2026-06-15,15,Off-Peak,Dry,259,430,106,127,19
Kibuye Roundabout,2026-06-15,15,Off-Peak,Dry,212,596,113,64,5
Kibuye Roundabout,2026-06-15,15,Off-Peak,Dry,147,391,87,47,3
Kibuye Roundabout,2026-06-15,15,Off-Peak,Dry,253,700,117,108,5
Kibuye Roundabout,2026-06-15,16,Peak,Dry,601,1540,271,283,21
Kibuye Roundabout,2026-06-15,16,Peak,Dry,558,970,229,255,16
Kibuye Roundabout,2026-06-15,16,Peak,Dry,430,978,258,150,24
Kibuye Roundabout,2026-06-15,16,Peak,Dry,473,1502,277,159,26
Kibuye Roundabout,2026-06-15,17,Peak,Dry,427,861,265,168,30
Kibuye Roundabout,2026-06-15,17,Peak,Dry,616,1678,263,266,43
Kibuye Roundabout,2026-06-15,17,Peak,Dry,649,1699,303,230,36
Kibuye Roundabout,2026-06-15,17,Peak,Dry,504,1112,271,229,25
Kibuye Roundabout,2026-06-15,18,Peak,Dry,434,1261,204,165,34
Kibuye Roundabout,2026-06-15,18,Peak,Dry,560,1671,251,235,32
Kibuye Roundabout,2026-06-15,18,Peak,Dry,561,1667,282,203,31
Kibuye Roundabout,2026-06-15,18,Peak,Dry,511,1757,337,235,33
Kibuye Roundabout,2026-06-15,19,Off-Peak,Dry,519,1077,314,174,41
Kibuye Roundabout,2026-06-15,19,Off-Peak,Dry,503,854,227,247,38
Kibuye Roundabout,2026-06-15,19,Off-Peak,Dry,696,1460,246,253,22
Kibuye Roundabout,2026-06-15,19,Off-Peak,Dry,450,1424,215,169,13
Kibuye Roundabout,2026-06-15,20,Off-Peak,Dry,225,745,150,75,7
Kibuye Roundabout,2026-06-15,20,Off-Peak,Dry,170,557,106,55,7
Kibuye Roundabout,2026-06-15,20,Off-Peak,Dry,186,611,125,82,14
Kibuye Roundabout,2026-06-15,20,Off-Peak,Dry,187,467,110,73,14
Kibuye Roundabout,2026-06-15,21,Off-Peak,Dry,249,534,107,74,8
Kibuye Roundabout,2026-06-15,21,Off-Peak,Dry,236,455,120,70,8
Kibuye Roundabout,2026-06-15,21,Off-Peak,Dry,207,581,125,80,7
Kibuye Roundabout,2026-06-15,21,Off-Peak,Dry,272,726,97,104,14
Kibuye Roundabout,2026-06-16,6,Off-Peak,Dry,176,538,81,72,5
Kibuye Roundabout,2026-06-16,6,Off-Peak,Dry,232,411,128,103,11
Kibuye Roundabout,2026-06-16,6,Off-Peak,Dry,305,752,145,145,9
Kibuye Roundabout,2026-06-16,6,Off-Peak,Dry,225,520,108,77,15
Kibuye Roundabout,2026-06-16,7,Peak,Dry,545,1416,291,270,13
Kibuye Roundabout,2026-06-16,7,Peak,Dry,482,1381,243,198,29
Kibuye Roundabout,2026-06-16,7,Peak,Dry,590,1690,344,213,20
Kibuye Roundabout,2026-06-16,7,Peak,Dry,524,1057,207,208,27
Kibuye Roundabout,2026-06-16,8,Peak,Dry,505,1233,246,153,17
Kibuye Roundabout,2026-06-16,8,Peak,Dry,562,1582,291,264,21
Kibuye Roundabout,2026-06-16,8,Peak,Dry,556,1378,280,198,21
Kibuye Roundabout,2026-06-16,8,Peak,Dry,609,1135,287,250,43
Kibuye Roundabout,2026-06-16,9,Off-Peak,Dry,512,1484,235,183,11
Kibuye Roundabout,2026-06-16,9,Off-Peak,Dry,481,1055,276,231,32
Kibuye Roundabout,2026-06-16,9,Off-Peak,Dry,602,1086,301,259,37
Kibuye Roundabout,2026-06-16,9,Off-Peak,Dry,467,1258,334,227,13
Kibuye Roundabout,2026-06-16,10,Off-Peak,Dry,193,354,112,70,4
Kibuye Roundabout,2026-06-16,10,Off-Peak,Dry,285,790,122,111,18
Kibuye Roundabout,2026-06-16,10,Off-Peak,Dry,294,558,141,131,6
Kibuye Roundabout,2026-06-16,10,Off-Peak,Dry,283,613,106,112,20
Kibuye Roundabout,2026-06-16,11,Off-Peak,Dry,171,533,77,79,12
Kibuye Roundabout,2026-06-16,11,Off-Peak,Dry,298,464,142,92,18
Kibuye Roundabout,2026-06-16,11,Off-Peak,Dry,222,648,120,93,15
Kibuye Roundabout,2026-06-16,11,Off-Peak,Dry,295,638,144,114,9
Kibuye Roundabout,2026-06-16,12,Off-Peak,Dry,236,637,131,91,15
Kibuye Roundabout,2026-06-16,12,Off-Peak,Dry,151,412,86,56,4
Kibuye Roundabout,2026-06-16,12,Off-Peak,Dry,326,500,151,132,7
Kibuye Roundabout,2026-06-16,12,Off-Peak,Dry,184,415,79,65,8
Kibuye Roundabout,2026-06-16,13,Off-Peak,Dry,210,443,106,91,9
Kibuye Roundabout,2026-06-16,13,Off-Peak,Dry,236,715,115,74,9
Kibuye Roundabout,2026-06-16,13,Off-Peak,Dry,202,616,128,85,13
Kibuye Roundabout,2026-06-16,13,Off-Peak,Dry,187,403,89,56,13
Kibuye Roundabout,2026-06-16,14,Off-Peak,Dry,212,571,124,98,16
Kibuye Roundabout,2026-06-16,14,Off-Peak,Dry,277,677,128,106,7
Kibuye Roundabout,2026-06-16,14,Off-Peak,Dry,145,442,82,63,10
Kibuye Roundabout,2026-06-16,14,Off-Peak,Dry,252,776,123,103,12
Kibuye Roundabout,2026-06-16,15,Off-Peak,Dry,226,705,121,103,8
Kibuye Roundabout,2026-06-16,15,Off-Peak,Dry,150,290,73,57,5
Kibuye Roundabout,2026-06-16,15,Off-Peak,Dry,156,482,92,62,4
Kibuye Roundabout,2026-06-16,15,Off-Peak,Dry,204,391,101,82,5
Kibuye Roundabout,2026-06-16,16,Peak,Dry,687,1387,330,225,32
Kibuye Roundabout,2026-06-16,16,Peak,Dry,453,1104,219,220,18
Kibuye Roundabout,2026-06-16,16,Peak,Dry,513,944,302,240,14
Kibuye Roundabout,2026-06-16,16,Peak,Dry,533,952,294,209,42
Kibuye Roundabout,2026-06-16,17,Peak,Dry,603,1584,325,214,17
Kibuye Roundabout,2026-06-16,17,Peak,Dry,474,939,243,178,19
Kibuye Roundabout,2026-06-16,17,Peak,Dry,509,1805,323,206,14
Kibuye Roundabout,2026-06-16,17,Peak,Dry,619,1431,268,259,29
Kibuye Roundabout,2026-06-16,18,Peak,Dry,611,1026,245,239,34
Kibuye Roundabout,2026-06-16,18,Peak,Dry,531,1257,283,199,19
Kibuye Roundabout,2026-06-16,18,Peak,Dry,410,1248,240,124,20
Kibuye Roundabout,2026-06-16,18,Peak,Dry,478,1593,269,182,31
Kibuye Roundabout,2026-06-16,19,Off-Peak,Dry,545,1428,216,174,38
Kibuye Roundabout,2026-06-16,19,Off-Peak,Dry,465,1298,328,163,16
Kibuye Roundabout,2026-06-16,19,Off-Peak,Dry,488,1310,341,170,20
Kibuye Roundabout,2026-06-16,19,Off-Peak,Dry,485,1611,306,175,25
Kibuye Roundabout,2026-06-16,20,Off-Peak,Dry,186,391,72,85,9
Kibuye Roundabout,2026-06-16,20,Off-Peak,Dry,200,406,115,77,9
Kibuye Roundabout,2026-06-16,20,Off-Peak,Dry,303,820,141,95,20
Kibuye Roundabout,2026-06-16,20,Off-Peak,Dry,217,534,99,74,8
Kibuye Roundabout,2026-06-16,21,Off-Peak,Dry,182,266,70,90,8
Kibuye Roundabout,2026-06-16,21,Off-Peak,Dry,211,358,99,103,7
Kibuye Roundabout,2026-06-16,21,Off-Peak,Dry,142,442,83,52,10
Kibuye Roundabout,2026-06-16,21,Off-Peak,Dry,183,369,78,58,10
Kibuye Roundabout,2026-06-17,6,Off-Peak,Dry,163,597,84,64,10
Kibuye Roundabout,2026-06-17,6,Off-Peak,Dry,272,530,104,134,8
Kibuye Roundabout,2026-06-17,6,Off-Peak,Dry,259,699,114,108,10
Kibuye Roundabout,2026-06-17,6,Off-Peak,Dry,181,475,94,78,8
Kibuye Roundabout,2026-06-17,7,Peak,Dry,461,891,269,224,29
Kibuye Roundabout,2026-06-17,7,Peak,Dry,482,981,201,164,14
Kibuye Roundabout,2026-06-17,7,Peak,Dry,421,843,217,162,26
Kibuye Roundabout,2026-06-17,7,Peak,Dry,619,1266,251,248,33
Kibuye Roundabout,2026-06-17,8,Peak,Dry,448,922,263,209,22
Kibuye Roundabout,2026-06-17,8,Peak,Dry,538,1215,253,208,28
Kibuye Roundabout,2026-06-17,8,Peak,Dry,660,1102,240,205,45
Kibuye Roundabout,2026-06-17,8,Peak,Dry,698,1729,338,330,28
Kibuye Roundabout,2026-06-17,9,Off-Peak,Dry,490,1564,245,235,20
Kibuye Roundabout,2026-06-17,9,Off-Peak,Dry,609,1156,326,299,19
Kibuye Roundabout,2026-06-17,9,Off-Peak,Dry,670,1171,336,241,31
Kibuye Roundabout,2026-06-17,9,Off-Peak,Dry,400,1156,234,143,21
Kibuye Roundabout,2026-06-17,10,Off-Peak,Dry,198,553,85,77,10
Kibuye Roundabout,2026-06-17,10,Off-Peak,Dry,129,264,84,45,4
Kibuye Roundabout,2026-06-17,10,Off-Peak,Dry,135,472,88,46,2
Kibuye Roundabout,2026-06-17,10,Off-Peak,Dry,159,440,84,51,7
Kibuye Roundabout,2026-06-17,11,Off-Peak,Dry,234,734,138,85,9
Kibuye Roundabout,2026-06-17,11,Off-Peak,Dry,191,443,129,57,10
Kibuye Roundabout,2026-06-17,11,Off-Peak,Dry,184,411,68,88,5
Kibuye Roundabout,2026-06-17,11,Off-Peak,Dry,177,484,106,72,12
Kibuye Roundabout,2026-06-17,12,Off-Peak,Dry,229,571,140,105,13
Kibuye Roundabout,2026-06-17,12,Off-Peak,Dry,271,568,106,107,7
Kibuye Roundabout,2026-06-17,12,Off-Peak,Dry,231,737,123,76,10
Kibuye Roundabout,2026-06-17,12,Off-Peak,Dry,203,665,96,94,13
Kibuye Roundabout,2026-06-17,13,Off-Peak,Dry,167,551,100,72,7
Kibuye Roundabout,2026-06-17,13,Off-Peak,Dry,233,560,92,99,15
Kibuye Roundabout,2026-06-17,13,Off-Peak,Dry,228,797,160,113,14
Kibuye Roundabout,2026-06-17,13,Off-Peak,Dry,261,576,121,94,7
Kibuye Roundabout,2026-06-17,14,Off-Peak,Dry,180,498,76,71,9
Kibuye Roundabout,2026-06-17,14,Off-Peak,Dry,246,636,140,74,5
Kibuye Roundabout,2026-06-17,14,Off-Peak,Dry,167,372,99,55,8
Kibuye Roundabout,2026-06-17,14,Off-Peak,Dry,219,313,83,76,16
Kibuye Roundabout,2026-06-17,15,Off-Peak,Dry,262,418,132,109,12
Kibuye Roundabout,2026-06-17,15,Off-Peak,Dry,223,573,87,95,5
Kibuye Roundabout,2026-06-17,15,Off-Peak,Dry,258,505,98,118,19
Kibuye Roundabout,2026-06-17,15,Off-Peak,Dry,170,309,85,69,12
Kibuye Roundabout,2026-06-17,16,Peak,Dry,614,1287,315,241,13
Kibuye Roundabout,2026-06-17,16,Peak,Dry,556,935,231,204,18
Kibuye Roundabout,2026-06-17,16,Peak,Dry,400,1442,238,126,27
Kibuye Roundabout,2026-06-17,16,Peak,Dry,586,1664,269,213,33
Kibuye Roundabout,2026-06-17,17,Peak,Dry,504,1722,285,173,19
Kibuye Roundabout,2026-06-17,17,Peak,Dry,405,1472,247,137,28
Kibuye Roundabout,2026-06-17,17,Peak,Dry,473,1446,234,199,13
Kibuye Roundabout,2026-06-17,17,Peak,Dry,453,871,275,201,14
Kibuye Roundabout,2026-06-17,18,Peak,Dry,485,1728,271,235,16
Kibuye Roundabout,2026-06-17,18,Peak,Dry,488,1303,244,218,31
Kibuye Roundabout,2026-06-17,18,Peak,Dry,541,1511,215,247,11
Kibuye Roundabout,2026-06-17,18,Peak,Dry,477,1386,255,233,12
Kibuye Roundabout,2026-06-17,19,Off-Peak,Dry,592,1263,256,275,17
Kibuye Roundabout,2026-06-17,19,Off-Peak,Dry,491,1062,256,203,25
Kibuye Roundabout,2026-06-17,19,Off-Peak,Dry,443,1285,290,213,15
Kibuye Roundabout,2026-06-17,19,Off-Peak,Dry,573,1412,312,216,29
Kibuye Roundabout,2026-06-17,20,Off-Peak,Dry,206,341,95,90,9
Kibuye Roundabout,2026-06-17,20,Off-Peak,Dry,206,398,108,88,9
Kibuye Roundabout,2026-06-17,20,Off-Peak,Dry,160,376,80,70,3
Kibuye Roundabout,2026-06-17,20,Off-Peak,Dry,193,495,112,72,10
Kibuye Roundabout,2026-06-17,21,Off-Peak,Dry,245,727,142,92,15
Kibuye Roundabout,2026-06-17,21,Off-Peak,Dry,278,614,126,104,9
Kibuye Roundabout,2026-06-17,21,Off-Peak,Dry,232,748,115,103,15
Kibuye Roundabout,2026-06-17,21,Off-Peak,Dry,273,736,127,85,15
Kibuye Roundabout,2026-06-18,6,Off-Peak,Dry,126,430,84,42,4
Kibuye Roundabout,2026-06-18,6,Off-Peak,Dry,226,446,95,81,13
Kibuye Roundabout,2026-06-18,6,Off-Peak,Dry,152,469,98,60,5
Kibuye Roundabout,2026-06-18,6,Off-Peak,Dry,178,533,114,53,5
Kibuye Roundabout,2026-06-18,7,Peak,Dry,548,1277,247,222,18
Kibuye Roundabout,2026-06-18,7,Peak,Dry,615,1326,294,196,34
Kibuye Roundabout,2026-06-18,7,Peak,Dry,614,1716,311,232,36
Kibuye Roundabout,2026-06-18,7,Peak,Dry,394,843,199,130,11
Kibuye Roundabout,2026-06-18,8,Peak,Dry,464,902,250,148,12
Kibuye Roundabout,2026-06-18,8,Peak,Dry,405,954,269,155,28
Kibuye Roundabout,2026-06-18,8,Peak,Dry,419,1060,288,204,15
Kibuye Roundabout,2026-06-18,8,Peak,Dry,523,1685,281,182,23
Kibuye Roundabout,2026-06-18,9,Off-Peak,Dry,488,1507,269,159,16
Kibuye Roundabout,2026-06-18,9,Off-Peak,Dry,567,1172,273,247,13
Kibuye Roundabout,2026-06-18,9,Off-Peak,Dry,490,1122,214,166,26
Kibuye Roundabout,2026-06-18,9,Off-Peak,Dry,409,1445,202,160,20
Kibuye Roundabout,2026-06-18,10,Off-Peak,Dry,285,569,127,140,13
Kibuye Roundabout,2026-06-18,10,Off-Peak,Dry,166,491,82,54,8
Kibuye Roundabout,2026-06-18,10,Off-Peak,Dry,243,470,141,109,9
Kibuye Roundabout,2026-06-18,10,Off-Peak,Dry,268,768,141,83,14
Kibuye Roundabout,2026-06-18,11,Off-Peak,Dry,159,472,80,65,12
Kibuye Roundabout,2026-06-18,11,Off-Peak,Dry,231,421,88,74,7
Kibuye Roundabout,2026-06-18,11,Off-Peak,Dry,207,660,136,80,12
Kibuye Roundabout,2026-06-18,11,Off-Peak,Dry,249,475,129,104,14
Kibuye Roundabout,2026-06-18,12,Off-Peak,Dry,266,737,151,129,11
Kibuye Roundabout,2026-06-18,12,Off-Peak,Dry,251,626,101,80,7
Kibuye Roundabout,2026-06-18,12,Off-Peak,Dry,230,546,90,81,12
Kibuye Roundabout,2026-06-18,12,Off-Peak,Dry,196,441,89,87,14
Kibuye Roundabout,2026-06-18,13,Off-Peak,Dry,200,322,104,78,9
Kibuye Roundabout,2026-06-18,13,Off-Peak,Dry,279,430,105,136,7
Kibuye Roundabout,2026-06-18,13,Off-Peak,Dry,140,319,93,67,7
Kibuye Roundabout,2026-06-18,13,Off-Peak,Dry,262,577,129,91,12
Kibuye Roundabout,2026-06-18,14,Off-Peak,Dry,133,368,82,40,6
Kibuye Roundabout,2026-06-18,14,Off-Peak,Dry,245,638,106,102,18
Kibuye Roundabout,2026-06-18,14,Off-Peak,Dry,153,346,83,66,12
Kibuye Roundabout,2026-06-18,14,Off-Peak,Dry,158,296,68,66,12
Kibuye Roundabout,2026-06-18,15,Off-Peak,Dry,283,709,125,137,19
Kibuye Roundabout,2026-06-18,15,Off-Peak,Dry,190,467,79,76,12
Kibuye Roundabout,2026-06-18,15,Off-Peak,Dry,232,427,135,90,16
Kibuye Roundabout,2026-06-18,15,Off-Peak,Dry,208,406,112,66,7
Kibuye Roundabout,2026-06-18,16,Peak,Dry,559,1058,274,231,25
Kibuye Roundabout,2026-06-18,16,Peak,Dry,557,1148,296,198,24
Kibuye Roundabout,2026-06-18,16,Peak,Dry,551,1619,308,272,43
Kibuye Roundabout,2026-06-18,16,Peak,Dry,450,1143,220,216,31
Kibuye Roundabout,2026-06-18,17,Peak,Dry,518,884,246,249,41
Kibuye Roundabout,2026-06-18,17,Peak,Dry,556,899,248,226,17
Kibuye Roundabout,2026-06-18,17,Peak,Dry,628,1503,305,199,42
Kibuye Roundabout,2026-06-18,17,Peak,Dry,397,1392,269,148,26
Kibuye Roundabout,2026-06-18,18,Peak,Dry,576,1708,271,189,14
Kibuye Roundabout,2026-06-18,18,Peak,Dry,606,974,294,223,16
Kibuye Roundabout,2026-06-18,18,Peak,Dry,592,1066,272,205,29
Kibuye Roundabout,2026-06-18,18,Peak,Dry,699,1134,305,315,54
Kibuye Roundabout,2026-06-18,19,Off-Peak,Dry,517,1252,234,243,30
Kibuye Roundabout,2026-06-18,19,Off-Peak,Dry,578,1392,278,201,35
Kibuye Roundabout,2026-06-18,19,Off-Peak,Dry,639,1083,256,218,17
Kibuye Roundabout,2026-06-18,19,Off-Peak,Dry,613,1398,294,282,39
Kibuye Roundabout,2026-06-18,20,Off-Peak,Dry,183,357,112,87,11
Kibuye Roundabout,2026-06-18,20,Off-Peak,Dry,170,316,95,73,11
Kibuye Roundabout,2026-06-18,20,Off-Peak,Dry,243,390,113,95,5
Kibuye Roundabout,2026-06-18,20,Off-Peak,Dry,218,594,108,92,9
Kibuye Roundabout,2026-06-18,21,Off-Peak,Dry,268,550,135,99,14
Kibuye Roundabout,2026-06-18,21,Off-Peak,Dry,239,624,150,75,12
Kibuye Roundabout,2026-06-18,21,Off-Peak,Dry,207,439,83,66,8
Kibuye Roundabout,2026-06-18,21,Off-Peak,Dry,211,358,113,76,6
Kibuye Roundabout,2026-06-19,6,Off-Peak,Dry,168,593,88,56,4
Kibuye Roundabout,2026-06-19,6,Off-Peak,Dry,232,460,115,72,12
Kibuye Roundabout,2026-06-19,6,Off-Peak,Dry,159,395,79,54,6
Kibuye Roundabout,2026-06-19,6,Off-Peak,Dry,219,474,104,73,14
Kibuye Roundabout,2026-06-19,7,Peak,Dry,446,1058,214,205,31
Kibuye Roundabout,2026-06-19,7,Peak,Dry,446,1081,220,210,11
Kibuye Roundabout,2026-06-19,7,Peak,Dry,632,1478,233,310,46
Kibuye Roundabout,2026-06-19,7,Peak,Dry,461,1659,324,195,26
Kibuye Roundabout,2026-06-19,8,Peak,Dry,516,1503,272,216,27
Kibuye Roundabout,2026-06-19,8,Peak,Dry,517,1192,295,179,38
Kibuye Roundabout,2026-06-19,8,Peak,Dry,464,1409,288,198,18
Kibuye Roundabout,2026-06-19,8,Peak,Dry,435,893,279,200,23
Kibuye Roundabout,2026-06-19,9,Off-Peak,Dry,560,1088,329,217,12
Kibuye Roundabout,2026-06-19,9,Off-Peak,Dry,578,1550,228,176,35
Kibuye Roundabout,2026-06-19,9,Off-Peak,Dry,593,921,223,271,21
Kibuye Roundabout,2026-06-19,9,Off-Peak,Dry,551,1164,243,182,18
Kibuye Roundabout,2026-06-19,10,Off-Peak,Dry,260,561,142,123,12
Kibuye Roundabout,2026-06-19,10,Off-Peak,Dry,249,471,117,118,8
Kibuye Roundabout,2026-06-19,10,Off-Peak,Dry,255,744,109,110,17
Kibuye Roundabout,2026-06-19,10,Off-Peak,Dry,266,490,99,121,17
Kibuye Roundabout,2026-06-19,11,Off-Peak,Dry,201,393,80,61,7
Kibuye Roundabout,2026-06-19,11,Off-Peak,Dry,175,458,76,66,3
Kibuye Roundabout,2026-06-19,11,Off-Peak,Dry,150,416,100,54,9
Kibuye Roundabout,2026-06-19,11,Off-Peak,Dry,174,527,87,68,4
Kibuye Roundabout,2026-06-19,12,Off-Peak,Dry,167,380,72,80,12
Kibuye Roundabout,2026-06-19,12,Off-Peak,Dry,185,554,117,59,10
Kibuye Roundabout,2026-06-19,12,Off-Peak,Dry,261,583,123,103,6
Kibuye Roundabout,2026-06-19,12,Off-Peak,Dry,201,465,105,84,4
Kibuye Roundabout,2026-06-19,13,Off-Peak,Dry,134,419,87,51,8
Kibuye Roundabout,2026-06-19,13,Off-Peak,Dry,241,403,134,77,10
Kibuye Roundabout,2026-06-19,13,Off-Peak,Dry,236,538,100,106,13
Kibuye Roundabout,2026-06-19,13,Off-Peak,Dry,174,380,84,60,5
Kibuye Roundabout,2026-06-19,14,Off-Peak,Dry,287,500,114,99,12
Kibuye Roundabout,2026-06-19,14,Off-Peak,Dry,152,471,88,48,10
Kibuye Roundabout,2026-06-19,14,Off-Peak,Dry,235,757,155,83,17
Kibuye Roundabout,2026-06-19,14,Off-Peak,Dry,276,544,153,87,16
Kibuye Roundabout,2026-06-19,15,Off-Peak,Dry,251,528,120,89,6
Kibuye Roundabout,2026-06-19,15,Off-Peak,Dry,239,449,141,99,6
Kibuye Roundabout,2026-06-19,15,Off-Peak,Dry,215,669,140,102,8
Kibuye Roundabout,2026-06-19,15,Off-Peak,Dry,177,627,105,76,5
Kibuye Roundabout,2026-06-19,16,Peak,Dry,516,1258,238,223,10
Kibuye Roundabout,2026-06-19,16,Peak,Dry,527,1689,334,162,18
Kibuye Roundabout,2026-06-19,16,Peak,Dry,495,1148,243,234,33
Kibuye Roundabout,2026-06-19,16,Peak,Dry,481,1004,223,226,13
Kibuye Roundabout,2026-06-19,17,Peak,Dry,463,1116,265,211,16
Kibuye Roundabout,2026-06-19,17,Peak,Dry,396,1105,218,162,10
Kibuye Roundabout,2026-06-19,17,Peak,Dry,606,1454,234,298,30
Kibuye Roundabout,2026-06-19,17,Peak,Dry,390,922,274,128,12
Kibuye Roundabout,2026-06-19,18,Peak,Dry,699,1430,252,308,53
Kibuye Roundabout,2026-06-19,18,Peak,Dry,596,1459,231,204,23
Kibuye Roundabout,2026-06-19,18,Peak,Dry,418,1309,227,168,24
Kibuye Roundabout,2026-06-19,18,Peak,Dry,541,1534,313,231,11
Kibuye Roundabout,2026-06-19,19,Off-Peak,Dry,645,1639,290,309,14
Kibuye Roundabout,2026-06-19,19,Off-Peak,Dry,491,1338,286,237,12
Kibuye Roundabout,2026-06-19,19,Off-Peak,Dry,552,1346,261,253,25
Kibuye Roundabout,2026-06-19,19,Off-Peak,Dry,481,900,236,178,29
Kibuye Roundabout,2026-06-19,20,Off-Peak,Dry,169,427,100,79,5
Kibuye Roundabout,2026-06-19,20,Off-Peak,Dry,208,450,88,72,6
Kibuye Roundabout,2026-06-19,20,Off-Peak,Dry,236,368,118,71,9
Kibuye Roundabout,2026-06-19,20,Off-Peak,Dry,276,461,123,117,11
Kibuye Roundabout,2026-06-19,21,Off-Peak,Dry,227,509,141,96,14
Kibuye Roundabout,2026-06-19,21,Off-Peak,Dry,162,449,97,54,4
Kibuye Roundabout,2026-06-19,21,Off-Peak,Dry,217,525,93,68,11
Kibuye Roundabout,2026-06-19,21,Off-Peak,Dry,198,551,115,93,13
Kibuye Roundabout,2026-06-20,6,Off-Peak,Dry,218,712,108,84,17
Kibuye Roundabout,2026-06-20,6,Off-Peak,Dry,232,469,160,113,18
Kibuye Roundabout,2026-06-20,6,Off-Peak,Wet (Rain),148,409,70,62,10
Kibuye Roundabout,2026-06-20,6,Off-Peak,Dry,147,375,79,53,11
Kibuye Roundabout,2026-06-20,7,Peak,Dry,629,1294,340,264,19
Kibuye Roundabout,2026-06-20,7,Peak,Dry,649,1194,260,201,40
Kibuye Roundabout,2026-06-20,7,Peak,Dry,544,1482,303,205,11
Kibuye Roundabout,2026-06-20,7,Peak,Dry,458,1054,312,160,23
Kibuye Roundabout,2026-06-20,8,Peak,Wet (Rain),384,697,164,187,10
Kibuye Roundabout,2026-06-20,8,Peak,Wet (Rain),592,908,231,203,23
Kibuye Roundabout,2026-06-20,8,Peak,Dry,641,1157,305,255,14
Kibuye Roundabout,2026-06-20,8,Peak,Wet (Rain),533,811,242,219,16
Kibuye Roundabout,2026-06-20,9,Off-Peak,Dry,470,1252,313,233,16
Kibuye Roundabout,2026-06-20,9,Off-Peak,Wet (Rain),437,869,231,201,19
Kibuye Roundabout,2026-06-20,9,Off-Peak,Wet (Rain),433,1109,201,145,10
Kibuye Roundabout,2026-06-20,9,Off-Peak,Dry,366,867,191,180,20
Kibuye Roundabout,2026-06-20,10,Off-Peak,Wet (Rain),167,442,71,69,12
Kibuye Roundabout,2026-06-20,10,Off-Peak,Dry,175,276,80,53,7
Kibuye Roundabout,2026-06-20,10,Off-Peak,Dry,150,344,98,74,8
Kibuye Roundabout,2026-06-20,10,Off-Peak,Wet (Rain),133,250,70,51,8
Kibuye Roundabout,2026-06-20,11,Off-Peak,Dry,172,360,73,81,5
Kibuye Roundabout,2026-06-20,11,Off-Peak,Wet (Rain),160,499,73,58,7
Kibuye Roundabout,2026-06-20,11,Off-Peak,Dry,185,428,71,69,7
Kibuye Roundabout,2026-06-20,11,Off-Peak,Dry,227,471,98,70,14
Kibuye Roundabout,2026-06-20,12,Off-Peak,Dry,173,348,67,78,8
Kibuye Roundabout,2026-06-20,12,Off-Peak,Wet (Rain),232,495,119,81,12
Kibuye Roundabout,2026-06-20,12,Off-Peak,Wet (Rain),173,521,86,73,11
Kibuye Roundabout,2026-06-20,12,Off-Peak,Dry,275,514,143,112,19
Kibuye Roundabout,2026-06-20,13,Off-Peak,Wet (Rain),175,344,77,67,5
Kibuye Roundabout,2026-06-20,13,Off-Peak,Dry,165,538,89,70,9
Kibuye Roundabout,2026-06-20,13,Off-Peak,Wet (Rain),132,400,79,44,7
Kibuye Roundabout,2026-06-20,13,Off-Peak,Dry,273,506,115,97,19
Kibuye Roundabout,2026-06-20,14,Off-Peak,Wet (Rain),179,436,93,79,12
Kibuye Roundabout,2026-06-20,14,Off-Peak,Dry,181,549,89,86,5
Kibuye Roundabout,2026-06-20,14,Off-Peak,Dry,192,502,84,87,6
Kibuye Roundabout,2026-06-20,14,Off-Peak,Wet (Rain),125,296,76,50,9
Kibuye Roundabout,2026-06-20,15,Off-Peak,Wet (Rain),168,261,89,59,10
Kibuye Roundabout,2026-06-20,15,Off-Peak,Dry,240,660,149,80,12
Kibuye Roundabout,2026-06-20,15,Off-Peak,Wet (Rain),225,623,103,98,14
Kibuye Roundabout,2026-06-20,15,Off-Peak,Wet (Rain),157,371,68,68,3
Kibuye Roundabout,2026-06-20,16,Peak,Dry,444,1127,263,212,26
Kibuye Roundabout,2026-06-20,16,Peak,Dry,519,936,228,204,34
Kibuye Roundabout,2026-06-20,16,Peak,Dry,516,1524,285,252,25
Kibuye Roundabout,2026-06-20,16,Peak,Dry,511,1490,260,247,35
Kibuye Roundabout,2026-06-20,17,Peak,Dry,606,1280,318,227,21
Kibuye Roundabout,2026-06-20,17,Peak,Wet (Rain),479,1181,177,192,19
Kibuye Roundabout,2026-06-20,17,Peak,Wet (Rain),543,885,276,235,42
Kibuye Roundabout,2026-06-20,17,Peak,Dry,549,948,258,238,42
Kibuye Roundabout,2026-06-20,18,Peak,Dry,510,1139,246,209,20
Kibuye Roundabout,2026-06-20,18,Peak,Dry,601,1471,312,232,31
Kibuye Roundabout,2026-06-20,18,Peak,Dry,669,1631,307,282,48
Kibuye Roundabout,2026-06-20,18,Peak,Dry,427,831,191,128,24
Kibuye Roundabout,2026-06-20,19,Off-Peak,Wet (Rain),572,1514,230,211,11
Kibuye Roundabout,2026-06-20,19,Off-Peak,Dry,629,1403,313,231,13
Kibuye Roundabout,2026-06-20,19,Off-Peak,Dry,487,917,231,206,15
Kibuye Roundabout,2026-06-20,19,Off-Peak,Dry,430,1511,284,197,27
Kibuye Roundabout,2026-06-20,20,Off-Peak,Wet (Rain),233,547,117,81,10
Kibuye Roundabout,2026-06-20,20,Off-Peak,Dry,223,466,127,102,14
Kibuye Roundabout,2026-06-20,20,Off-Peak,Dry,129,474,87,57,2
Kibuye Roundabout,2026-06-20,20,Off-Peak,Dry,182,653,129,72,13
Kibuye Roundabout,2026-06-20,21,Off-Peak,Dry,203,676,112,88,4
Kibuye Roundabout,2026-06-20,21,Off-Peak,Dry,283,832,121,98,12
Kibuye Roundabout,2026-06-20,21,Off-Peak,Dry,319,736,129,99,7
Kibuye Roundabout,2026-06-20,21,Off-Peak,Dry,157,333,93,77,11
Natete Junction,2026-06-01,6,Off-Peak,Dry,199,365,167,91,4
Natete Junction,2026-06-01,6,Off-Peak,Wet (Rain),110,134,88,44,3
Natete Junction,2026-06-01,6,Off-Peak,Wet (Rain),127,210,129,53,7
Natete Junction,2026-06-01,6,Off-Peak,Dry,131,284,94,40,7
Natete Junction,2026-06-01,7,Peak,Dry,367,605,412,125,21
Natete Junction,2026-06-01,7,Peak,Dry,376,685,358,170,24
Natete Junction,2026-06-01,7,Peak,Wet (Rain),297,400,276,90,21
Natete Junction,2026-06-01,7,Peak,Wet (Rain),256,500,250,106,11
Natete Junction,2026-06-01,8,Peak,Wet (Rain),425,644,270,145,32
Natete Junction,2026-06-01,8,Peak,Wet (Rain),378,601,364,136,26
Natete Junction,2026-06-01,8,Peak,Dry,408,577,325,139,30
Natete Junction,2026-06-01,8,Peak,Wet (Rain),256,664,316,126,15
Natete Junction,2026-06-01,9,Off-Peak,Dry,460,589,294,228,35
Natete Junction,2026-06-01,9,Off-Peak,Dry,381,654,293,115,14
Natete Junction,2026-06-01,9,Off-Peak,Wet (Rain),320,681,252,129,19
Natete Junction,2026-06-01,9,Off-Peak,Dry,444,899,292,143,10
Natete Junction,2026-06-01,10,Off-Peak,Wet (Rain),88,171,69,40,3
Natete Junction,2026-06-01,10,Off-Peak,Dry,120,348,144,36,4
Natete Junction,2026-06-01,10,Off-Peak,Wet (Rain),142,218,113,62,4
Natete Junction,2026-06-01,10,Off-Peak,Dry,130,248,106,60,9
Natete Junction,2026-06-01,11,Off-Peak,Dry,121,207,119,46,6
Natete Junction,2026-06-01,11,Off-Peak,Wet (Rain),146,340,148,62,5
Natete Junction,2026-06-01,11,Off-Peak,Wet (Rain),158,338,117,57,6
Natete Junction,2026-06-01,11,Off-Peak,Dry,145,269,130,68,3
Natete Junction,2026-06-01,12,Off-Peak,Wet (Rain),187,299,127,90,4
Natete Junction,2026-06-01,12,Off-Peak,Dry,142,261,148,45,2
Natete Junction,2026-06-01,12,Off-Peak,Dry,179,288,138,65,5
Natete Junction,2026-06-01,12,Off-Peak,Wet (Rain),124,238,127,47,6
Natete Junction,2026-06-01,13,Off-Peak,Wet (Rain),149,380,126,68,5
Natete Junction,2026-06-01,13,Off-Peak,Dry,115,280,131,35,2
Natete Junction,2026-06-01,13,Off-Peak,Dry,161,244,185,76,11
Natete Junction,2026-06-01,13,Off-Peak,Dry,165,224,126,65,10
Natete Junction,2026-06-01,14,Off-Peak,Wet (Rain),111,232,133,37,7
Natete Junction,2026-06-01,14,Off-Peak,Dry,143,222,134,62,8
Natete Junction,2026-06-01,14,Off-Peak,Wet (Rain),116,200,89,49,7
Natete Junction,2026-06-01,14,Off-Peak,Dry,202,351,137,83,12
Natete Junction,2026-06-01,15,Off-Peak,Dry,208,249,171,63,6
Natete Junction,2026-06-01,15,Off-Peak,Dry,172,364,132,51,11
Natete Junction,2026-06-01,15,Off-Peak,Dry,135,274,120,52,3
Natete Junction,2026-06-01,15,Off-Peak,Wet (Rain),130,274,117,43,2
Natete Junction,2026-06-01,16,Peak,Wet (Rain),341,741,325,157,20
Natete Junction,2026-06-01,16,Peak,Wet (Rain),307,549,329,141,7
Natete Junction,2026-06-01,16,Peak,Wet (Rain),353,530,337,131,24
Natete Junction,2026-06-01,16,Peak,Dry,283,791,295,101,20
Natete Junction,2026-06-01,17,Peak,Wet (Rain),396,684,320,165,29
Natete Junction,2026-06-01,17,Peak,Dry,472,1011,307,202,28
Natete Junction,2026-06-01,17,Peak,Dry,328,811,328,120,23
Natete Junction,2026-06-01,17,Peak,Dry,393,534,374,123,26
Natete Junction,2026-06-01,18,Peak,Wet (Rain),319,688,269,134,12
Natete Junction,2026-06-01,18,Peak,Dry,400,754,356,171,15
Natete Junction,2026-06-01,18,Peak,Dry,362,890,370,174,16
Natete Junction,2026-06-01,18,Peak,Dry,363,888,370,156,13
Natete Junction,2026-06-01,19,Off-Peak,Dry,377,979,348,115,19
Natete Junction,2026-06-01,19,Off-Peak,Wet (Rain),292,526,252,111,18
Natete Junction,2026-06-01,19,Off-Peak,Wet (Rain),297,441,251,96,16
Natete Junction,2026-06-01,19,Off-Peak,Dry,417,691,350,177,29
Natete Junction,2026-06-01,20,Off-Peak,Dry,164,287,134,81,10
Natete Junction,2026-06-01,20,Off-Peak,Dry,184,258,130,88,4
Natete Junction,2026-06-01,20,Off-Peak,Wet (Rain),171,295,146,63,9
Natete Junction,2026-06-01,20,Off-Peak,Dry,115,221,105,34,7
Natete Junction,2026-06-01,21,Off-Peak,Wet (Rain),165,229,137,50,11
Natete Junction,2026-06-01,21,Off-Peak,Dry,207,405,141,92,11
Natete Junction,2026-06-01,21,Off-Peak,Wet (Rain),117,183,93,38,7
Natete Junction,2026-06-01,21,Off-Peak,Dry,153,402,180,72,8
Natete Junction,2026-06-02,6,Off-Peak,Dry,108,248,89,52,7
Natete Junction,2026-06-02,6,Off-Peak,Dry,136,307,119,45,3
Natete Junction,2026-06-02,6,Off-Peak,Dry,140,343,123,56,5
Natete Junction,2026-06-02,6,Off-Peak,Dry,105,272,105,45,4
Natete Junction,2026-06-02,7,Peak,Dry,466,831,400,175,18
Natete Junction,2026-06-02,7,Peak,Dry,338,677,431,136,13
Natete Junction,2026-06-02,7,Peak,Dry,460,655,397,162,10
Natete Junction,2026-06-02,7,Peak,Dry,461,929,352,192,12
Natete Junction,2026-06-02,8,Peak,Dry,381,484,292,150,16
Natete Junction,2026-06-02,8,Peak,Dry,312,771,302,131,10
Natete Junction,2026-06-02,8,Peak,Dry,357,878,368,155,15
Natete Junction,2026-06-02,8,Peak,Dry,352,607,302,146,21
Natete Junction,2026-06-02,9,Off-Peak,Dry,397,812,336,176,21
Natete Junction,2026-06-02,9,Off-Peak,Dry,417,634,437,160,19
Natete Junction,2026-06-02,9,Off-Peak,Dry,381,793,337,166,20
Natete Junction,2026-06-02,9,Off-Peak,Dry,320,870,338,106,14
Natete Junction,2026-06-02,10,Off-Peak,Dry,180,289,138,70,5
Natete Junction,2026-06-02,10,Off-Peak,Dry,185,297,155,83,13
Natete Junction,2026-06-02,10,Off-Peak,Dry,119,277,129,40,7
Natete Junction,2026-06-02,10,Off-Peak,Dry,171,398,153,75,6
Natete Junction,2026-06-02,11,Off-Peak,Dry,115,231,101,55,4
Natete Junction,2026-06-02,11,Off-Peak,Dry,206,351,135,63,15
Natete Junction,2026-06-02,11,Off-Peak,Dry,181,267,142,56,9
Natete Junction,2026-06-02,11,Off-Peak,Dry,142,238,90,67,9
Natete Junction,2026-06-02,12,Off-Peak,Dry,202,441,135,70,12
Natete Junction,2026-06-02,12,Off-Peak,Dry,163,292,145,63,8
Natete Junction,2026-06-02,12,Off-Peak,Dry,155,373,183,50,5
Natete Junction,2026-06-02,12,Off-Peak,Dry,123,278,122,42,7
Natete Junction,2026-06-02,13,Off-Peak,Dry,159,340,147,48,4
Natete Junction,2026-06-02,13,Off-Peak,Dry,95,266,80,29,2
Natete Junction,2026-06-02,13,Off-Peak,Dry,155,281,164,69,4
Natete Junction,2026-06-02,13,Off-Peak,Dry,143,293,172,69,10
Natete Junction,2026-06-02,14,Off-Peak,Dry,102,280,96,45,5
Natete Junction,2026-06-02,14,Off-Peak,Dry,155,463,194,59,5
Natete Junction,2026-06-02,14,Off-Peak,Dry,204,300,179,90,5
Natete Junction,2026-06-02,14,Off-Peak,Dry,137,371,158,51,5
Natete Junction,2026-06-02,15,Off-Peak,Dry,190,228,157,91,9
Natete Junction,2026-06-02,15,Off-Peak,Dry,166,328,145,79,5
Natete Junction,2026-06-02,15,Off-Peak,Dry,190,371,166,78,5
Natete Junction,2026-06-02,15,Off-Peak,Dry,157,292,135,59,3
Natete Junction,2026-06-02,16,Peak,Dry,407,663,362,165,8
Natete Junction,2026-06-02,16,Peak,Dry,345,912,307,128,21
Natete Junction,2026-06-02,16,Peak,Dry,402,855,337,171,9
Natete Junction,2026-06-02,16,Peak,Dry,438,832,302,195,28
Natete Junction,2026-06-02,17,Peak,Dry,292,661,300,93,11
Natete Junction,2026-06-02,17,Peak,Dry,382,794,341,184,20
Natete Junction,2026-06-02,17,Peak,Dry,386,962,356,180,17
Natete Junction,2026-06-02,17,Peak,Dry,439,626,387,213,30
Natete Junction,2026-06-02,18,Peak,Dry,351,534,378,127,18
Natete Junction,2026-06-02,18,Peak,Dry,357,743,310,142,20
Natete Junction,2026-06-02,18,Peak,Dry,392,532,240,126,26
Natete Junction,2026-06-02,18,Peak,Dry,343,931,395,167,9
Natete Junction,2026-06-02,19,Off-Peak,Dry,392,744,375,121,25
Natete Junction,2026-06-02,19,Off-Peak,Dry,449,879,433,174,29
Natete Junction,2026-06-02,19,Off-Peak,Dry,433,915,309,135,14
Natete Junction,2026-06-02,19,Off-Peak,Dry,516,810,376,194,12
Natete Junction,2026-06-02,20,Off-Peak,Dry,118,210,109,57,8
Natete Junction,2026-06-02,20,Off-Peak,Dry,121,189,122,50,8
Natete Junction,2026-06-02,20,Off-Peak,Dry,126,318,115,53,7
Natete Junction,2026-06-02,20,Off-Peak,Dry,144,173,106,65,4
Natete Junction,2026-06-02,21,Off-Peak,Dry,182,262,176,86,9
Natete Junction,2026-06-02,21,Off-Peak,Dry,128,218,108,39,7
Natete Junction,2026-06-02,21,Off-Peak,Dry,162,368,122,60,5
Natete Junction,2026-06-02,21,Off-Peak,Dry,203,331,150,98,12
Natete Junction,2026-06-03,6,Off-Peak,Dry,229,295,143,81,6
Natete Junction,2026-06-03,6,Off-Peak,Dry,142,242,171,51,3
Natete Junction,2026-06-03,6,Off-Peak,Dry,124,327,134,40,3
Natete Junction,2026-06-03,6,Off-Peak,Dry,113,241,111,38,3
Natete Junction,2026-06-03,7,Peak,Dry,313,859,353,121,11
Natete Junction,2026-06-03,7,Peak,Dry,312,914,342,98,22
Natete Junction,2026-06-03,7,Peak,Dry,333,651,317,118,26
Natete Junction,2026-06-03,7,Peak,Dry,391,723,275,174,23
Natete Junction,2026-06-03,8,Peak,Dry,308,617,346,100,22
Natete Junction,2026-06-03,8,Peak,Dry,366,680,343,122,21
Natete Junction,2026-06-03,8,Peak,Dry,308,804,327,99,21
Natete Junction,2026-06-03,8,Peak,Dry,297,877,376,145,22
Natete Junction,2026-06-03,9,Off-Peak,Dry,489,706,417,165,16
Natete Junction,2026-06-03,9,Off-Peak,Dry,404,953,406,166,12
Natete Junction,2026-06-03,9,Off-Peak,Dry,313,636,295,145,24
Natete Junction,2026-06-03,9,Off-Peak,Dry,319,835,288,114,11
Natete Junction,2026-06-03,10,Off-Peak,Dry,151,351,127,72,4
Natete Junction,2026-06-03,10,Off-Peak,Dry,220,468,138,106,6
Natete Junction,2026-06-03,10,Off-Peak,Dry,167,310,139,65,11
Natete Junction,2026-06-03,10,Off-Peak,Dry,160,288,160,77,9
Natete Junction,2026-06-03,11,Off-Peak,Dry,132,316,136,57,10
Natete Junction,2026-06-03,11,Off-Peak,Dry,122,319,131,47,4
Natete Junction,2026-06-03,11,Off-Peak,Dry,123,212,152,51,9
Natete Junction,2026-06-03,11,Off-Peak,Dry,132,228,108,62,9
Natete Junction,2026-06-03,12,Off-Peak,Dry,126,251,101,60,8
Natete Junction,2026-06-03,12,Off-Peak,Dry,172,287,124,65,3
Natete Junction,2026-06-03,12,Off-Peak,Dry,144,233,125,54,8
Natete Junction,2026-06-03,12,Off-Peak,Dry,128,228,116,44,3
Natete Junction,2026-06-03,13,Off-Peak,Dry,209,392,190,97,6
Natete Junction,2026-06-03,13,Off-Peak,Dry,110,274,82,35,2
Natete Junction,2026-06-03,13,Off-Peak,Dry,115,252,112,41,3
Natete Junction,2026-06-03,13,Off-Peak,Dry,99,283,120,46,5
Natete Junction,2026-06-03,14,Off-Peak,Dry,144,256,131,48,4
Natete Junction,2026-06-03,14,Off-Peak,Dry,130,361,105,60,9
Natete Junction,2026-06-03,14,Off-Peak,Dry,131,187,96,59,2
Natete Junction,2026-06-03,14,Off-Peak,Dry,165,360,137,58,12
Natete Junction,2026-06-03,15,Off-Peak,Dry,148,293,136,67,11
Natete Junction,2026-06-03,15,Off-Peak,Dry,184,233,152,79,4
Natete Junction,2026-06-03,15,Off-Peak,Dry,105,261,95,34,5
Natete Junction,2026-06-03,15,Off-Peak,Dry,99,194,79,29,6
Natete Junction,2026-06-03,16,Peak,Dry,425,796,374,142,26
Natete Junction,2026-06-03,16,Peak,Dry,403,633,364,126,15
Natete Junction,2026-06-03,16,Peak,Dry,409,544,266,196,12
Natete Junction,2026-06-03,16,Peak,Dry,311,612,294,109,9
Natete Junction,2026-06-03,17,Peak,Dry,377,508,277,169,9
Natete Junction,2026-06-03,17,Peak,Dry,414,684,358,204,13
Natete Junction,2026-06-03,17,Peak,Dry,395,864,323,153,8
Natete Junction,2026-06-03,17,Peak,Dry,400,816,371,197,21
Natete Junction,2026-06-03,18,Peak,Dry,375,1038,432,179,22
Natete Junction,2026-06-03,18,Peak,Dry,347,666,320,164,17
Natete Junction,2026-06-03,18,Peak,Dry,379,815,302,179,17
Natete Junction,2026-06-03,18,Peak,Dry,398,593,341,170,19
Natete Junction,2026-06-03,19,Off-Peak,Dry,390,974,283,160,21
Natete Junction,2026-06-03,19,Off-Peak,Dry,314,676,277,94,11
Natete Junction,2026-06-03,19,Off-Peak,Dry,417,662,367,200,30
Natete Junction,2026-06-03,19,Off-Peak,Dry,336,790,335,152,13
Natete Junction,2026-06-03,20,Off-Peak,Dry,98,181,95,42,3
Natete Junction,2026-06-03,20,Off-Peak,Dry,136,236,103,62,7
Natete Junction,2026-06-03,20,Off-Peak,Dry,112,272,107,38,7
Natete Junction,2026-06-03,20,Off-Peak,Dry,105,224,111,45,7
Natete Junction,2026-06-03,21,Off-Peak,Dry,112,255,110,55,6
Natete Junction,2026-06-03,21,Off-Peak,Dry,168,310,115,63,5
Natete Junction,2026-06-03,21,Off-Peak,Dry,129,183,85,49,8
Natete Junction,2026-06-03,21,Off-Peak,Dry,131,164,102,46,7
Natete Junction,2026-06-04,6,Off-Peak,Dry,168,374,141,66,3
Natete Junction,2026-06-04,6,Off-Peak,Wet (Rain),177,307,111,76,10
Natete Junction,2026-06-04,6,Off-Peak,Dry,202,332,145,79,7
Natete Junction,2026-06-04,6,Off-Peak,Dry,168,319,170,83,7
Natete Junction,2026-06-04,7,Peak,Wet (Rain),333,615,294,162,16
Natete Junction,2026-06-04,7,Peak,Wet (Rain),314,575,299,97,17
Natete Junction,2026-06-04,7,Peak,Dry,350,569,375,160,23
Natete Junction,2026-06-04,7,Peak,Wet (Rain),308,619,202,145,16
Natete Junction,2026-06-04,8,Peak,Dry,395,755,353,195,21
Natete Junction,2026-06-04,8,Peak,Dry,380,885,394,141,19
Natete Junction,2026-06-04,8,Peak,Dry,451,725,303,171,35
Natete Junction,2026-06-04,8,Peak,Dry,345,742,275,142,14
Natete Junction,2026-06-04,9,Off-Peak,Dry,439,839,317,188,34
Natete Junction,2026-06-04,9,Off-Peak,Dry,407,606,331,176,8
Natete Junction,2026-06-04,9,Off-Peak,Dry,460,608,375,189,19
Natete Junction,2026-06-04,9,Off-Peak,Dry,376,585,345,130,23
Natete Junction,2026-06-04,10,Off-Peak,Dry,150,305,147,61,6
Natete Junction,2026-06-04,10,Off-Peak,Dry,178,424,162,87,8
Natete Junction,2026-06-04,10,Off-Peak,Dry,144,228,141,45,3
Natete Junction,2026-06-04,10,Off-Peak,Dry,149,258,186,65,9
Natete Junction,2026-06-04,11,Off-Peak,Wet (Rain),151,350,155,59,5
Natete Junction,2026-06-04,11,Off-Peak,Dry,150,392,185,64,6
Natete Junction,2026-06-04,11,Off-Peak,Wet (Rain),170,263,101,80,5
Natete Junction,2026-06-04,11,Off-Peak,Dry,142,265,97,46,5
Natete Junction,2026-06-04,12,Off-Peak,Wet (Rain),90,217,88,39,5
Natete Junction,2026-06-04,12,Off-Peak,Wet (Rain),123,154,108,58,9
Natete Junction,2026-06-04,12,Off-Peak,Dry,118,275,108,36,8
Natete Junction,2026-06-04,12,Off-Peak,Dry,127,280,122,52,6
Natete Junction,2026-06-04,13,Off-Peak,Wet (Rain),150,238,111,45,7
Natete Junction,2026-06-04,13,Off-Peak,Wet (Rain),169,365,130,62,5
Natete Junction,2026-06-04,13,Off-Peak,Dry,159,349,179,53,11
Natete Junction,2026-06-04,13,Off-Peak,Wet (Rain),89,241,104,27,6
Natete Junction,2026-06-04,14,Off-Peak,Wet (Rain),117,226,100,47,8
Natete Junction,2026-06-04,14,Off-Peak,Wet (Rain),116,194,135,39,3
Natete Junction,2026-06-04,14,Off-Peak,Dry,171,408,135,85,6
Natete Junction,2026-06-04,14,Off-Peak,Wet (Rain),134,220,100,44,5
Natete Junction,2026-06-04,15,Off-Peak,Wet (Rain),154,211,118,58,11
Natete Junction,2026-06-04,15,Off-Peak,Wet (Rain),177,233,119,72,5
Natete Junction,2026-06-04,15,Off-Peak,Dry,157,323,133,57,6
Natete Junction,2026-06-04,15,Off-Peak,Wet (Rain),110,172,123,34,3
Natete Junction,2026-06-04,16,Peak,Wet (Rain),382,587,328,160,26
Natete Junction,2026-06-04,16,Peak,Dry,383,637,330,122,8
Natete Junction,2026-06-04,16,Peak,Wet (Rain),357,845,330,164,28
Natete Junction,2026-06-04,16,Peak,Dry,426,738,365,149,29
Natete Junction,2026-06-04,17,Peak,Wet (Rain),314,772,285,152,21
Natete Junction,2026-06-04,17,Peak,Dry,465,641,413,156,34
Natete Junction,2026-06-04,17,Peak,Dry,318,604,305,106,8
Natete Junction,2026-06-04,17,Peak,Dry,432,980,405,204,10
Natete Junction,2026-06-04,18,Peak,Dry,338,715,252,147,24
Natete Junction,2026-06-04,18,Peak,Dry,386,719,321,152,23
Natete Junction,2026-06-04,18,Peak,Dry,281,494,280,126,7
Natete Junction,2026-06-04,18,Peak,Dry,397,782,442,158,11
Natete Junction,2026-06-04,19,Off-Peak,Dry,328,590,386,137,8
Natete Junction,2026-06-04,19,Off-Peak,Wet (Rain),252,488,210,91,19
Natete Junction,2026-06-04,19,Off-Peak,Dry,469,640,412,195,28
Natete Junction,2026-06-04,19,Off-Peak,Wet (Rain),303,538,273,147,18
Natete Junction,2026-06-04,20,Off-Peak,Wet (Rain),159,265,143,68,9
Natete Junction,2026-06-04,20,Off-Peak,Dry,136,231,115,52,6
Natete Junction,2026-06-04,20,Off-Peak,Dry,184,425,133,82,8
Natete Junction,2026-06-04,20,Off-Peak,Wet (Rain),137,267,118,49,4
Natete Junction,2026-06-04,21,Off-Peak,Wet (Rain),102,160,73,34,2
Natete Junction,2026-06-04,21,Off-Peak,Dry,184,301,149,63,14
Natete Junction,2026-06-04,21,Off-Peak,Dry,123,193,105,37,5
Natete Junction,2026-06-04,21,Off-Peak,Dry,161,309,114,58,6
Natete Junction,2026-06-05,6,Off-Peak,Dry,160,341,168,75,12
Natete Junction,2026-06-05,6,Off-Peak,Dry,169,240,136,51,6
Natete Junction,2026-06-05,6,Off-Peak,Dry,133,346,144,49,6
Natete Junction,2026-06-05,6,Off-Peak,Dry,123,304,158,54,4
Natete Junction,2026-06-05,7,Peak,Dry,381,701,248,170,13
Natete Junction,2026-06-05,7,Peak,Dry,416,649,359,167,31
Natete Junction,2026-06-05,7,Peak,Dry,468,760,399,177,21
Natete Junction,2026-06-05,7,Peak,Dry,457,775,321,221,25
Natete Junction,2026-06-05,8,Peak,Dry,379,539,273,116,22
Natete Junction,2026-06-05,8,Peak,Dry,365,578,409,147,25
Natete Junction,2026-06-05,8,Peak,Dry,405,981,360,169,19
Natete Junction,2026-06-05,8,Peak,Dry,396,768,373,161,26
Natete Junction,2026-06-05,9,Off-Peak,Dry,345,688,362,171,27
Natete Junction,2026-06-05,9,Off-Peak,Dry,388,562,304,125,24
Natete Junction,2026-06-05,9,Off-Peak,Dry,417,732,281,202,14
Natete Junction,2026-06-05,9,Off-Peak,Dry,370,758,266,171,23
Natete Junction,2026-06-05,10,Off-Peak,Dry,132,223,122,63,4
Natete Junction,2026-06-05,10,Off-Peak,Dry,152,249,105,56,9
Natete Junction,2026-06-05,10,Off-Peak,Dry,158,361,166,73,8
Natete Junction,2026-06-05,10,Off-Peak,Dry,172,367,143,58,7
Natete Junction,2026-06-05,11,Off-Peak,Dry,142,361,120,66,3
Natete Junction,2026-06-05,11,Off-Peak,Dry,181,266,144,88,10
Natete Junction,2026-06-05,11,Off-Peak,Dry,159,256,145,78,4
Natete Junction,2026-06-05,11,Off-Peak,Dry,190,413,163,74,11
Natete Junction,2026-06-05,12,Off-Peak,Dry,173,415,154,69,5
Natete Junction,2026-06-05,12,Off-Peak,Dry,151,200,140,50,3
Natete Junction,2026-06-05,12,Off-Peak,Dry,171,333,133,83,12
Natete Junction,2026-06-05,12,Off-Peak,Dry,161,338,128,67,11
Natete Junction,2026-06-05,13,Off-Peak,Dry,138,259,92,52,10
Natete Junction,2026-06-05,13,Off-Peak,Dry,146,361,134,70,3
Natete Junction,2026-06-05,13,Off-Peak,Dry,165,362,138,67,5
Natete Junction,2026-06-05,13,Off-Peak,Dry,191,450,170,79,8
Natete Junction,2026-06-05,14,Off-Peak,Dry,130,277,139,51,7
Natete Junction,2026-06-05,14,Off-Peak,Dry,164,372,152,68,6
Natete Junction,2026-06-05,14,Off-Peak,Dry,169,365,115,60,5
Natete Junction,2026-06-05,14,Off-Peak,Dry,123,306,134,44,8
Natete Junction,2026-06-05,15,Off-Peak,Dry,115,240,98,49,8
Natete Junction,2026-06-05,15,Off-Peak,Dry,130,291,123,61,6
Natete Junction,2026-06-05,15,Off-Peak,Dry,146,183,115,45,6
Natete Junction,2026-06-05,15,Off-Peak,Dry,173,351,115,82,12
Natete Junction,2026-06-05,16,Peak,Dry,318,508,270,120,8
Natete Junction,2026-06-05,16,Peak,Dry,382,823,304,125,14
Natete Junction,2026-06-05,16,Peak,Dry,441,1049,331,160,21
Natete Junction,2026-06-05,16,Peak,Dry,402,671,403,181,17
Natete Junction,2026-06-05,17,Peak,Dry,412,1070,429,124,29
Natete Junction,2026-06-05,17,Peak,Dry,293,765,339,135,12
Natete Junction,2026-06-05,17,Peak,Dry,466,854,364,176,36
Natete Junction,2026-06-05,17,Peak,Dry,359,551,307,130,17
Natete Junction,2026-06-05,18,Peak,Dry,391,760,380,121,16
Natete Junction,2026-06-05,18,Peak,Dry,327,753,301,102,19
Natete Junction,2026-06-05,18,Peak,Dry,391,494,300,161,13
Natete Junction,2026-06-05,18,Peak,Dry,373,560,332,172,12
Natete Junction,2026-06-05,19,Off-Peak,Dry,334,599,352,104,23
Natete Junction,2026-06-05,19,Off-Peak,Dry,351,720,299,147,10
Natete Junction,2026-06-05,19,Off-Peak,Dry,364,798,391,123,27
Natete Junction,2026-06-05,19,Off-Peak,Dry,403,628,371,161,30
Natete Junction,2026-06-05,20,Off-Peak,Dry,177,311,112,54,5
Natete Junction,2026-06-05,20,Off-Peak,Dry,123,260,105,56,8
Natete Junction,2026-06-05,20,Off-Peak,Dry,133,189,104,45,8
Natete Junction,2026-06-05,20,Off-Peak,Dry,166,219,99,69,9
Natete Junction,2026-06-05,21,Off-Peak,Dry,133,278,90,43,5
Natete Junction,2026-06-05,21,Off-Peak,Dry,122,249,105,50,7
Natete Junction,2026-06-05,21,Off-Peak,Dry,127,220,125,56,4
Natete Junction,2026-06-05,21,Off-Peak,Dry,207,341,141,76,6
Natete Junction,2026-06-06,6,Off-Peak,Dry,118,225,108,42,7
Natete Junction,2026-06-06,6,Off-Peak,Dry,154,401,173,62,5
Natete Junction,2026-06-06,6,Off-Peak,Dry,219,465,193,93,12
Natete Junction,2026-06-06,6,Off-Peak,Dry,129,169,91,58,7
Natete Junction,2026-06-06,7,Peak,Dry,474,644,442,228,14
Natete Junction,2026-06-06,7,Peak,Dry,318,665,319,105,22
Natete Junction,2026-06-06,7,Peak,Dry,447,839,360,172,14
Natete Junction,2026-06-06,7,Peak,Dry,364,833,339,128,17
Natete Junction,2026-06-06,8,Peak,Dry,391,933,387,152,14
Natete Junction,2026-06-06,8,Peak,Dry,347,581,316,141,16
Natete Junction,2026-06-06,8,Peak,Dry,335,788,356,166,25
Natete Junction,2026-06-06,8,Peak,Dry,362,523,327,140,9
Natete Junction,2026-06-06,9,Off-Peak,Dry,493,919,346,199,38
Natete Junction,2026-06-06,9,Off-Peak,Dry,387,762,319,161,25
Natete Junction,2026-06-06,9,Off-Peak,Dry,346,673,364,156,18
Natete Junction,2026-06-06,9,Off-Peak,Dry,342,577,411,117,20
Natete Junction,2026-06-06,10,Off-Peak,Dry,121,228,119,56,7
Natete Junction,2026-06-06,10,Off-Peak,Dry,179,324,122,88,13
Natete Junction,2026-06-06,10,Off-Peak,Dry,184,282,169,57,12
Natete Junction,2026-06-06,10,Off-Peak,Dry,145,383,168,48,6
Natete Junction,2026-06-06,11,Off-Peak,Dry,159,437,130,67,3
Natete Junction,2026-06-06,11,Off-Peak,Dry,160,268,147,76,8
Natete Junction,2026-06-06,11,Off-Peak,Dry,159,294,171,54,10
Natete Junction,2026-06-06,11,Off-Peak,Dry,179,346,132,71,10
Natete Junction,2026-06-06,12,Off-Peak,Dry,147,351,137,70,11
Natete Junction,2026-06-06,12,Off-Peak,Dry,138,286,168,68,10
Natete Junction,2026-06-06,12,Off-Peak,Dry,201,280,174,70,14
Natete Junction,2026-06-06,12,Off-Peak,Dry,129,227,140,62,3
Natete Junction,2026-06-06,13,Off-Peak,Dry,129,222,121,50,3
Natete Junction,2026-06-06,13,Off-Peak,Dry,121,235,107,49,7
Natete Junction,2026-06-06,13,Off-Peak,Dry,196,299,125,87,12
Natete Junction,2026-06-06,13,Off-Peak,Dry,160,230,107,63,10
Natete Junction,2026-06-06,14,Off-Peak,Dry,170,332,136,75,11
Natete Junction,2026-06-06,14,Off-Peak,Dry,122,159,83,55,6
Natete Junction,2026-06-06,14,Off-Peak,Dry,164,363,150,75,8
Natete Junction,2026-06-06,14,Off-Peak,Dry,216,266,142,82,14
Natete Junction,2026-06-06,15,Off-Peak,Dry,124,333,142,60,5
Natete Junction,2026-06-06,15,Off-Peak,Dry,135,187,111,46,9
Natete Junction,2026-06-06,15,Off-Peak,Dry,152,331,115,65,4
Natete Junction,2026-06-06,15,Off-Peak,Dry,110,317,119,33,7
Natete Junction,2026-06-06,16,Peak,Dry,410,662,255,171,10
Natete Junction,2026-06-06,16,Peak,Dry,360,673,298,160,25
Natete Junction,2026-06-06,16,Peak,Dry,321,531,309,153,14
Natete Junction,2026-06-06,16,Peak,Dry,362,727,440,167,26
Natete Junction,2026-06-06,17,Peak,Dry,457,741,375,157,27
Natete Junction,2026-06-06,17,Peak,Dry,363,701,328,156,8
Natete Junction,2026-06-06,17,Peak,Dry,290,547,270,110,18
Natete Junction,2026-06-06,17,Peak,Dry,420,1019,313,158,16
Natete Junction,2026-06-06,18,Peak,Dry,411,609,304,198,16
Natete Junction,2026-06-06,18,Peak,Dry,387,1009,386,166,21
Natete Junction,2026-06-06,18,Peak,Dry,459,744,289,228,24
Natete Junction,2026-06-06,18,Peak,Dry,415,658,394,171,13
Natete Junction,2026-06-06,19,Off-Peak,Dry,291,588,369,123,6
Natete Junction,2026-06-06,19,Off-Peak,Dry,411,601,247,173,12
Natete Junction,2026-06-06,19,Off-Peak,Dry,428,918,377,183,15
Natete Junction,2026-06-06,19,Off-Peak,Dry,290,885,343,120,10
Natete Junction,2026-06-06,20,Off-Peak,Dry,116,321,128,43,8
Natete Junction,2026-06-06,20,Off-Peak,Dry,106,171,89,38,6
Natete Junction,2026-06-06,20,Off-Peak,Dry,140,245,135,68,7
Natete Junction,2026-06-06,20,Off-Peak,Dry,158,297,126,68,11
Natete Junction,2026-06-06,21,Off-Peak,Dry,219,374,136,77,10
Natete Junction,2026-06-06,21,Off-Peak,Dry,177,381,143,72,13
Natete Junction,2026-06-06,21,Off-Peak,Dry,103,213,97,48,5
Natete Junction,2026-06-06,21,Off-Peak,Dry,157,356,153,56,7
Natete Junction,2026-06-07,6,Off-Peak,Dry,157,354,106,62,10
Natete Junction,2026-06-07,6,Off-Peak,Dry,220,275,184,79,6
Natete Junction,2026-06-07,6,Off-Peak,Dry,159,346,122,47,8
Natete Junction,2026-06-07,6,Off-Peak,Dry,193,457,157,69,13
Natete Junction,2026-06-07,7,Peak,Dry,354,679,366,120,26
Natete Junction,2026-06-07,7,Peak,Dry,435,732,346,204,27
Natete Junction,2026-06-07,7,Peak,Dry,350,688,310,136,15
Natete Junction,2026-06-07,7,Peak,Dry,389,550,284,176,25
Natete Junction,2026-06-07,8,Peak,Dry,385,759,379,184,25
Natete Junction,2026-06-07,8,Peak,Dry,311,769,358,141,21
Natete Junction,2026-06-07,8,Peak,Dry,324,894,311,116,18
Natete Junction,2026-06-07,8,Peak,Dry,418,650,361,138,22
Natete Junction,2026-06-07,9,Off-Peak,Dry,380,831,400,174,23
Natete Junction,2026-06-07,9,Off-Peak,Dry,512,792,313,177,13
Natete Junction,2026-06-07,9,Off-Peak,Dry,396,923,329,166,18
Natete Junction,2026-06-07,9,Off-Peak,Dry,363,712,324,143,9
Natete Junction,2026-06-07,10,Off-Peak,Dry,150,420,130,64,5
Natete Junction,2026-06-07,10,Off-Peak,Dry,179,426,183,55,10
Natete Junction,2026-06-07,10,Off-Peak,Dry,154,410,150,48,6
Natete Junction,2026-06-07,10,Off-Peak,Dry,184,251,145,61,8
Natete Junction,2026-06-07,11,Off-Peak,Dry,154,255,132,52,8
Natete Junction,2026-06-07,11,Off-Peak,Dry,170,319,183,71,8
Natete Junction,2026-06-07,11,Off-Peak,Dry,128,236,128,45,7
Natete Junction,2026-06-07,11,Off-Peak,Dry,172,404,161,58,7
Natete Junction,2026-06-07,12,Off-Peak,Dry,174,402,127,52,8
Natete Junction,2026-06-07,12,Off-Peak,Dry,141,331,104,47,5
Natete Junction,2026-06-07,12,Off-Peak,Dry,98,233,103,29,4
Natete Junction,2026-06-07,12,Off-Peak,Dry,156,372,177,47,3
Natete Junction,2026-06-07,13,Off-Peak,Dry,150,333,136,70,8
Natete Junction,2026-06-07,13,Off-Peak,Dry,126,218,110,61,5
Natete Junction,2026-06-07,13,Off-Peak,Dry,127,199,109,38,6
Natete Junction,2026-06-07,13,Off-Peak,Dry,150,449,145,54,6
Natete Junction,2026-06-07,14,Off-Peak,Dry,171,432,184,54,7
Natete Junction,2026-06-07,14,Off-Peak,Dry,147,370,142,45,5
Natete Junction,2026-06-07,14,Off-Peak,Dry,149,267,107,66,8
Natete Junction,2026-06-07,14,Off-Peak,Dry,188,327,163,91,8
Natete Junction,2026-06-07,15,Off-Peak,Dry,157,327,109,49,11
Natete Junction,2026-06-07,15,Off-Peak,Dry,231,332,153,86,9
Natete Junction,2026-06-07,15,Off-Peak,Dry,205,386,150,96,5
Natete Junction,2026-06-07,15,Off-Peak,Dry,176,238,165,65,11
Natete Junction,2026-06-07,16,Peak,Dry,394,632,408,131,21
Natete Junction,2026-06-07,16,Peak,Dry,432,892,361,200,21
Natete Junction,2026-06-07,16,Peak,Dry,427,809,269,205,23
Natete Junction,2026-06-07,16,Peak,Dry,366,864,293,118,26
Natete Junction,2026-06-07,17,Peak,Dry,304,577,373,135,19
Natete Junction,2026-06-07,17,Peak,Dry,309,825,343,141,20
Natete Junction,2026-06-07,17,Peak,Dry,325,665,342,123,16
Natete Junction,2026-06-07,17,Peak,Dry,433,834,361,172,10
Natete Junction,2026-06-07,18,Peak,Dry,359,639,338,157,13
Natete Junction,2026-06-07,18,Peak,Dry,447,805,417,206,16
Natete Junction,2026-06-07,18,Peak,Dry,406,689,335,136,24
Natete Junction,2026-06-07,18,Peak,Dry,348,976,364,154,24
Natete Junction,2026-06-07,19,Off-Peak,Dry,393,813,346,124,21
Natete Junction,2026-06-07,19,Off-Peak,Dry,294,828,280,112,7
Natete Junction,2026-06-07,19,Off-Peak,Dry,295,852,364,98,16
Natete Junction,2026-06-07,19,Off-Peak,Dry,351,773,318,108,15
Natete Junction,2026-06-07,20,Off-Peak,Dry,124,273,121,59,6
Natete Junction,2026-06-07,20,Off-Peak,Dry,174,235,112,74,7
Natete Junction,2026-06-07,20,Off-Peak,Dry,147,346,153,53,8
Natete Junction,2026-06-07,20,Off-Peak,Dry,150,415,140,53,9
Natete Junction,2026-06-07,21,Off-Peak,Dry,179,307,171,80,5
Natete Junction,2026-06-07,21,Off-Peak,Dry,154,352,157,74,9
Natete Junction,2026-06-07,21,Off-Peak,Dry,137,276,124,42,10
Natete Junction,2026-06-07,21,Off-Peak,Dry,139,412,128,52,9
Natete Junction,2026-06-08,6,Off-Peak,Dry,175,444,150,73,13
Natete Junction,2026-06-08,6,Off-Peak,Dry,190,407,189,82,7
Natete Junction,2026-06-08,6,Off-Peak,Dry,185,386,151,66,4
Natete Junction,2026-06-08,6,Off-Peak,Dry,172,354,137,54,13
Natete Junction,2026-06-08,7,Peak,Dry,343,969,330,114,17
Natete Junction,2026-06-08,7,Peak,Dry,383,815,423,142,13
Natete Junction,2026-06-08,7,Peak,Dry,484,692,345,219,20
Natete Junction,2026-06-08,7,Peak,Dry,346,791,394,162,24
Natete Junction,2026-06-08,8,Peak,Dry,327,505,324,142,16
Natete Junction,2026-06-08,8,Peak,Dry,391,610,313,131,25
Natete Junction,2026-06-08,8,Peak,Dry,452,596,383,174,11
Natete Junction,2026-06-08,8,Peak,Dry,315,509,301,135,24
Natete Junction,2026-06-08,9,Off-Peak,Dry,392,760,345,119,28
Natete Junction,2026-06-08,9,Off-Peak,Dry,370,940,308,129,23
Natete Junction,2026-06-08,9,Off-Peak,Dry,342,859,296,148,17
Natete Junction,2026-06-08,9,Off-Peak,Dry,346,532,352,166,25
Natete Junction,2026-06-08,10,Off-Peak,Dry,202,319,168,84,13
Natete Junction,2026-06-08,10,Off-Peak,Dry,141,182,99,47,3
Natete Junction,2026-06-08,10,Off-Peak,Dry,130,223,144,64,3
Natete Junction,2026-06-08,10,Off-Peak,Dry,112,250,130,46,3
Natete Junction,2026-06-08,11,Off-Peak,Dry,158,300,109,68,5
Natete Junction,2026-06-08,11,Off-Peak,Dry,171,310,114,82,6
Natete Junction,2026-06-08,11,Off-Peak,Dry,165,198,130,55,8
Natete Junction,2026-06-08,11,Off-Peak,Dry,230,282,155,100,14
Natete Junction,2026-06-08,12,Off-Peak,Dry,145,231,106,66,8
Natete Junction,2026-06-08,12,Off-Peak,Dry,166,367,178,64,13
Natete Junction,2026-06-08,12,Off-Peak,Dry,145,293,170,57,7
Natete Junction,2026-06-08,12,Off-Peak,Dry,132,317,99,61,6
Natete Junction,2026-06-08,13,Off-Peak,Dry,118,168,95,47,7
Natete Junction,2026-06-08,13,Off-Peak,Dry,128,228,137,40,9
Natete Junction,2026-06-08,13,Off-Peak,Dry,122,231,134,50,5
Natete Junction,2026-06-08,13,Off-Peak,Dry,166,263,135,82,4
Natete Junction,2026-06-08,14,Off-Peak,Dry,113,214,126,48,8
Natete Junction,2026-06-08,14,Off-Peak,Dry,159,259,114,79,5
Natete Junction,2026-06-08,14,Off-Peak,Dry,127,176,104,49,5
Natete Junction,2026-06-08,14,Off-Peak,Dry,126,327,134,44,8
Natete Junction,2026-06-08,15,Off-Peak,Dry,124,261,158,49,5
Natete Junction,2026-06-08,15,Off-Peak,Dry,136,296,141,58,6
Natete Junction,2026-06-08,15,Off-Peak,Dry,175,234,163,56,9
Natete Junction,2026-06-08,15,Off-Peak,Dry,101,255,102,33,6
Natete Junction,2026-06-08,16,Peak,Dry,360,532,333,153,7
Natete Junction,2026-06-08,16,Peak,Dry,427,713,312,158,12
Natete Junction,2026-06-08,16,Peak,Dry,412,601,307,180,12
Natete Junction,2026-06-08,16,Peak,Dry,353,524,291,127,17
Natete Junction,2026-06-08,17,Peak,Dry,425,923,317,200,17
Natete Junction,2026-06-08,17,Peak,Dry,384,891,313,172,16
Natete Junction,2026-06-08,17,Peak,Dry,397,797,391,162,16
Natete Junction,2026-06-08,17,Peak,Dry,407,769,258,128,13
Natete Junction,2026-06-08,18,Peak,Dry,424,636,298,180,28
Natete Junction,2026-06-08,18,Peak,Dry,278,630,336,114,12
Natete Junction,2026-06-08,18,Peak,Dry,448,826,341,192,32
Natete Junction,2026-06-08,18,Peak,Dry,322,574,301,124,8
Natete Junction,2026-06-08,19,Off-Peak,Dry,346,780,242,129,14
Natete Junction,2026-06-08,19,Off-Peak,Dry,301,508,311,122,12
Natete Junction,2026-06-08,19,Off-Peak,Dry,485,672,314,154,22
Natete Junction,2026-06-08,19,Off-Peak,Dry,405,613,369,184,18
Natete Junction,2026-06-08,20,Off-Peak,Dry,154,346,127,72,11
Natete Junction,2026-06-08,20,Off-Peak,Dry,129,225,139,51,4
Natete Junction,2026-06-08,20,Off-Peak,Dry,107,216,99,39,5
Natete Junction,2026-06-08,20,Off-Peak,Dry,125,239,91,59,3
Natete Junction,2026-06-08,21,Off-Peak,Dry,193,272,154,83,3
Natete Junction,2026-06-08,21,Off-Peak,Dry,97,258,104,39,3
Natete Junction,2026-06-08,21,Off-Peak,Dry,100,171,90,39,6
Natete Junction,2026-06-08,21,Off-Peak,Dry,127,251,107,53,7
Natete Junction,2026-06-09,6,Off-Peak,Dry,101,253,92,32,4
Natete Junction,2026-06-09,6,Off-Peak,Wet (Rain),88,149,82,42,5
Natete Junction,2026-06-09,6,Off-Peak,Dry,191,341,156,66,11
Natete Junction,2026-06-09,6,Off-Peak,Dry,109,246,107,43,4
Natete Junction,2026-06-09,7,Peak,Dry,343,865,344,157,13
Natete Junction,2026-06-09,7,Peak,Dry,431,952,280,152,30
Natete Junction,2026-06-09,7,Peak,Wet (Rain),298,731,300,144,16
Natete Junction,2026-06-09,7,Peak,Dry,364,586,345,134,18
Natete Junction,2026-06-09,8,Peak,Dry,377,666,285,150,26
Natete Junction,2026-06-09,8,Peak,Dry,376,539,257,119,28
Natete Junction,2026-06-09,8,Peak,Wet (Rain),264,627,258,108,18
Natete Junction,2026-06-09,8,Peak,Dry,377,763,343,118,11
Natete Junction,2026-06-09,9,Off-Peak,Dry,400,612,390,147,20
Natete Junction,2026-06-09,9,Off-Peak,Wet (Rain),301,481,279,97,11
Natete Junction,2026-06-09,9,Off-Peak,Wet (Rain),399,752,344,172,13
Natete Junction,2026-06-09,9,Off-Peak,Dry,417,634,321,173,28
Natete Junction,2026-06-09,10,Off-Peak,Dry,143,243,126,68,9
Natete Junction,2026-06-09,10,Off-Peak,Wet (Rain),150,195,94,48,11
Natete Junction,2026-06-09,10,Off-Peak,Wet (Rain),146,269,112,51,5
Natete Junction,2026-06-09,10,Off-Peak,Dry,197,416,195,95,11
Natete Junction,2026-06-09,11,Off-Peak,Wet (Rain),120,265,94,55,5
Natete Junction,2026-06-09,11,Off-Peak,Dry,155,473,178,52,11
Natete Junction,2026-06-09,11,Off-Peak,Dry,184,290,127,70,7
Natete Junction,2026-06-09,11,Off-Peak,Dry,147,257,125,65,8
Natete Junction,2026-06-09,12,Off-Peak,Dry,154,197,100,63,9
Natete Junction,2026-06-09,12,Off-Peak,Dry,211,356,164,73,7
Natete Junction,2026-06-09,12,Off-Peak,Wet (Rain),105,182,79,35,3
Natete Junction,2026-06-09,12,Off-Peak,Dry,106,228,107,49,4
Natete Junction,2026-06-09,13,Off-Peak,Dry,182,288,182,57,7
Natete Junction,2026-06-09,13,Off-Peak,Dry,110,216,101,49,7
Natete Junction,2026-06-09,13,Off-Peak,Wet (Rain),151,314,115,61,8
Natete Junction,2026-06-09,13,Off-Peak,Dry,109,259,102,41,7
Natete Junction,2026-06-09,14,Off-Peak,Dry,167,377,158,79,11
Natete Junction,2026-06-09,14,Off-Peak,Wet (Rain),143,196,131,71,11
Natete Junction,2026-06-09,14,Off-Peak,Dry,153,257,128,63,4
Natete Junction,2026-06-09,14,Off-Peak,Wet (Rain),161,314,109,80,5
Natete Junction,2026-06-09,15,Off-Peak,Dry,190,409,145,65,13
Natete Junction,2026-06-09,15,Off-Peak,Dry,200,336,160,98,8
Natete Junction,2026-06-09,15,Off-Peak,Dry,130,236,90,47,5
Natete Junction,2026-06-09,15,Off-Peak,Wet (Rain),133,242,116,60,3
Natete Junction,2026-06-09,16,Peak,Wet (Rain),269,564,225,97,14
Natete Junction,2026-06-09,16,Peak,Dry,416,520,298,168,21
Natete Junction,2026-06-09,16,Peak,Wet (Rain),324,764,352,142,7
Natete Junction,2026-06-09,16,Peak,Dry,315,769,311,117,13
Natete Junction,2026-06-09,17,Peak,Dry,462,1008,429,181,35
Natete Junction,2026-06-09,17,Peak,Dry,345,671,335,137,20
Natete Junction,2026-06-09,17,Peak,Wet (Rain),253,456,263,125,7
Natete Junction,2026-06-09,17,Peak,Wet (Rain),341,639,218,110,13
Natete Junction,2026-06-09,18,Peak,Dry,290,664,297,111,20
Natete Junction,2026-06-09,18,Peak,Dry,421,936,416,142,33
Natete Junction,2026-06-09,18,Peak,Wet (Rain),245,659,237,94,6
Natete Junction,2026-06-09,18,Peak,Dry,335,976,379,125,12
Natete Junction,2026-06-09,19,Off-Peak,Dry,383,816,376,175,8
Natete Junction,2026-06-09,19,Off-Peak,Dry,356,896,316,112,25
Natete Junction,2026-06-09,19,Off-Peak,Dry,295,745,241,91,9
Natete Junction,2026-06-09,19,Off-Peak,Wet (Rain),351,718,323,121,23
Natete Junction,2026-06-09,20,Off-Peak,Wet (Rain),132,317,106,51,4
Natete Junction,2026-06-09,20,Off-Peak,Dry,176,428,156,54,11
Natete Junction,2026-06-09,20,Off-Peak,Wet (Rain),169,290,108,68,7
Natete Junction,2026-06-09,20,Off-Peak,Dry,108,255,101,38,3
Natete Junction,2026-06-09,21,Off-Peak,Wet (Rain),117,224,89,49,9
Natete Junction,2026-06-09,21,Off-Peak,Wet (Rain),160,339,100,53,10
Natete Junction,2026-06-09,21,Off-Peak,Dry,222,279,164,75,10
Natete Junction,2026-06-09,21,Off-Peak,Dry,135,157,101,61,2
Natete Junction,2026-06-10,6,Off-Peak,Dry,144,256,123,55,3
Natete Junction,2026-06-10,6,Off-Peak,Dry,151,309,158,63,5
Natete Junction,2026-06-10,6,Off-Peak,Dry,177,293,169,65,4
Natete Junction,2026-06-10,6,Off-Peak,Dry,138,278,143,43,4
Natete Junction,2026-06-10,7,Peak,Dry,307,710,289,102,24
Natete Junction,2026-06-10,7,Peak,Dry,388,721,276,124,12
Natete Junction,2026-06-10,7,Peak,Dry,407,906,326,123,30
Natete Junction,2026-06-10,7,Peak,Dry,360,1044,335,155,17
Natete Junction,2026-06-10,8,Peak,Dry,405,656,323,194,29
Natete Junction,2026-06-10,8,Peak,Dry,378,618,311,123,22
Natete Junction,2026-06-10,8,Peak,Dry,405,635,374,172,13
Natete Junction,2026-06-10,8,Peak,Dry,374,623,376,184,20
Natete Junction,2026-06-10,9,Off-Peak,Dry,445,1003,435,217,27
Natete Junction,2026-06-10,9,Off-Peak,Dry,358,816,379,138,14
Natete Junction,2026-06-10,9,Off-Peak,Dry,368,616,296,182,13
Natete Junction,2026-06-10,9,Off-Peak,Dry,427,698,420,158,10
Natete Junction,2026-06-10,10,Off-Peak,Dry,196,365,144,92,10
Natete Junction,2026-06-10,10,Off-Peak,Dry,99,195,80,43,6
Natete Junction,2026-06-10,10,Off-Peak,Dry,157,264,138,61,5
Natete Junction,2026-06-10,10,Off-Peak,Dry,139,294,117,47,8
Natete Junction,2026-06-10,11,Off-Peak,Dry,160,327,122,54,11
Natete Junction,2026-06-10,11,Off-Peak,Dry,101,224,117,32,3
Natete Junction,2026-06-10,11,Off-Peak,Dry,142,303,113,64,7
Natete Junction,2026-06-10,11,Off-Peak,Dry,153,405,130,69,3
Natete Junction,2026-06-10,12,Off-Peak,Dry,124,195,105,61,9
Natete Junction,2026-06-10,12,Off-Peak,Dry,183,401,164,80,5
Natete Junction,2026-06-10,12,Off-Peak,Dry,154,289,113,71,11
Natete Junction,2026-06-10,12,Off-Peak,Dry,183,377,129,63,6
Natete Junction,2026-06-10,13,Off-Peak,Dry,175,269,131,55,9
Natete Junction,2026-06-10,13,Off-Peak,Dry,185,261,122,61,8
Natete Junction,2026-06-10,13,Off-Peak,Dry,185,347,142,91,11
Natete Junction,2026-06-10,13,Off-Peak,Dry,179,339,133,87,11
Natete Junction,2026-06-10,14,Off-Peak,Dry,159,437,135,52,7
Natete Junction,2026-06-10,14,Off-Peak,Dry,228,402,199,93,13
Natete Junction,2026-06-10,14,Off-Peak,Dry,92,187,80,29,6
Natete Junction,2026-06-10,14,Off-Peak,Dry,96,171,112,45,3
Natete Junction,2026-06-10,15,Off-Peak,Dry,159,291,121,70,6
Natete Junction,2026-06-10,15,Off-Peak,Dry,135,264,108,56,7
Natete Junction,2026-06-10,15,Off-Peak,Dry,170,243,123,63,8
Natete Junction,2026-06-10,15,Off-Peak,Dry,113,215,120,41,3
Natete Junction,2026-06-10,16,Peak,Dry,376,646,340,129,10
Natete Junction,2026-06-10,16,Peak,Dry,349,800,312,116,24
Natete Junction,2026-06-10,16,Peak,Dry,359,805,392,122,26
Natete Junction,2026-06-10,16,Peak,Dry,349,686,288,160,25
Natete Junction,2026-06-10,17,Peak,Dry,371,628,265,169,17
Natete Junction,2026-06-10,17,Peak,Dry,449,712,304,137,25
Natete Junction,2026-06-10,17,Peak,Dry,411,660,334,150,24
Natete Junction,2026-06-10,17,Peak,Dry,403,695,248,149,12
Natete Junction,2026-06-10,18,Peak,Dry,364,846,334,154,24
Natete Junction,2026-06-10,18,Peak,Dry,372,847,279,140,9
Natete Junction,2026-06-10,18,Peak,Dry,288,744,277,134,19
Natete Junction,2026-06-10,18,Peak,Dry,416,698,343,199,30
Natete Junction,2026-06-10,19,Off-Peak,Dry,338,603,295,130,15
Natete Junction,2026-06-10,19,Off-Peak,Dry,377,596,387,139,14
Natete Junction,2026-06-10,19,Off-Peak,Dry,390,700,407,157,29
Natete Junction,2026-06-10,19,Off-Peak,Dry,417,698,307,178,19
Natete Junction,2026-06-10,20,Off-Peak,Dry,163,295,123,70,10
Natete Junction,2026-06-10,20,Off-Peak,Dry,190,275,156,69,9
Natete Junction,2026-06-10,20,Off-Peak,Dry,216,309,187,103,11
Natete Junction,2026-06-10,20,Off-Peak,Dry,113,260,113,52,2
Natete Junction,2026-06-10,21,Off-Peak,Dry,155,292,115,51,4
Natete Junction,2026-06-10,21,Off-Peak,Dry,175,277,193,65,5
Natete Junction,2026-06-10,21,Off-Peak,Dry,146,226,147,68,8
Natete Junction,2026-06-10,21,Off-Peak,Dry,148,211,102,67,10
Natete Junction,2026-06-11,6,Off-Peak,Dry,160,422,148,58,6
Natete Junction,2026-06-11,6,Off-Peak,Dry,143,375,125,47,6
Natete Junction,2026-06-11,6,Off-Peak,Dry,122,285,121,38,9
Natete Junction,2026-06-11,6,Off-Peak,Dry,157,409,135,77,11
Natete Junction,2026-06-11,7,Peak,Dry,395,699,300,121,28
Natete Junction,2026-06-11,7,Peak,Dry,314,958,319,129,17
Natete Junction,2026-06-11,7,Peak,Dry,377,803,379,138,15
Natete Junction,2026-06-11,7,Peak,Dry,392,928,313,136,24
Natete Junction,2026-06-11,8,Peak,Dry,305,671,266,100,12
Natete Junction,2026-06-11,8,Peak,Dry,452,877,350,166,9
Natete Junction,2026-06-11,8,Peak,Dry,348,638,344,151,7
Natete Junction,2026-06-11,8,Peak,Dry,356,644,295,111,12
Natete Junction,2026-06-11,9,Off-Peak,Dry,327,552,368,136,12
Natete Junction,2026-06-11,9,Off-Peak,Dry,294,814,356,146,21
Natete Junction,2026-06-11,9,Off-Peak,Dry,397,483,310,136,24
Natete Junction,2026-06-11,9,Off-Peak,Dry,379,851,337,119,19
Natete Junction,2026-06-11,10,Off-Peak,Dry,123,256,118,44,8
Natete Junction,2026-06-11,10,Off-Peak,Dry,126,286,102,50,4
Natete Junction,2026-06-11,10,Off-Peak,Dry,118,324,137,40,4
Natete Junction,2026-06-11,10,Off-Peak,Dry,200,259,186,93,12
Natete Junction,2026-06-11,11,Off-Peak,Dry,135,206,119,65,3
Natete Junction,2026-06-11,11,Off-Peak,Dry,196,286,154,59,6
Natete Junction,2026-06-11,11,Off-Peak,Dry,188,281,173,78,13
Natete Junction,2026-06-11,11,Off-Peak,Dry,99,167,105,33,3
Natete Junction,2026-06-11,12,Off-Peak,Dry,208,387,148,99,15
Natete Junction,2026-06-11,12,Off-Peak,Dry,101,228,86,31,3
Natete Junction,2026-06-11,12,Off-Peak,Dry,137,196,122,42,6
Natete Junction,2026-06-11,12,Off-Peak,Dry,191,321,166,93,15
Natete Junction,2026-06-11,13,Off-Peak,Dry,127,225,127,48,4
Natete Junction,2026-06-11,13,Off-Peak,Dry,146,239,93,68,8
Natete Junction,2026-06-11,13,Off-Peak,Dry,170,319,181,74,8
Natete Junction,2026-06-11,13,Off-Peak,Dry,183,387,146,84,10
Natete Junction,2026-06-11,14,Off-Peak,Dry,121,251,130,41,9
Natete Junction,2026-06-11,14,Off-Peak,Dry,119,245,138,39,2
Natete Junction,2026-06-11,14,Off-Peak,Dry,139,342,136,66,2
Natete Junction,2026-06-11,14,Off-Peak,Dry,177,306,156,65,11
Natete Junction,2026-06-11,15,Off-Peak,Dry,119,281,92,40,7
Natete Junction,2026-06-11,15,Off-Peak,Dry,204,455,174,84,15
Natete Junction,2026-06-11,15,Off-Peak,Dry,114,345,141,35,8
Natete Junction,2026-06-11,15,Off-Peak,Dry,131,189,93,48,8
Natete Junction,2026-06-11,16,Peak,Dry,414,508,294,162,27
Natete Junction,2026-06-11,16,Peak,Dry,414,673,303,151,26
Natete Junction,2026-06-11,16,Peak,Dry,378,796,314,186,26
Natete Junction,2026-06-11,16,Peak,Dry,380,623,321,171,18
Natete Junction,2026-06-11,17,Peak,Dry,342,738,315,132,26
Natete Junction,2026-06-11,17,Peak,Dry,424,849,405,145,16
Natete Junction,2026-06-11,17,Peak,Dry,387,856,317,162,13
Natete Junction,2026-06-11,17,Peak,Dry,317,514,281,118,21
Natete Junction,2026-06-11,18,Peak,Dry,333,845,332,138,18
Natete Junction,2026-06-11,18,Peak,Dry,338,787,242,134,18
Natete Junction,2026-06-11,18,Peak,Dry,357,1005,347,172,20
Natete Junction,2026-06-11,18,Peak,Dry,293,767,319,106,14
Natete Junction,2026-06-11,19,Off-Peak,Dry,498,775,299,149,30
Natete Junction,2026-06-11,19,Off-Peak,Dry,275,593,270,109,10
Natete Junction,2026-06-11,19,Off-Peak,Dry,302,866,332,112,7
Natete Junction,2026-06-11,19,Off-Peak,Dry,412,847,329,129,24
Natete Junction,2026-06-11,20,Off-Peak,Dry,153,320,113,59,12
Natete Junction,2026-06-11,20,Off-Peak,Dry,181,278,161,71,6
Natete Junction,2026-06-11,20,Off-Peak,Dry,192,319,195,62,9
Natete Junction,2026-06-11,20,Off-Peak,Dry,158,324,149,77,3
Natete Junction,2026-06-11,21,Off-Peak,Dry,173,381,109,62,13
Natete Junction,2026-06-11,21,Off-Peak,Dry,142,231,139,42,8
Natete Junction,2026-06-11,21,Off-Peak,Dry,173,351,183,67,12
Natete Junction,2026-06-11,21,Off-Peak,Dry,132,199,120,55,4
Natete Junction,2026-06-12,6,Off-Peak,Dry,164,343,135,50,4
Natete Junction,2026-06-12,6,Off-Peak,Dry,99,172,122,44,4
Natete Junction,2026-06-12,6,Off-Peak,Dry,141,230,136,43,5
Natete Junction,2026-06-12,6,Off-Peak,Dry,178,296,155,60,4
Natete Junction,2026-06-12,7,Peak,Dry,408,790,279,155,31
Natete Junction,2026-06-12,7,Peak,Dry,451,793,378,158,28
Natete Junction,2026-06-12,7,Peak,Dry,288,881,287,142,14
Natete Junction,2026-06-12,7,Peak,Dry,332,826,386,158,13
Natete Junction,2026-06-12,8,Peak,Dry,326,718,370,150,10
Natete Junction,2026-06-12,8,Peak,Dry,339,784,355,120,27
Natete Junction,2026-06-12,8,Peak,Dry,496,797,364,211,23
Natete Junction,2026-06-12,8,Peak,Dry,466,786,352,188,14
Natete Junction,2026-06-12,9,Off-Peak,Dry,355,865,293,159,16
Natete Junction,2026-06-12,9,Off-Peak,Dry,378,803,393,162,10
Natete Junction,2026-06-12,9,Off-Peak,Dry,419,859,312,196,32
Natete Junction,2026-06-12,9,Off-Peak,Dry,328,752,301,125,14
Natete Junction,2026-06-12,10,Off-Peak,Dry,141,282,109,68,8
Natete Junction,2026-06-12,10,Off-Peak,Dry,115,242,84,39,6
Natete Junction,2026-06-12,10,Off-Peak,Dry,157,308,176,53,10
Natete Junction,2026-06-12,10,Off-Peak,Dry,165,310,115,50,9
Natete Junction,2026-06-12,11,Off-Peak,Dry,231,292,202,104,17
Natete Junction,2026-06-12,11,Off-Peak,Dry,108,283,91,32,8
Natete Junction,2026-06-12,11,Off-Peak,Dry,98,200,86,48,2
Natete Junction,2026-06-12,11,Off-Peak,Dry,147,251,159,58,10
Natete Junction,2026-06-12,12,Off-Peak,Dry,158,414,157,66,3
Natete Junction,2026-06-12,12,Off-Peak,Dry,158,301,160,65,5
Natete Junction,2026-06-12,12,Off-Peak,Dry,216,435,137,98,11
Natete Junction,2026-06-12,12,Off-Peak,Dry,129,206,107,56,8
Natete Junction,2026-06-12,13,Off-Peak,Dry,215,404,150,105,7
Natete Junction,2026-06-12,13,Off-Peak,Dry,106,312,115,35,8
Natete Junction,2026-06-12,13,Off-Peak,Dry,118,271,96,58,5
Natete Junction,2026-06-12,13,Off-Peak,Dry,129,361,152,42,9
Natete Junction,2026-06-12,14,Off-Peak,Dry,177,310,149,68,9
Natete Junction,2026-06-12,14,Off-Peak,Dry,172,251,127,79,3
Natete Junction,2026-06-12,14,Off-Peak,Dry,141,337,126,58,8
Natete Junction,2026-06-12,14,Off-Peak,Dry,185,422,168,70,8
Natete Junction,2026-06-12,15,Off-Peak,Dry,107,256,124,50,5
Natete Junction,2026-06-12,15,Off-Peak,Dry,163,349,160,63,10
Natete Junction,2026-06-12,15,Off-Peak,Dry,115,164,85,48,5
Natete Junction,2026-06-12,15,Off-Peak,Dry,176,245,137,61,11
Natete Junction,2026-06-12,16,Peak,Dry,352,649,331,142,18
Natete Junction,2026-06-12,16,Peak,Dry,452,864,290,207,29
Natete Junction,2026-06-12,16,Peak,Dry,491,627,385,219,18
Natete Junction,2026-06-12,16,Peak,Dry,478,1002,320,179,20
Natete Junction,2026-06-12,17,Peak,Dry,392,532,259,170,31
Natete Junction,2026-06-12,17,Peak,Dry,451,886,329,175,26
Natete Junction,2026-06-12,17,Peak,Dry,388,650,322,120,27
Natete Junction,2026-06-12,17,Peak,Dry,427,791,389,139,31
Natete Junction,2026-06-12,18,Peak,Dry,405,580,345,136,27
Natete Junction,2026-06-12,18,Peak,Dry,319,552,276,104,19
Natete Junction,2026-06-12,18,Peak,Dry,400,510,241,165,16
Natete Junction,2026-06-12,18,Peak,Dry,377,540,298,183,24
Natete Junction,2026-06-12,19,Off-Peak,Dry,389,665,295,158,15
Natete Junction,2026-06-12,19,Off-Peak,Dry,388,539,328,147,20
Natete Junction,2026-06-12,19,Off-Peak,Dry,349,675,311,115,20
Natete Junction,2026-06-12,19,Off-Peak,Dry,386,607,285,141,15
Natete Junction,2026-06-12,20,Off-Peak,Dry,154,448,153,48,12
Natete Junction,2026-06-12,20,Off-Peak,Dry,114,293,120,40,7
Natete Junction,2026-06-12,20,Off-Peak,Dry,192,332,191,68,6
Natete Junction,2026-06-12,20,Off-Peak,Dry,221,324,182,78,16
Natete Junction,2026-06-12,21,Off-Peak,Dry,199,354,142,87,6
Natete Junction,2026-06-12,21,Off-Peak,Dry,168,258,138,62,6
Natete Junction,2026-06-12,21,Off-Peak,Dry,131,277,129,45,8
Natete Junction,2026-06-12,21,Off-Peak,Dry,192,419,158,78,4
Natete Junction,2026-06-13,6,Off-Peak,Wet (Rain),114,279,83,54,5
Natete Junction,2026-06-13,6,Off-Peak,Dry,143,318,120,44,4
Natete Junction,2026-06-13,6,Off-Peak,Wet (Rain),144,218,143,51,6
Natete Junction,2026-06-13,6,Off-Peak,Dry,111,239,87,53,2
Natete Junction,2026-06-13,7,Peak,Wet (Rain),230,513,267,108,16
Natete Junction,2026-06-13,7,Peak,Wet (Rain),269,527,248,121,18
Natete Junction,2026-06-13,7,Peak,Wet (Rain),347,694,285,173,22
Natete Junction,2026-06-13,7,Peak,Wet (Rain),347,467,217,154,7
Natete Junction,2026-06-13,8,Peak,Wet (Rain),326,556,241,114,12
Natete Junction,2026-06-13,8,Peak,Dry,380,960,297,158,8
Natete Junction,2026-06-13,8,Peak,Wet (Rain),276,429,254,118,15
Natete Junction,2026-06-13,8,Peak,Dry,307,716,298,100,13
Natete Junction,2026-06-13,9,Off-Peak,Wet (Rain),339,762,266,134,15
Natete Junction,2026-06-13,9,Off-Peak,Dry,418,563,370,143,13
Natete Junction,2026-06-13,9,Off-Peak,Wet (Rain),353,683,281,144,25
Natete Junction,2026-06-13,9,Off-Peak,Dry,310,962,272,95,22
Natete Junction,2026-06-13,10,Off-Peak,Dry,144,362,138,43,8
Natete Junction,2026-06-13,10,Off-Peak,Dry,173,384,151,83,9
Natete Junction,2026-06-13,10,Off-Peak,Wet (Rain),153,293,104,76,8
Natete Junction,2026-06-13,10,Off-Peak,Dry,208,447,146,70,13
Natete Junction,2026-06-13,11,Off-Peak,Dry,124,294,132,40,2
Natete Junction,2026-06-13,11,Off-Peak,Wet (Rain),172,332,127,54,11
Natete Junction,2026-06-13,11,Off-Peak,Wet (Rain),145,278,149,48,11
Natete Junction,2026-06-13,11,Off-Peak,Dry,134,225,94,41,5
Natete Junction,2026-06-13,12,Off-Peak,Wet (Rain),123,242,103,54,8
Natete Junction,2026-06-13,12,Off-Peak,Dry,158,371,126,69,8
Natete Junction,2026-06-13,12,Off-Peak,Dry,159,369,162,66,6
Natete Junction,2026-06-13,12,Off-Peak,Wet (Rain),110,224,84,46,6
Natete Junction,2026-06-13,13,Off-Peak,Dry,96,162,111,29,5
Natete Junction,2026-06-13,13,Off-Peak,Wet (Rain),124,276,116,38,6
Natete Junction,2026-06-13,13,Off-Peak,Dry,165,339,149,58,9
Natete Junction,2026-06-13,13,Off-Peak,Dry,119,300,108,40,8
Natete Junction,2026-06-13,14,Off-Peak,Wet (Rain),127,306,111,51,4
Natete Junction,2026-06-13,14,Off-Peak,Wet (Rain),77,212,90,37,4
Natete Junction,2026-06-13,14,Off-Peak,Wet (Rain),159,313,141,65,7
Natete Junction,2026-06-13,14,Off-Peak,Dry,95,198,99,47,3
Natete Junction,2026-06-13,15,Off-Peak,Dry,170,248,139,66,9
Natete Junction,2026-06-13,15,Off-Peak,Wet (Rain),145,214,120,53,8
Natete Junction,2026-06-13,15,Off-Peak,Dry,173,256,162,57,9
Natete Junction,2026-06-13,15,Off-Peak,Wet (Rain),114,284,96,38,7
Natete Junction,2026-06-13,16,Peak,Dry,301,704,325,96,8
Natete Junction,2026-06-13,16,Peak,Dry,355,789,314,150,22
Natete Junction,2026-06-13,16,Peak,Dry,339,727,375,129,21
Natete Junction,2026-06-13,16,Peak,Wet (Rain),348,607,317,138,24
Natete Junction,2026-06-13,17,Peak,Wet (Rain),265,508,216,130,12
Natete Junction,2026-06-13,17,Peak,Wet (Rain),387,729,353,172,20
Natete Junction,2026-06-13,17,Peak,Dry,290,451,266,101,13
Natete Junction,2026-06-13,17,Peak,Dry,472,763,393,192,24
Natete Junction,2026-06-13,18,Peak,Dry,374,707,254,179,20
Natete Junction,2026-06-13,18,Peak,Wet (Rain),260,669,270,129,12
Natete Junction,2026-06-13,18,Peak,Wet (Rain),388,608,320,117,22
Natete Junction,2026-06-13,18,Peak,Dry,410,576,308,195,15
Natete Junction,2026-06-13,19,Off-Peak,Dry,377,704,358,120,28
Natete Junction,2026-06-13,19,Off-Peak,Dry,406,786,289,178,22
Natete Junction,2026-06-13,19,Off-Peak,Dry,347,801,261,115,9
Natete Junction,2026-06-13,19,Off-Peak,Dry,404,670,360,149,22
Natete Junction,2026-06-13,20,Off-Peak,Wet (Rain),103,178,107,35,7
Natete Junction,2026-06-13,20,Off-Peak,Dry,192,274,157,87,5
Natete Junction,2026-06-13,20,Off-Peak,Wet (Rain),136,209,126,58,4
Natete Junction,2026-06-13,20,Off-Peak,Wet (Rain),145,334,131,49,3
Natete Junction,2026-06-13,21,Off-Peak,Dry,159,386,142,60,3
Natete Junction,2026-06-13,21,Off-Peak,Wet (Rain),109,256,79,42,8
Natete Junction,2026-06-13,21,Off-Peak,Dry,143,313,121,46,8
Natete Junction,2026-06-13,21,Off-Peak,Wet (Rain),166,320,142,78,5
Natete Junction,2026-06-14,6,Off-Peak,Dry,156,230,108,48,7
Natete Junction,2026-06-14,6,Off-Peak,Dry,148,266,148,48,11
Natete Junction,2026-06-14,6,Off-Peak,Dry,199,474,146,69,7
Natete Junction,2026-06-14,6,Off-Peak,Dry,183,370,141,71,8
Natete Junction,2026-06-14,7,Peak,Dry,405,651,341,184,19
Natete Junction,2026-06-14,7,Peak,Dry,340,656,427,136,14
Natete Junction,2026-06-14,7,Peak,Dry,392,663,394,161,8
Natete Junction,2026-06-14,7,Peak,Dry,400,852,317,148,11
Natete Junction,2026-06-14,8,Peak,Dry,403,583,334,143,11
Natete Junction,2026-06-14,8,Peak,Dry,339,500,328,112,23
Natete Junction,2026-06-14,8,Peak,Dry,351,844,283,164,7
Natete Junction,2026-06-14,8,Peak,Dry,390,584,309,146,26
Natete Junction,2026-06-14,9,Off-Peak,Dry,484,662,379,202,26
Natete Junction,2026-06-14,9,Off-Peak,Dry,319,689,278,116,19
Natete Junction,2026-06-14,9,Off-Peak,Dry,397,883,336,192,14
Natete Junction,2026-06-14,9,Off-Peak,Dry,440,701,363,169,13
Natete Junction,2026-06-14,10,Off-Peak,Dry,133,184,109,52,7
Natete Junction,2026-06-14,10,Off-Peak,Dry,137,173,114,46,10
Natete Junction,2026-06-14,10,Off-Peak,Dry,143,387,151,54,5
Natete Junction,2026-06-14,10,Off-Peak,Dry,205,356,145,75,10
Natete Junction,2026-06-14,11,Off-Peak,Dry,179,389,173,59,11
Natete Junction,2026-06-14,11,Off-Peak,Dry,125,291,110,54,6
Natete Junction,2026-06-14,11,Off-Peak,Dry,155,330,195,50,11
Natete Junction,2026-06-14,11,Off-Peak,Dry,150,276,129,69,3
Natete Junction,2026-06-14,12,Off-Peak,Dry,113,267,81,50,3
Natete Junction,2026-06-14,12,Off-Peak,Dry,110,217,135,35,4
Natete Junction,2026-06-14,12,Off-Peak,Dry,190,394,121,80,12
Natete Junction,2026-06-14,12,Off-Peak,Dry,122,321,127,39,4
Natete Junction,2026-06-14,13,Off-Peak,Dry,188,281,142,80,9
Natete Junction,2026-06-14,13,Off-Peak,Dry,195,428,158,59,5
Natete Junction,2026-06-14,13,Off-Peak,Dry,118,200,116,52,4
Natete Junction,2026-06-14,13,Off-Peak,Dry,106,308,91,39,2
Natete Junction,2026-06-14,14,Off-Peak,Dry,122,309,104,46,5
Natete Junction,2026-06-14,14,Off-Peak,Dry,139,296,114,50,10
Natete Junction,2026-06-14,14,Off-Peak,Dry,126,180,108,54,3
Natete Junction,2026-06-14,14,Off-Peak,Dry,108,301,85,44,2
Natete Junction,2026-06-14,15,Off-Peak,Dry,175,280,157,61,10
Natete Junction,2026-06-14,15,Off-Peak,Dry,126,219,123,54,8
Natete Junction,2026-06-14,15,Off-Peak,Dry,192,274,138,79,4
Natete Junction,2026-06-14,15,Off-Peak,Dry,185,282,158,85,12
Natete Junction,2026-06-14,16,Peak,Dry,339,519,370,139,14
Natete Junction,2026-06-14,16,Peak,Dry,448,930,333,174,27
Natete Junction,2026-06-14,16,Peak,Dry,394,532,263,132,20
Natete Junction,2026-06-14,16,Peak,Dry,421,1024,387,178,21
Natete Junction,2026-06-14,17,Peak,Dry,464,708,377,174,33
Natete Junction,2026-06-14,17,Peak,Dry,456,944,336,216,33
Natete Junction,2026-06-14,17,Peak,Dry,455,948,369,201,29
Natete Junction,2026-06-14,17,Peak,Dry,409,619,380,153,20
Natete Junction,2026-06-14,18,Peak,Dry,354,729,320,112,23
Natete Junction,2026-06-14,18,Peak,Dry,318,510,307,104,10
Natete Junction,2026-06-14,18,Peak,Dry,447,862,277,185,31
Natete Junction,2026-06-14,18,Peak,Dry,361,530,248,139,11
Natete Junction,2026-06-14,19,Off-Peak,Dry,409,697,280,145,17
Natete Junction,2026-06-14,19,Off-Peak,Dry,474,836,433,217,36
Natete Junction,2026-06-14,19,Off-Peak,Dry,461,1017,335,217,9
Natete Junction,2026-06-14,19,Off-Peak,Dry,355,652,293,119,14
Natete Junction,2026-06-14,20,Off-Peak,Dry,116,185,116,53,6
Natete Junction,2026-06-14,20,Off-Peak,Dry,132,291,133,42,2
Natete Junction,2026-06-14,20,Off-Peak,Dry,134,207,149,64,9
Natete Junction,2026-06-14,20,Off-Peak,Dry,205,315,168,84,16
Natete Junction,2026-06-14,21,Off-Peak,Dry,152,275,133,72,11
Natete Junction,2026-06-14,21,Off-Peak,Dry,227,384,154,95,8
Natete Junction,2026-06-14,21,Off-Peak,Dry,160,404,153,51,6
Natete Junction,2026-06-14,21,Off-Peak,Dry,134,205,113,52,5
Natete Junction,2026-06-15,6,Off-Peak,Dry,123,229,155,48,2
Natete Junction,2026-06-15,6,Off-Peak,Dry,164,338,118,71,11
Natete Junction,2026-06-15,6,Off-Peak,Dry,166,244,159,63,8
Natete Junction,2026-06-15,6,Off-Peak,Dry,128,206,88,52,9
Natete Junction,2026-06-15,7,Peak,Dry,381,612,414,144,15
Natete Junction,2026-06-15,7,Peak,Dry,437,695,347,185,24
Natete Junction,2026-06-15,7,Peak,Dry,364,704,246,116,16
Natete Junction,2026-06-15,7,Peak,Dry,371,1032,336,123,21
Natete Junction,2026-06-15,8,Peak,Dry,323,629,281,137,25
Natete Junction,2026-06-15,8,Peak,Dry,362,625,373,174,23
Natete Junction,2026-06-15,8,Peak,Dry,382,773,304,117,25
Natete Junction,2026-06-15,8,Peak,Dry,399,682,330,175,20
Natete Junction,2026-06-15,9,Off-Peak,Dry,452,898,357,156,33
Natete Junction,2026-06-15,9,Off-Peak,Dry,340,493,345,125,18
Natete Junction,2026-06-15,9,Off-Peak,Dry,366,651,284,148,24
Natete Junction,2026-06-15,9,Off-Peak,Dry,438,759,290,138,15
Natete Junction,2026-06-15,10,Off-Peak,Dry,130,235,139,60,10
Natete Junction,2026-06-15,10,Off-Peak,Dry,106,182,107,34,3
Natete Junction,2026-06-15,10,Off-Peak,Dry,169,404,175,74,5
Natete Junction,2026-06-15,10,Off-Peak,Dry,117,185,124,57,4
Natete Junction,2026-06-15,11,Off-Peak,Dry,134,254,122,51,7
Natete Junction,2026-06-15,11,Off-Peak,Dry,139,303,114,65,8
Natete Junction,2026-06-15,11,Off-Peak,Dry,119,265,128,56,7
Natete Junction,2026-06-15,11,Off-Peak,Dry,142,281,141,65,6
Natete Junction,2026-06-15,12,Off-Peak,Dry,118,283,103,46,3
Natete Junction,2026-06-15,12,Off-Peak,Dry,137,297,116,64,9
Natete Junction,2026-06-15,12,Off-Peak,Dry,169,239,163,54,9
Natete Junction,2026-06-15,12,Off-Peak,Dry,142,267,175,54,6
Natete Junction,2026-06-15,13,Off-Peak,Dry,129,396,150,47,3
Natete Junction,2026-06-15,13,Off-Peak,Dry,96,258,89,42,6
Natete Junction,2026-06-15,13,Off-Peak,Dry,107,245,94,53,2
Natete Junction,2026-06-15,13,Off-Peak,Dry,185,335,138,91,13
Natete Junction,2026-06-15,14,Off-Peak,Dry,208,307,169,101,6
Natete Junction,2026-06-15,14,Off-Peak,Dry,106,183,85,42,5
Natete Junction,2026-06-15,14,Off-Peak,Dry,146,249,107,72,8
Natete Junction,2026-06-15,14,Off-Peak,Dry,139,167,100,54,9
Natete Junction,2026-06-15,15,Off-Peak,Dry,140,263,146,68,6
Natete Junction,2026-06-15,15,Off-Peak,Dry,137,246,117,56,9
Natete Junction,2026-06-15,15,Off-Peak,Dry,142,165,96,48,6
Natete Junction,2026-06-15,15,Off-Peak,Dry,207,354,167,81,8
Natete Junction,2026-06-15,16,Peak,Dry,383,669,318,170,17
Natete Junction,2026-06-15,16,Peak,Dry,327,758,295,155,7
Natete Junction,2026-06-15,16,Peak,Dry,415,581,341,173,30
Natete Junction,2026-06-15,16,Peak,Dry,358,679,323,137,7
Natete Junction,2026-06-15,17,Peak,Dry,320,541,407,158,21
Natete Junction,2026-06-15,17,Peak,Dry,348,996,412,163,17
Natete Junction,2026-06-15,17,Peak,Dry,325,479,251,110,21
Natete Junction,2026-06-15,17,Peak,Dry,451,768,311,182,22
Natete Junction,2026-06-15,18,Peak,Dry,514,783,343,253,19
Natete Junction,2026-06-15,18,Peak,Dry,398,740,389,140,13
Natete Junction,2026-06-15,18,Peak,Dry,296,529,314,125,19
Natete Junction,2026-06-15,18,Peak,Dry,440,627,322,141,14
Natete Junction,2026-06-15,19,Off-Peak,Dry,339,724,269,107,9
Natete Junction,2026-06-15,19,Off-Peak,Dry,338,956,298,145,18
Natete Junction,2026-06-15,19,Off-Peak,Dry,384,1011,301,121,9
Natete Junction,2026-06-15,19,Off-Peak,Dry,319,631,338,120,8
Natete Junction,2026-06-15,20,Off-Peak,Dry,180,306,167,71,11
Natete Junction,2026-06-15,20,Off-Peak,Dry,109,188,124,51,2
Natete Junction,2026-06-15,20,Off-Peak,Dry,106,231,92,51,4
Natete Junction,2026-06-15,20,Off-Peak,Dry,154,245,138,62,4
Natete Junction,2026-06-15,21,Off-Peak,Dry,187,337,158,83,12
Natete Junction,2026-06-15,21,Off-Peak,Dry,164,354,135,73,5
Natete Junction,2026-06-15,21,Off-Peak,Dry,142,274,122,53,4
Natete Junction,2026-06-15,21,Off-Peak,Dry,140,371,145,65,3
Natete Junction,2026-06-16,6,Off-Peak,Dry,186,240,120,89,4
Natete Junction,2026-06-16,6,Off-Peak,Dry,148,296,112,63,10
Natete Junction,2026-06-16,6,Off-Peak,Dry,137,190,102,45,5
Natete Junction,2026-06-16,6,Off-Peak,Dry,176,225,129,83,5
Natete Junction,2026-06-16,7,Peak,Dry,386,685,347,192,24
Natete Junction,2026-06-16,7,Peak,Dry,395,851,310,126,20
Natete Junction,2026-06-16,7,Peak,Dry,386,585,320,139,21
Natete Junction,2026-06-16,7,Peak,Dry,326,818,344,98,7
Natete Junction,2026-06-16,8,Peak,Dry,418,549,274,177,19
Natete Junction,2026-06-16,8,Peak,Dry,415,1017,355,180,28
Natete Junction,2026-06-16,8,Peak,Dry,381,532,288,184,22
Natete Junction,2026-06-16,8,Peak,Dry,282,744,305,139,9
Natete Junction,2026-06-16,9,Off-Peak,Dry,462,740,328,168,26
Natete Junction,2026-06-16,9,Off-Peak,Dry,361,660,291,146,16
Natete Junction,2026-06-16,9,Off-Peak,Dry,362,933,277,165,26
Natete Junction,2026-06-16,9,Off-Peak,Dry,338,639,405,130,19
Natete Junction,2026-06-16,10,Off-Peak,Dry,96,243,95,42,3
Natete Junction,2026-06-16,10,Off-Peak,Dry,108,234,126,53,3
Natete Junction,2026-06-16,10,Off-Peak,Dry,195,396,169,62,11
Natete Junction,2026-06-16,10,Off-Peak,Dry,208,339,178,71,11
Natete Junction,2026-06-16,11,Off-Peak,Dry,141,240,129,59,7
Natete Junction,2026-06-16,11,Off-Peak,Dry,115,285,120,50,3
Natete Junction,2026-06-16,11,Off-Peak,Dry,148,285,107,67,10
Natete Junction,2026-06-16,11,Off-Peak,Dry,158,312,149,69,10
Natete Junction,2026-06-16,12,Off-Peak,Dry,179,323,138,68,4
Natete Junction,2026-06-16,12,Off-Peak,Dry,219,323,169,102,16
Natete Junction,2026-06-16,12,Off-Peak,Dry,173,402,141,65,11
Natete Junction,2026-06-16,12,Off-Peak,Dry,109,264,85,46,4
Natete Junction,2026-06-16,13,Off-Peak,Dry,163,308,178,55,6
Natete Junction,2026-06-16,13,Off-Peak,Dry,156,380,125,51,11
Natete Junction,2026-06-16,13,Off-Peak,Dry,141,230,127,50,6
Natete Junction,2026-06-16,13,Off-Peak,Dry,167,339,144,75,4
Natete Junction,2026-06-16,14,Off-Peak,Dry,137,380,160,67,8
Natete Junction,2026-06-16,14,Off-Peak,Dry,163,320,168,68,10
Natete Junction,2026-06-16,14,Off-Peak,Dry,118,272,129,46,7
Natete Junction,2026-06-16,14,Off-Peak,Dry,143,296,124,43,4
Natete Junction,2026-06-16,15,Off-Peak,Dry,134,253,98,54,9
Natete Junction,2026-06-16,15,Off-Peak,Dry,198,354,173,60,8
Natete Junction,2026-06-16,15,Off-Peak,Dry,176,344,131,71,7
Natete Junction,2026-06-16,15,Off-Peak,Dry,173,317,134,76,7
Natete Junction,2026-06-16,16,Peak,Dry,392,624,269,193,9
Natete Junction,2026-06-16,16,Peak,Dry,375,949,342,180,24
Natete Junction,2026-06-16,16,Peak,Dry,441,659,386,164,23
Natete Junction,2026-06-16,16,Peak,Dry,487,646,326,227,14
Natete Junction,2026-06-16,17,Peak,Dry,389,707,255,167,26
Natete Junction,2026-06-16,17,Peak,Dry,474,1036,361,157,37
Natete Junction,2026-06-16,17,Peak,Dry,337,546,262,147,13
Natete Junction,2026-06-16,17,Peak,Dry,397,982,343,172,19
Natete Junction,2026-06-16,18,Peak,Dry,369,691,284,165,10
Natete Junction,2026-06-16,18,Peak,Dry,468,1049,443,201,35
Natete Junction,2026-06-16,18,Peak,Dry,475,1031,420,186,28
Natete Junction,2026-06-16,18,Peak,Dry,399,582,282,167,17
Natete Junction,2026-06-16,19,Off-Peak,Dry,351,515,336,159,17
Natete Junction,2026-06-16,19,Off-Peak,Dry,437,986,323,192,17
Natete Junction,2026-06-16,19,Off-Peak,Dry,434,623,317,178,30
Natete Junction,2026-06-16,19,Off-Peak,Dry,354,801,244,162,8
Natete Junction,2026-06-16,20,Off-Peak,Dry,115,187,113,43,7
Natete Junction,2026-06-16,20,Off-Peak,Dry,130,327,107,39,7
Natete Junction,2026-06-16,20,Off-Peak,Dry,119,227,109,57,4
Natete Junction,2026-06-16,20,Off-Peak,Dry,181,237,170,75,4
Natete Junction,2026-06-16,21,Off-Peak,Dry,146,235,113,66,8
Natete Junction,2026-06-16,21,Off-Peak,Dry,96,205,107,44,3
Natete Junction,2026-06-16,21,Off-Peak,Dry,198,330,142,84,5
Natete Junction,2026-06-16,21,Off-Peak,Dry,176,381,116,56,6
Natete Junction,2026-06-17,6,Off-Peak,Dry,117,298,114,48,5
Natete Junction,2026-06-17,6,Off-Peak,Dry,115,272,97,43,3
Natete Junction,2026-06-17,6,Off-Peak,Dry,149,298,111,58,7
Natete Junction,2026-06-17,6,Off-Peak,Dry,134,319,108,63,3
Natete Junction,2026-06-17,7,Peak,Dry,412,629,323,144,23
Natete Junction,2026-06-17,7,Peak,Dry,466,924,306,225,15
Natete Junction,2026-06-17,7,Peak,Dry,405,866,292,139,23
Natete Junction,2026-06-17,7,Peak,Dry,349,782,335,132,7
Natete Junction,2026-06-17,8,Peak,Dry,435,783,288,174,25
Natete Junction,2026-06-17,8,Peak,Dry,387,762,337,169,27
Natete Junction,2026-06-17,8,Peak,Dry,486,792,398,213,12
Natete Junction,2026-06-17,8,Peak,Dry,309,477,340,137,13
Natete Junction,2026-06-17,9,Off-Peak,Dry,320,864,300,134,13
Natete Junction,2026-06-17,9,Off-Peak,Dry,384,815,380,187,16
Natete Junction,2026-06-17,9,Off-Peak,Dry,395,772,413,179,13
Natete Junction,2026-06-17,9,Off-Peak,Dry,441,699,410,213,26
Natete Junction,2026-06-17,10,Off-Peak,Dry,148,398,121,48,3
Natete Junction,2026-06-17,10,Off-Peak,Dry,107,269,111,40,7
Natete Junction,2026-06-17,10,Off-Peak,Dry,156,276,183,68,6
Natete Junction,2026-06-17,10,Off-Peak,Dry,151,327,179,74,3
Natete Junction,2026-06-17,11,Off-Peak,Dry,116,278,104,35,4
Natete Junction,2026-06-17,11,Off-Peak,Dry,159,314,172,66,5
Natete Junction,2026-06-17,11,Off-Peak,Dry,157,414,164,53,12
Natete Junction,2026-06-17,11,Off-Peak,Dry,114,262,88,36,7
Natete Junction,2026-06-17,12,Off-Peak,Dry,121,302,104,56,5
Natete Junction,2026-06-17,12,Off-Peak,Dry,167,236,123,70,10
Natete Junction,2026-06-17,12,Off-Peak,Dry,179,331,151,72,11
Natete Junction,2026-06-17,12,Off-Peak,Dry,124,347,132,43,8
Natete Junction,2026-06-17,13,Off-Peak,Dry,207,418,184,62,13
Natete Junction,2026-06-17,13,Off-Peak,Dry,116,187,125,40,7
Natete Junction,2026-06-17,13,Off-Peak,Dry,119,231,114,41,8
Natete Junction,2026-06-17,13,Off-Peak,Dry,167,345,163,71,10
Natete Junction,2026-06-17,14,Off-Peak,Dry,134,368,141,54,7
Natete Junction,2026-06-17,14,Off-Peak,Dry,192,327,181,67,15
Natete Junction,2026-06-17,14,Off-Peak,Dry,100,206,115,35,7
Natete Junction,2026-06-17,14,Off-Peak,Dry,183,266,132,71,6
Natete Junction,2026-06-17,15,Off-Peak,Dry,128,245,105,54,10
Natete Junction,2026-06-17,15,Off-Peak,Dry,122,277,118,55,8
Natete Junction,2026-06-17,15,Off-Peak,Dry,152,396,117,70,9
Natete Junction,2026-06-17,15,Off-Peak,Dry,161,310,162,53,10
Natete Junction,2026-06-17,16,Peak,Dry,376,767,304,164,27
Natete Junction,2026-06-17,16,Peak,Dry,274,455,236,84,18
Natete Junction,2026-06-17,16,Peak,Dry,278,701,336,111,14
Natete Junction,2026-06-17,16,Peak,Dry,431,1005,400,137,23
Natete Junction,2026-06-17,17,Peak,Dry,303,535,387,99,10
Natete Junction,2026-06-17,17,Peak,Dry,370,486,337,160,21
Natete Junction,2026-06-17,17,Peak,Dry,375,567,299,149,10
Natete Junction,2026-06-17,17,Peak,Dry,430,1004,345,196,32
Natete Junction,2026-06-17,18,Peak,Dry,411,588,390,148,22
Natete Junction,2026-06-17,18,Peak,Dry,349,726,336,117,23
Natete Junction,2026-06-17,18,Peak,Dry,346,692,327,109,8
Natete Junction,2026-06-17,18,Peak,Dry,355,778,275,153,7
Natete Junction,2026-06-17,19,Off-Peak,Dry,469,799,330,225,19
Natete Junction,2026-06-17,19,Off-Peak,Dry,338,839,269,140,7
Natete Junction,2026-06-17,19,Off-Peak,Dry,346,673,282,145,22
Natete Junction,2026-06-17,19,Off-Peak,Dry,333,888,368,117,18
Natete Junction,2026-06-17,20,Off-Peak,Dry,144,370,159,53,4
Natete Junction,2026-06-17,20,Off-Peak,Dry,134,286,136,49,10
Natete Junction,2026-06-17,20,Off-Peak,Dry,173,286,126,76,9
Natete Junction,2026-06-17,20,Off-Peak,Dry,148,317,126,44,7
Natete Junction,2026-06-17,21,Off-Peak,Dry,187,399,112,91,10
Natete Junction,2026-06-17,21,Off-Peak,Dry,106,179,91,40,6
Natete Junction,2026-06-17,21,Off-Peak,Dry,196,383,139,71,14
Natete Junction,2026-06-17,21,Off-Peak,Dry,193,356,150,64,7
Natete Junction,2026-06-18,6,Off-Peak,Dry,165,391,135,70,6
Natete Junction,2026-06-18,6,Off-Peak,Dry,161,346,149,70,12
Natete Junction,2026-06-18,6,Off-Peak,Dry,117,208,118,45,5
Natete Junction,2026-06-18,6,Off-Peak,Dry,161,254,171,78,12
Natete Junction,2026-06-18,7,Peak,Dry,310,858,358,145,22
Natete Junction,2026-06-18,7,Peak,Dry,310,601,328,125,20
Natete Junction,2026-06-18,7,Peak,Dry,390,779,276,189,24
Natete Junction,2026-06-18,7,Peak,Dry,334,771,287,164,15
Natete Junction,2026-06-18,8,Peak,Dry,440,551,338,176,19
Natete Junction,2026-06-18,8,Peak,Dry,478,695,391,225,16
Natete Junction,2026-06-18,8,Peak,Dry,457,782,310,194,29
Natete Junction,2026-06-18,8,Peak,Dry,325,709,265,150,10
Natete Junction,2026-06-18,9,Off-Peak,Dry,330,720,259,131,10
Natete Junction,2026-06-18,9,Off-Peak,Dry,314,835,347,107,15
Natete Junction,2026-06-18,9,Off-Peak,Dry,322,679,286,147,7
Natete Junction,2026-06-18,9,Off-Peak,Dry,374,620,252,141,25
Natete Junction,2026-06-18,10,Off-Peak,Dry,124,220,101,55,3
Natete Junction,2026-06-18,10,Off-Peak,Dry,124,250,94,60,5
Natete Junction,2026-06-18,10,Off-Peak,Dry,176,355,175,81,5
Natete Junction,2026-06-18,10,Off-Peak,Dry,160,332,158,69,3
Natete Junction,2026-06-18,11,Off-Peak,Dry,181,314,167,85,5
Natete Junction,2026-06-18,11,Off-Peak,Dry,132,362,118,45,6
Natete Junction,2026-06-18,11,Off-Peak,Dry,175,379,109,55,6
Natete Junction,2026-06-18,11,Off-Peak,Dry,180,364,156,54,8
Natete Junction,2026-06-18,12,Off-Peak,Dry,139,274,130,62,10
Natete Junction,2026-06-18,12,Off-Peak,Dry,171,441,183,61,12
Natete Junction,2026-06-18,12,Off-Peak,Dry,185,413,149,58,11
Natete Junction,2026-06-18,12,Off-Peak,Dry,182,333,130,63,11
Natete Junction,2026-06-18,13,Off-Peak,Dry,121,219,99,46,5
Natete Junction,2026-06-18,13,Off-Peak,Dry,95,153,109,40,5
Natete Junction,2026-06-18,13,Off-Peak,Dry,146,412,136,59,7
Natete Junction,2026-06-18,13,Off-Peak,Dry,153,317,120,72,6
Natete Junction,2026-06-18,14,Off-Peak,Dry,99,218,104,45,4
Natete Junction,2026-06-18,14,Off-Peak,Dry,191,268,172,85,8
Natete Junction,2026-06-18,14,Off-Peak,Dry,137,344,153,52,8
Natete Junction,2026-06-18,14,Off-Peak,Dry,175,336,134,83,4
Natete Junction,2026-06-18,15,Off-Peak,Dry,128,220,117,53,7
Natete Junction,2026-06-18,15,Off-Peak,Dry,131,378,124,42,9
Natete Junction,2026-06-18,15,Off-Peak,Dry,162,304,140,51,11
Natete Junction,2026-06-18,15,Off-Peak,Dry,124,306,146,37,4
Natete Junction,2026-06-18,16,Peak,Dry,400,480,242,178,11
Natete Junction,2026-06-18,16,Peak,Dry,311,958,289,150,14
Natete Junction,2026-06-18,16,Peak,Dry,372,913,385,157,8
Natete Junction,2026-06-18,16,Peak,Dry,386,937,425,186,20
Natete Junction,2026-06-18,17,Peak,Dry,330,663,364,103,11
Natete Junction,2026-06-18,17,Peak,Dry,444,727,304,183,18
Natete Junction,2026-06-18,17,Peak,Dry,380,976,373,142,30
Natete Junction,2026-06-18,17,Peak,Dry,498,821,329,187,33
Natete Junction,2026-06-18,18,Peak,Dry,372,763,308,162,19
Natete Junction,2026-06-18,18,Peak,Dry,426,614,297,191,25
Natete Junction,2026-06-18,18,Peak,Dry,375,678,332,176,12
Natete Junction,2026-06-18,18,Peak,Dry,329,810,368,137,8
Natete Junction,2026-06-18,19,Off-Peak,Dry,377,831,325,139,20
Natete Junction,2026-06-18,19,Off-Peak,Dry,316,586,373,105,15
Natete Junction,2026-06-18,19,Off-Peak,Dry,353,698,290,146,16
Natete Junction,2026-06-18,19,Off-Peak,Dry,373,588,396,123,22
Natete Junction,2026-06-18,20,Off-Peak,Dry,108,298,108,46,4
Natete Junction,2026-06-18,20,Off-Peak,Dry,175,283,154,65,8
Natete Junction,2026-06-18,20,Off-Peak,Dry,125,305,126,53,9
Natete Junction,2026-06-18,20,Off-Peak,Dry,121,179,92,41,5
Natete Junction,2026-06-18,21,Off-Peak,Dry,192,304,167,65,14
Natete Junction,2026-06-18,21,Off-Peak,Dry,163,192,116,50,7
Natete Junction,2026-06-18,21,Off-Peak,Dry,184,393,164,88,4
Natete Junction,2026-06-18,21,Off-Peak,Dry,145,351,108,66,9
Natete Junction,2026-06-19,6,Off-Peak,Dry,147,209,92,58,6
Natete Junction,2026-06-19,6,Off-Peak,Dry,169,223,139,65,8
Natete Junction,2026-06-19,6,Off-Peak,Dry,212,425,170,79,12
Natete Junction,2026-06-19,6,Off-Peak,Dry,130,229,108,45,9
Natete Junction,2026-06-19,7,Peak,Dry,310,695,366,109,17
Natete Junction,2026-06-19,7,Peak,Dry,421,637,364,142,18
Natete Junction,2026-06-19,7,Peak,Dry,398,748,414,157,24
Natete Junction,2026-06-19,7,Peak,Dry,327,552,277,157,8
Natete Junction,2026-06-19,8,Peak,Dry,290,688,269,107,21
Natete Junction,2026-06-19,8,Peak,Dry,322,651,313,138,9
Natete Junction,2026-06-19,8,Peak,Dry,410,756,296,203,10
Natete Junction,2026-06-19,8,Peak,Dry,307,799,330,130,22
Natete Junction,2026-06-19,9,Off-Peak,Dry,354,775,387,108,18
Natete Junction,2026-06-19,9,Off-Peak,Dry,400,779,351,125,31
Natete Junction,2026-06-19,9,Off-Peak,Dry,406,716,322,185,8
Natete Junction,2026-06-19,9,Off-Peak,Dry,377,755,378,178,14
Natete Junction,2026-06-19,10,Off-Peak,Dry,98,278,86,47,1
Natete Junction,2026-06-19,10,Off-Peak,Dry,125,256,127,43,2
Natete Junction,2026-06-19,10,Off-Peak,Dry,167,210,122,70,8
Natete Junction,2026-06-19,10,Off-Peak,Dry,164,427,137,76,11
Natete Junction,2026-06-19,11,Off-Peak,Dry,140,234,121,64,6
Natete Junction,2026-06-19,11,Off-Peak,Dry,107,212,93,34,3
Natete Junction,2026-06-19,11,Off-Peak,Dry,133,210,87,48,3
Natete Junction,2026-06-19,11,Off-Peak,Dry,150,431,127,59,7
Natete Junction,2026-06-19,12,Off-Peak,Dry,223,418,178,109,14
Natete Junction,2026-06-19,12,Off-Peak,Dry,188,393,147,92,11
Natete Junction,2026-06-19,12,Off-Peak,Dry,211,430,193,63,7
Natete Junction,2026-06-19,12,Off-Peak,Dry,122,269,104,58,4
Natete Junction,2026-06-19,13,Off-Peak,Dry,216,432,154,90,14
Natete Junction,2026-06-19,13,Off-Peak,Dry,133,352,117,41,10
Natete Junction,2026-06-19,13,Off-Peak,Dry,208,345,145,72,8
Natete Junction,2026-06-19,13,Off-Peak,Dry,157,240,118,77,6
Natete Junction,2026-06-19,14,Off-Peak,Dry,136,231,114,62,2
Natete Junction,2026-06-19,14,Off-Peak,Dry,179,324,149,74,12
Natete Junction,2026-06-19,14,Off-Peak,Dry,201,387,146,63,11
Natete Junction,2026-06-19,14,Off-Peak,Dry,147,303,143,61,6
Natete Junction,2026-06-19,15,Off-Peak,Dry,140,378,131,64,10
Natete Junction,2026-06-19,15,Off-Peak,Dry,140,203,110,52,2
Natete Junction,2026-06-19,15,Off-Peak,Dry,143,198,132,52,7
Natete Junction,2026-06-19,15,Off-Peak,Dry,184,316,158,75,5
Natete Junction,2026-06-19,16,Peak,Dry,321,482,293,136,10
Natete Junction,2026-06-19,16,Peak,Dry,324,613,326,105,24
Natete Junction,2026-06-19,16,Peak,Dry,310,564,238,95,7
Natete Junction,2026-06-19,16,Peak,Dry,458,551,300,221,32
Natete Junction,2026-06-19,17,Peak,Dry,336,576,295,158,19
Natete Junction,2026-06-19,17,Peak,Dry,284,681,243,99,17
Natete Junction,2026-06-19,17,Peak,Dry,282,762,302,119,9
Natete Junction,2026-06-19,17,Peak,Dry,396,555,245,142,22
Natete Junction,2026-06-19,18,Peak,Dry,406,977,369,129,26
Natete Junction,2026-06-19,18,Peak,Dry,423,951,367,180,22
Natete Junction,2026-06-19,18,Peak,Dry,413,624,299,138,9
Natete Junction,2026-06-19,18,Peak,Dry,382,553,308,149,22
Natete Junction,2026-06-19,19,Off-Peak,Dry,416,922,322,154,15
Natete Junction,2026-06-19,19,Off-Peak,Dry,333,721,306,124,25
Natete Junction,2026-06-19,19,Off-Peak,Dry,429,647,356,160,17
Natete Junction,2026-06-19,19,Off-Peak,Dry,366,803,433,141,17
Natete Junction,2026-06-19,20,Off-Peak,Dry,184,278,156,89,12
Natete Junction,2026-06-19,20,Off-Peak,Dry,116,238,109,39,7
Natete Junction,2026-06-19,20,Off-Peak,Dry,162,326,149,65,9
Natete Junction,2026-06-19,20,Off-Peak,Dry,152,212,126,64,5
Natete Junction,2026-06-19,21,Off-Peak,Dry,143,301,144,60,6
Natete Junction,2026-06-19,21,Off-Peak,Dry,135,300,88,50,7
Natete Junction,2026-06-19,21,Off-Peak,Dry,99,196,89,37,2
Natete Junction,2026-06-19,21,Off-Peak,Dry,213,420,146,71,15
Natete Junction,2026-06-20,6,Off-Peak,Dry,147,309,171,70,7
Natete Junction,2026-06-20,6,Off-Peak,Dry,115,271,83,39,4
Natete Junction,2026-06-20,6,Off-Peak,Dry,94,232,88,41,2
Natete Junction,2026-06-20,6,Off-Peak,Dry,135,291,113,62,8
Natete Junction,2026-06-20,7,Peak,Dry,316,743,288,116,23
Natete Junction,2026-06-20,7,Peak,Dry,468,791,317,190,21
Natete Junction,2026-06-20,7,Peak,Dry,321,514,291,135,23
Natete Junction,2026-06-20,7,Peak,Dry,430,825,347,165,28
Natete Junction,2026-06-20,8,Peak,Dry,371,1033,359,128,10
Natete Junction,2026-06-20,8,Peak,Dry,339,748,341,112,24
Natete Junction,2026-06-20,8,Peak,Dry,327,773,319,133,11
Natete Junction,2026-06-20,8,Peak,Dry,460,862,356,175,33
Natete Junction,2026-06-20,9,Off-Peak,Dry,301,571,259,106,8
Natete Junction,2026-06-20,9,Off-Peak,Dry,371,603,309,179,10
Natete Junction,2026-06-20,9,Off-Peak,Dry,378,879,430,143,11
Natete Junction,2026-06-20,9,Off-Peak,Dry,364,678,370,131,14
Natete Junction,2026-06-20,10,Off-Peak,Dry,128,181,90,61,2
Natete Junction,2026-06-20,10,Off-Peak,Dry,123,216,87,59,8
Natete Junction,2026-06-20,10,Off-Peak,Dry,152,258,147,69,5
Natete Junction,2026-06-20,10,Off-Peak,Dry,199,312,145,81,6
Natete Junction,2026-06-20,11,Off-Peak,Dry,108,177,96,40,3
Natete Junction,2026-06-20,11,Off-Peak,Dry,169,283,154,67,12
Natete Junction,2026-06-20,11,Off-Peak,Dry,128,197,110,54,9
Natete Junction,2026-06-20,11,Off-Peak,Dry,133,207,107,60,9
Natete Junction,2026-06-20,12,Off-Peak,Dry,131,332,139,51,4
Natete Junction,2026-06-20,12,Off-Peak,Dry,124,258,125,50,5
Natete Junction,2026-06-20,12,Off-Peak,Dry,218,362,181,72,14
Natete Junction,2026-06-20,12,Off-Peak,Dry,169,280,103,67,10
Natete Junction,2026-06-20,13,Off-Peak,Dry,156,305,185,50,10
Natete Junction,2026-06-20,13,Off-Peak,Dry,127,277,145,48,7
Natete Junction,2026-06-20,13,Off-Peak,Dry,199,446,161,77,4
Natete Junction,2026-06-20,13,Off-Peak,Dry,152,233,116,64,11
Natete Junction,2026-06-20,14,Off-Peak,Dry,108,195,86,36,4
Natete Junction,2026-06-20,14,Off-Peak,Dry,112,214,136,33,2
Natete Junction,2026-06-20,14,Off-Peak,Dry,137,214,123,43,7
Natete Junction,2026-06-20,14,Off-Peak,Dry,124,254,100,49,7
Natete Junction,2026-06-20,15,Off-Peak,Dry,116,257,128,41,7
Natete Junction,2026-06-20,15,Off-Peak,Dry,141,336,124,55,3
Natete Junction,2026-06-20,15,Off-Peak,Dry,179,258,141,69,13
Natete Junction,2026-06-20,15,Off-Peak,Dry,114,187,114,36,5
Natete Junction,2026-06-20,16,Peak,Dry,458,978,326,210,21
Natete Junction,2026-06-20,16,Peak,Dry,353,553,307,156,7
Natete Junction,2026-06-20,16,Peak,Dry,478,858,418,151,31
Natete Junction,2026-06-20,16,Peak,Dry,308,932,282,134,15
Natete Junction,2026-06-20,17,Peak,Dry,304,759,238,116,18
Natete Junction,2026-06-20,17,Peak,Dry,388,720,281,184,22
Natete Junction,2026-06-20,17,Peak,Dry,407,639,281,199,15
Natete Junction,2026-06-20,17,Peak,Dry,321,481,346,155,19
Natete Junction,2026-06-20,18,Peak,Dry,352,590,302,117,8
Natete Junction,2026-06-20,18,Peak,Dry,309,550,363,100,11
Natete Junction,2026-06-20,18,Peak,Dry,439,654,317,138,14
Natete Junction,2026-06-20,18,Peak,Dry,316,760,335,127,11
Natete Junction,2026-06-20,19,Off-Peak,Dry,324,549,281,109,6
Natete Junction,2026-06-20,19,Off-Peak,Dry,387,936,368,172,12
Natete Junction,2026-06-20,19,Off-Peak,Dry,382,952,331,117,14
Natete Junction,2026-06-20,19,Off-Peak,Dry,419,531,288,197,19
Natete Junction,2026-06-20,20,Off-Peak,Dry,140,294,123,64,9
Natete Junction,2026-06-20,20,Off-Peak,Dry,169,261,135,79,8
Natete Junction,2026-06-20,20,Off-Peak,Dry,156,204,139,55,5
Natete Junction,2026-06-20,20,Off-Peak,Dry,159,308,158,54,12
Natete Junction,2026-06-20,21,Off-Peak,Dry,169,385,119,65,4
Natete Junction,2026-06-20,21,Off-Peak,Dry,200,344,143,83,12
Natete Junction,2026-06-20,21,Off-Peak,Dry,145,404,114,62,11
Natete Junction,2026-06-20,21,Off-Peak,Dry,154,257,189,74,6
Wandegeya Junction,2026-06-01,6,Off-Peak,Dry,276,442,72,115,17
Wandegeya Junction,2026-06-01,6,Off-Peak,Dry,219,287,54,78,8
Wandegeya Junction,2026-06-01,6,Off-Peak,Dry,176,342,49,65,11
Wandegeya Junction,2026-06-01,6,Off-Peak,Dry,346,615,80,107,24
Wandegeya Junction,2026-06-01,7,Peak,Dry,481,741,132,170,29
Wandegeya Junction,2026-06-01,7,Peak,Dry,680,1008,141,221,25
Wandegeya Junction,2026-06-01,7,Peak,Dry,822,962,193,374,61
Wandegeya Junction,2026-06-01,7,Peak,Dry,544,853,182,192,24
Wandegeya Junction,2026-06-01,8,Peak,Dry,619,976,171,234,38
Wandegeya Junction,2026-06-01,8,Peak,Dry,619,1052,156,210,44
Wandegeya Junction,2026-06-01,8,Peak,Dry,504,1130,198,251,25
Wandegeya Junction,2026-06-01,8,Peak,Dry,606,1325,211,246,41
Wandegeya Junction,2026-06-01,9,Off-Peak,Dry,482,1130,167,180,23
Wandegeya Junction,2026-06-01,9,Off-Peak,Dry,649,862,221,234,19
Wandegeya Junction,2026-06-01,9,Off-Peak,Dry,573,1261,223,189,22
Wandegeya Junction,2026-06-01,9,Off-Peak,Dry,556,964,140,236,43
Wandegeya Junction,2026-06-01,10,Off-Peak,Dry,373,645,73,149,26
Wandegeya Junction,2026-06-01,10,Off-Peak,Dry,243,474,70,88,10
Wandegeya Junction,2026-06-01,10,Off-Peak,Dry,221,452,60,74,16
Wandegeya Junction,2026-06-01,10,Off-Peak,Dry,215,324,48,86,11
Wandegeya Junction,2026-06-01,11,Off-Peak,Dry,281,337,67,107,20
Wandegeya Junction,2026-06-01,11,Off-Peak,Dry,164,337,58,61,4
Wandegeya Junction,2026-06-01,11,Off-Peak,Dry,244,486,60,120,11
Wandegeya Junction,2026-06-01,11,Off-Peak,Dry,233,325,61,99,17
Wandegeya Junction,2026-06-01,12,Off-Peak,Dry,261,544,65,79,12
Wandegeya Junction,2026-06-01,12,Off-Peak,Dry,338,533,77,122,7
Wandegeya Junction,2026-06-01,12,Off-Peak,Dry,251,471,70,81,14
Wandegeya Junction,2026-06-01,12,Off-Peak,Dry,349,645,84,107,27
Wandegeya Junction,2026-06-01,13,Off-Peak,Dry,269,514,81,107,19
Wandegeya Junction,2026-06-01,13,Off-Peak,Dry,219,303,47,79,7
Wandegeya Junction,2026-06-01,13,Off-Peak,Dry,289,362,84,136,8
Wandegeya Junction,2026-06-01,13,Off-Peak,Dry,269,505,85,133,6
Wandegeya Junction,2026-06-01,14,Off-Peak,Dry,332,580,70,124,22
Wandegeya Junction,2026-06-01,14,Off-Peak,Dry,175,321,49,60,4
Wandegeya Junction,2026-06-01,14,Off-Peak,Dry,201,498,69,92,6
Wandegeya Junction,2026-06-01,14,Off-Peak,Dry,251,446,85,85,15
Wandegeya Junction,2026-06-01,15,Off-Peak,Dry,211,469,65,91,15
Wandegeya Junction,2026-06-01,15,Off-Peak,Dry,219,360,64,85,5
Wandegeya Junction,2026-06-01,15,Off-Peak,Dry,278,591,89,110,19
Wandegeya Junction,2026-06-01,15,Off-Peak,Dry,259,480,90,78,9
Wandegeya Junction,2026-06-01,16,Peak,Dry,612,1032,154,246,17
Wandegeya Junction,2026-06-01,16,Peak,Dry,588,827,150,239,13
Wandegeya Junction,2026-06-01,16,Peak,Dry,613,1064,142,249,14
Wandegeya Junction,2026-06-01,16,Peak,Dry,623,736,162,203,42
Wandegeya Junction,2026-06-01,17,Peak,Dry,486,998,135,159,29
Wandegeya Junction,2026-06-01,17,Peak,Dry,662,1209,199,241,15
Wandegeya Junction,2026-06-01,17,Peak,Dry,576,961,175,195,33
Wandegeya Junction,2026-06-01,17,Peak,Dry,798,1073,205,340,28
Wandegeya Junction,2026-06-01,18,Peak,Dry,696,1207,201,249,24
Wandegeya Junction,2026-06-01,18,Peak,Dry,695,1090,159,292,37
Wandegeya Junction,2026-06-01,18,Peak,Dry,520,918,163,199,20
Wandegeya Junction,2026-06-01,18,Peak,Dry,714,1148,207,230,17
Wandegeya Junction,2026-06-01,19,Off-Peak,Dry,664,759,130,278,52
Wandegeya Junction,2026-06-01,19,Off-Peak,Dry,493,1048,192,207,22
Wandegeya Junction,2026-06-01,19,Off-Peak,Dry,512,1181,173,207,23
Wandegeya Junction,2026-06-01,19,Off-Peak,Dry,681,1207,163,283,32
Wandegeya Junction,2026-06-01,20,Off-Peak,Dry,267,549,100,84,20
Wandegeya Junction,2026-06-01,20,Off-Peak,Dry,233,346,64,78,13
Wandegeya Junction,2026-06-01,20,Off-Peak,Dry,265,534,80,88,18
Wandegeya Junction,2026-06-01,20,Off-Peak,Dry,320,473,64,110,10
Wandegeya Junction,2026-06-01,21,Off-Peak,Dry,226,352,79,105,14
Wandegeya Junction,2026-06-01,21,Off-Peak,Dry,239,548,84,71,11
Wandegeya Junction,2026-06-01,21,Off-Peak,Dry,263,458,82,82,11
Wandegeya Junction,2026-06-01,21,Off-Peak,Dry,321,434,86,155,12
Wandegeya Junction,2026-06-02,6,Off-Peak,Wet (Rain),217,228,43,99,16
Wandegeya Junction,2026-06-02,6,Off-Peak,Dry,297,519,87,125,8
Wandegeya Junction,2026-06-02,6,Off-Peak,Wet (Rain),210,261,51,67,4
Wandegeya Junction,2026-06-02,6,Off-Peak,Dry,254,362,68,113,7
Wandegeya Junction,2026-06-02,7,Peak,Dry,484,950,157,149,36
Wandegeya Junction,2026-06-02,7,Peak,Dry,557,854,170,276,15
Wandegeya Junction,2026-06-02,7,Peak,Dry,669,1337,159,239,17
Wandegeya Junction,2026-06-02,7,Peak,Dry,720,1285,207,284,24
Wandegeya Junction,2026-06-02,8,Peak,Wet (Rain),518,1147,186,175,17
Wandegeya Junction,2026-06-02,8,Peak,Dry,841,1056,228,351,39
Wandegeya Junction,2026-06-02,8,Peak,Dry,679,882,192,273,33
Wandegeya Junction,2026-06-02,8,Peak,Dry,653,1409,181,227,33
Wandegeya Junction,2026-06-02,9,Off-Peak,Dry,704,855,177,225,33
Wandegeya Junction,2026-06-02,9,Off-Peak,Wet (Rain),418,785,137,169,21
Wandegeya Junction,2026-06-02,9,Off-Peak,Wet (Rain),677,996,187,307,35
Wandegeya Junction,2026-06-02,9,Off-Peak,Dry,561,1130,176,221,41
Wandegeya Junction,2026-06-02,10,Off-Peak,Wet (Rain),172,336,63,84,11
Wandegeya Junction,2026-06-02,10,Off-Peak,Wet (Rain),182,329,42,84,7
Wandegeya Junction,2026-06-02,10,Off-Peak,Dry,303,540,85,106,17
Wandegeya Junction,2026-06-02,10,Off-Peak,Dry,172,304,53,67,8
Wandegeya Junction,2026-06-02,11,Off-Peak,Dry,269,506,58,88,18
Wandegeya Junction,2026-06-02,11,Off-Peak,Dry,283,464,82,90,17
Wandegeya Junction,2026-06-02,11,Off-Peak,Dry,183,335,44,83,10
Wandegeya Junction,2026-06-02,11,Off-Peak,Wet (Rain),230,386,64,94,17
Wandegeya Junction,2026-06-02,12,Off-Peak,Wet (Rain),184,472,57,60,7
Wandegeya Junction,2026-06-02,12,Off-Peak,Dry,338,667,83,114,10
Wandegeya Junction,2026-06-02,12,Off-Peak,Dry,242,353,65,117,10
Wandegeya Junction,2026-06-02,12,Off-Peak,Dry,193,303,58,73,4
Wandegeya Junction,2026-06-02,13,Off-Peak,Dry,276,497,67,126,19
Wandegeya Junction,2026-06-02,13,Off-Peak,Wet (Rain),182,344,54,66,7
Wandegeya Junction,2026-06-02,13,Off-Peak,Wet (Rain),296,453,72,126,21
Wandegeya Junction,2026-06-02,13,Off-Peak,Dry,177,416,60,81,11
Wandegeya Junction,2026-06-02,14,Off-Peak,Wet (Rain),298,431,80,103,19
Wandegeya Junction,2026-06-02,14,Off-Peak,Wet (Rain),234,389,79,105,7
Wandegeya Junction,2026-06-02,14,Off-Peak,Dry,322,360,82,129,24
Wandegeya Junction,2026-06-02,14,Off-Peak,Dry,301,662,98,144,15
Wandegeya Junction,2026-06-02,15,Off-Peak,Dry,201,311,48,88,4
Wandegeya Junction,2026-06-02,15,Off-Peak,Wet (Rain),264,469,73,91,11
Wandegeya Junction,2026-06-02,15,Off-Peak,Dry,230,481,89,78,17
Wandegeya Junction,2026-06-02,15,Off-Peak,Wet (Rain),320,356,92,136,21
Wandegeya Junction,2026-06-02,16,Peak,Dry,579,1222,170,265,21
Wandegeya Junction,2026-06-02,16,Peak,Wet (Rain),555,955,147,261,24
Wandegeya Junction,2026-06-02,16,Peak,Dry,565,1182,182,279,22
Wandegeya Junction,2026-06-02,16,Peak,Dry,768,1141,180,231,31
Wandegeya Junction,2026-06-02,17,Peak,Dry,688,1108,187,246,39
Wandegeya Junction,2026-06-02,17,Peak,Dry,796,1220,230,342,24
Wandegeya Junction,2026-06-02,17,Peak,Dry,771,1348,157,309,30
Wandegeya Junction,2026-06-02,17,Peak,Dry,606,1014,137,266,13
Wandegeya Junction,2026-06-02,18,Peak,Wet (Rain),669,766,195,324,50
Wandegeya Junction,2026-06-02,18,Peak,Dry,576,880,167,190,41
Wandegeya Junction,2026-06-02,18,Peak,Dry,706,1049,185,336,23
Wandegeya Junction,2026-06-02,18,Peak,Dry,715,901,172,293,32
Wandegeya Junction,2026-06-02,19,Off-Peak,Dry,687,1034,231,247,32
Wandegeya Junction,2026-06-02,19,Off-Peak,Wet (Rain),561,843,116,259,29
Wandegeya Junction,2026-06-02,19,Off-Peak,Dry,703,799,198,309,21
Wandegeya Junction,2026-06-02,19,Off-Peak,Dry,602,849,137,298,20
Wandegeya Junction,2026-06-02,20,Off-Peak,Wet (Rain),207,377,71,88,5
Wandegeya Junction,2026-06-02,20,Off-Peak,Wet (Rain),174,399,64,59,3
Wandegeya Junction,2026-06-02,20,Off-Peak,Dry,201,345,70,64,9
Wandegeya Junction,2026-06-02,20,Off-Peak,Dry,181,331,63,75,8
Wandegeya Junction,2026-06-02,21,Off-Peak,Wet (Rain),191,281,55,95,5
Wandegeya Junction,2026-06-02,21,Off-Peak,Dry,300,627,84,93,17
Wandegeya Junction,2026-06-02,21,Off-Peak,Dry,285,609,77,122,18
Wandegeya Junction,2026-06-02,21,Off-Peak,Dry,215,394,51,85,13
Wandegeya Junction,2026-06-03,6,Off-Peak,Dry,227,430,63,72,14
Wandegeya Junction,2026-06-03,6,Off-Peak,Dry,245,605,78,120,6
Wandegeya Junction,2026-06-03,6,Off-Peak,Dry,269,420,80,101,16
Wandegeya Junction,2026-06-03,6,Off-Peak,Dry,247,325,68,115,6
Wandegeya Junction,2026-06-03,7,Peak,Dry,686,1341,193,322,22
Wandegeya Junction,2026-06-03,7,Peak,Dry,509,1169,155,251,37
Wandegeya Junction,2026-06-03,7,Peak,Dry,649,1296,144,322,30
Wandegeya Junction,2026-06-03,7,Peak,Dry,670,1080,206,255,46
Wandegeya Junction,2026-06-03,8,Peak,Dry,493,822,134,198,20
Wandegeya Junction,2026-06-03,8,Peak,Dry,601,682,184,229,16
Wandegeya Junction,2026-06-03,8,Peak,Dry,565,1193,160,223,39
Wandegeya Junction,2026-06-03,8,Peak,Dry,740,1207,188,330,39
Wandegeya Junction,2026-06-03,9,Off-Peak,Dry,678,836,176,295,44
Wandegeya Junction,2026-06-03,9,Off-Peak,Dry,713,1153,198,249,29
Wandegeya Junction,2026-06-03,9,Off-Peak,Dry,518,939,175,159,40
Wandegeya Junction,2026-06-03,9,Off-Peak,Dry,513,997,187,161,38
Wandegeya Junction,2026-06-03,10,Off-Peak,Dry,254,558,82,87,15
Wandegeya Junction,2026-06-03,10,Off-Peak,Dry,160,295,51,73,10
Wandegeya Junction,2026-06-03,10,Off-Peak,Dry,299,604,90,149,9
Wandegeya Junction,2026-06-03,10,Off-Peak,Dry,237,406,74,107,12
Wandegeya Junction,2026-06-03,11,Off-Peak,Dry,257,346,53,90,17
Wandegeya Junction,2026-06-03,11,Off-Peak,Dry,207,409,63,76,7
Wandegeya Junction,2026-06-03,11,Off-Peak,Dry,327,650,94,113,9
Wandegeya Junction,2026-06-03,11,Off-Peak,Dry,169,337,56,66,4
Wandegeya Junction,2026-06-03,12,Off-Peak,Dry,240,294,60,107,5
Wandegeya Junction,2026-06-03,12,Off-Peak,Dry,292,595,72,89,20
Wandegeya Junction,2026-06-03,12,Off-Peak,Dry,249,347,55,96,14
Wandegeya Junction,2026-06-03,12,Off-Peak,Dry,243,442,50,117,13
Wandegeya Junction,2026-06-03,13,Off-Peak,Dry,310,371,77,121,9
Wandegeya Junction,2026-06-03,13,Off-Peak,Dry,256,358,56,103,16
Wandegeya Junction,2026-06-03,13,Off-Peak,Dry,189,273,47,66,14
Wandegeya Junction,2026-06-03,13,Off-Peak,Dry,205,472,77,66,6
Wandegeya Junction,2026-06-03,14,Off-Peak,Dry,371,499,87,149,12
Wandegeya Junction,2026-06-03,14,Off-Peak,Dry,333,567,89,100,21
Wandegeya Junction,2026-06-03,14,Off-Peak,Dry,354,583,78,141,13
Wandegeya Junction,2026-06-03,14,Off-Peak,Dry,263,531,70,130,13
Wandegeya Junction,2026-06-03,15,Off-Peak,Dry,232,429,69,78,7
Wandegeya Junction,2026-06-03,15,Off-Peak,Dry,276,304,68,132,18
Wandegeya Junction,2026-06-03,15,Off-Peak,Dry,329,480,69,124,11
Wandegeya Junction,2026-06-03,15,Off-Peak,Dry,173,333,51,59,12
Wandegeya Junction,2026-06-03,16,Peak,Dry,652,1016,183,198,35
Wandegeya Junction,2026-06-03,16,Peak,Dry,596,894,178,200,46
Wandegeya Junction,2026-06-03,16,Peak,Dry,497,744,143,215,32
Wandegeya Junction,2026-06-03,16,Peak,Dry,610,1099,163,284,24
Wandegeya Junction,2026-06-03,17,Peak,Dry,618,674,132,203,35
Wandegeya Junction,2026-06-03,17,Peak,Dry,638,1091,161,281,22
Wandegeya Junction,2026-06-03,17,Peak,Dry,495,1210,146,188,27
Wandegeya Junction,2026-06-03,17,Peak,Dry,752,1369,199,350,43
Wandegeya Junction,2026-06-03,18,Peak,Dry,749,1221,203,241,45
Wandegeya Junction,2026-06-03,18,Peak,Dry,578,965,162,198,22
Wandegeya Junction,2026-06-03,18,Peak,Dry,611,1210,180,262,25
Wandegeya Junction,2026-06-03,18,Peak,Dry,626,1426,206,278,32
Wandegeya Junction,2026-06-03,19,Off-Peak,Dry,441,810,182,135,18
Wandegeya Junction,2026-06-03,19,Off-Peak,Dry,612,1109,211,185,18
Wandegeya Junction,2026-06-03,19,Off-Peak,Dry,505,780,155,226,12
Wandegeya Junction,2026-06-03,19,Off-Peak,Dry,484,1287,168,226,37
Wandegeya Junction,2026-06-03,20,Off-Peak,Dry,232,353,47,79,11
Wandegeya Junction,2026-06-03,20,Off-Peak,Dry,295,383,69,97,22
Wandegeya Junction,2026-06-03,20,Off-Peak,Dry,241,473,68,99,14
Wandegeya Junction,2026-06-03,20,Off-Peak,Dry,313,420,82,137,15
Wandegeya Junction,2026-06-03,21,Off-Peak,Dry,300,475,85,109,15
Wandegeya Junction,2026-06-03,21,Off-Peak,Dry,313,482,75,141,23
Wandegeya Junction,2026-06-03,21,Off-Peak,Dry,241,327,63,90,16
Wandegeya Junction,2026-06-03,21,Off-Peak,Dry,267,374,79,111,6
Wandegeya Junction,2026-06-04,6,Off-Peak,Dry,196,390,48,83,12
Wandegeya Junction,2026-06-04,6,Off-Peak,Dry,343,436,93,151,16
Wandegeya Junction,2026-06-04,6,Off-Peak,Dry,153,383,51,52,11
Wandegeya Junction,2026-06-04,6,Off-Peak,Dry,161,309,47,73,7
Wandegeya Junction,2026-06-04,7,Peak,Dry,755,948,209,336,31
Wandegeya Junction,2026-06-04,7,Peak,Dry,711,976,189,220,26
Wandegeya Junction,2026-06-04,7,Peak,Dry,608,665,180,253,32
Wandegeya Junction,2026-06-04,7,Peak,Dry,544,1096,163,208,41
Wandegeya Junction,2026-06-04,8,Peak,Dry,599,981,125,196,20
Wandegeya Junction,2026-06-04,8,Peak,Dry,542,801,129,208,15
Wandegeya Junction,2026-06-04,8,Peak,Dry,491,1106,203,148,26
Wandegeya Junction,2026-06-04,8,Peak,Dry,648,914,173,224,49
Wandegeya Junction,2026-06-04,9,Off-Peak,Dry,590,1265,213,284,43
Wandegeya Junction,2026-06-04,9,Off-Peak,Dry,714,1418,184,335,23
Wandegeya Junction,2026-06-04,9,Off-Peak,Dry,534,913,183,241,16
Wandegeya Junction,2026-06-04,9,Off-Peak,Dry,610,935,170,284,45
Wandegeya Junction,2026-06-04,10,Off-Peak,Dry,145,265,43,68,9
Wandegeya Junction,2026-06-04,10,Off-Peak,Dry,391,628,87,170,10
Wandegeya Junction,2026-06-04,10,Off-Peak,Dry,292,295,65,142,12
Wandegeya Junction,2026-06-04,10,Off-Peak,Dry,183,264,53,73,5
Wandegeya Junction,2026-06-04,11,Off-Peak,Dry,274,555,89,88,8
Wandegeya Junction,2026-06-04,11,Off-Peak,Dry,202,401,56,85,6
Wandegeya Junction,2026-06-04,11,Off-Peak,Dry,255,298,66,113,19
Wandegeya Junction,2026-06-04,11,Off-Peak,Dry,192,298,61,59,14
Wandegeya Junction,2026-06-04,12,Off-Peak,Dry,242,418,64,105,12
Wandegeya Junction,2026-06-04,12,Off-Peak,Dry,281,294,65,118,12
Wandegeya Junction,2026-06-04,12,Off-Peak,Dry,294,489,70,130,14
Wandegeya Junction,2026-06-04,12,Off-Peak,Dry,226,378,77,98,6
Wandegeya Junction,2026-06-04,13,Off-Peak,Dry,228,413,79,112,11
Wandegeya Junction,2026-06-04,13,Off-Peak,Dry,207,466,56,85,11
Wandegeya Junction,2026-06-04,13,Off-Peak,Dry,288,371,80,105,7
Wandegeya Junction,2026-06-04,13,Off-Peak,Dry,272,451,75,103,21
Wandegeya Junction,2026-06-04,14,Off-Peak,Dry,366,424,88,131,22
Wandegeya Junction,2026-06-04,14,Off-Peak,Dry,167,261,54,65,7
Wandegeya Junction,2026-06-04,14,Off-Peak,Dry,184,317,58,84,13
Wandegeya Junction,2026-06-04,14,Off-Peak,Dry,373,465,91,148,16
Wandegeya Junction,2026-06-04,15,Off-Peak,Dry,265,426,77,103,19
Wandegeya Junction,2026-06-04,15,Off-Peak,Dry,188,415,51,65,5
Wandegeya Junction,2026-06-04,15,Off-Peak,Dry,261,583,88,100,10
Wandegeya Junction,2026-06-04,15,Off-Peak,Dry,342,447,98,117,19
Wandegeya Junction,2026-06-04,16,Peak,Dry,473,1231,183,199,24
Wandegeya Junction,2026-06-04,16,Peak,Dry,512,900,169,195,24
Wandegeya Junction,2026-06-04,16,Peak,Dry,612,689,165,232,43
Wandegeya Junction,2026-06-04,16,Peak,Dry,596,898,197,260,33
Wandegeya Junction,2026-06-04,17,Peak,Dry,606,1217,219,185,27
Wandegeya Junction,2026-06-04,17,Peak,Dry,619,1105,211,277,16
Wandegeya Junction,2026-06-04,17,Peak,Dry,513,715,146,199,20
Wandegeya Junction,2026-06-04,17,Peak,Dry,696,1137,221,228,52
Wandegeya Junction,2026-06-04,18,Peak,Dry,575,952,194,246,16
Wandegeya Junction,2026-06-04,18,Peak,Dry,553,910,164,224,18
Wandegeya Junction,2026-06-04,18,Peak,Dry,560,1155,193,267,41
Wandegeya Junction,2026-06-04,18,Peak,Dry,516,1029,150,200,13
Wandegeya Junction,2026-06-04,19,Off-Peak,Dry,596,1213,195,179,36
Wandegeya Junction,2026-06-04,19,Off-Peak,Dry,456,1098,144,147,33
Wandegeya Junction,2026-06-04,19,Off-Peak,Dry,566,1164,131,177,16
Wandegeya Junction,2026-06-04,19,Off-Peak,Dry,779,1434,236,298,47
Wandegeya Junction,2026-06-04,20,Off-Peak,Dry,317,570,71,137,25
Wandegeya Junction,2026-06-04,20,Off-Peak,Dry,160,329,48,76,8
Wandegeya Junction,2026-06-04,20,Off-Peak,Dry,324,590,96,156,8
Wandegeya Junction,2026-06-04,20,Off-Peak,Dry,256,396,60,76,15
Wandegeya Junction,2026-06-04,21,Off-Peak,Dry,186,284,61,59,10
Wandegeya Junction,2026-06-04,21,Off-Peak,Dry,238,553,70,97,15
Wandegeya Junction,2026-06-04,21,Off-Peak,Dry,155,321,53,52,11
Wandegeya Junction,2026-06-04,21,Off-Peak,Dry,270,429,63,90,9
Wandegeya Junction,2026-06-05,6,Off-Peak,Dry,195,493,61,86,12
Wandegeya Junction,2026-06-05,6,Off-Peak,Dry,304,541,84,91,14
Wandegeya Junction,2026-06-05,6,Off-Peak,Dry,262,542,105,121,6
Wandegeya Junction,2026-06-05,6,Off-Peak,Dry,293,312,76,101,15
Wandegeya Junction,2026-06-05,7,Peak,Dry,564,1124,125,209,38
Wandegeya Junction,2026-06-05,7,Peak,Dry,589,1455,177,224,18
Wandegeya Junction,2026-06-05,7,Peak,Dry,605,836,153,236,40
Wandegeya Junction,2026-06-05,7,Peak,Dry,515,848,136,189,16
Wandegeya Junction,2026-06-05,8,Peak,Dry,729,819,210,350,43
Wandegeya Junction,2026-06-05,8,Peak,Dry,656,1041,137,219,22
Wandegeya Junction,2026-06-05,8,Peak,Dry,780,999,153,387,18
Wandegeya Junction,2026-06-05,8,Peak,Dry,666,890,186,278,20
Wandegeya Junction,2026-06-05,9,Off-Peak,Dry,766,1080,226,328,51
Wandegeya Junction,2026-06-05,9,Off-Peak,Dry,623,1400,161,193,42
Wandegeya Junction,2026-06-05,9,Off-Peak,Dry,700,1292,190,264,17
Wandegeya Junction,2026-06-05,9,Off-Peak,Dry,465,1184,150,232,14
Wandegeya Junction,2026-06-05,10,Off-Peak,Dry,183,351,59,84,6
Wandegeya Junction,2026-06-05,10,Off-Peak,Dry,264,508,76,126,10
Wandegeya Junction,2026-06-05,10,Off-Peak,Dry,230,495,68,106,8
Wandegeya Junction,2026-06-05,10,Off-Peak,Dry,293,394,83,142,8
Wandegeya Junction,2026-06-05,11,Off-Peak,Dry,259,437,72,122,7
Wandegeya Junction,2026-06-05,11,Off-Peak,Dry,182,267,59,78,7
Wandegeya Junction,2026-06-05,11,Off-Peak,Dry,263,620,81,115,9
Wandegeya Junction,2026-06-05,11,Off-Peak,Dry,163,313,46,79,11
Wandegeya Junction,2026-06-05,12,Off-Peak,Dry,264,422,78,103,7
Wandegeya Junction,2026-06-05,12,Off-Peak,Dry,256,633,77,123,9
Wandegeya Junction,2026-06-05,12,Off-Peak,Dry,276,597,79,132,19
Wandegeya Junction,2026-06-05,12,Off-Peak,Dry,208,284,50,101,9
Wandegeya Junction,2026-06-05,13,Off-Peak,Dry,216,435,64,106,4
Wandegeya Junction,2026-06-05,13,Off-Peak,Dry,228,408,46,88,17
Wandegeya Junction,2026-06-05,13,Off-Peak,Dry,187,416,48,93,10
Wandegeya Junction,2026-06-05,13,Off-Peak,Dry,329,453,78,124,7
Wandegeya Junction,2026-06-05,14,Off-Peak,Dry,283,507,78,137,15
Wandegeya Junction,2026-06-05,14,Off-Peak,Dry,187,315,44,57,11
Wandegeya Junction,2026-06-05,14,Off-Peak,Dry,251,542,85,101,7
Wandegeya Junction,2026-06-05,14,Off-Peak,Dry,215,478,76,82,13
Wandegeya Junction,2026-06-05,15,Off-Peak,Dry,295,503,74,137,17
Wandegeya Junction,2026-06-05,15,Off-Peak,Dry,252,355,51,76,11
Wandegeya Junction,2026-06-05,15,Off-Peak,Dry,249,376,79,110,17
Wandegeya Junction,2026-06-05,15,Off-Peak,Dry,352,443,104,141,22
Wandegeya Junction,2026-06-05,16,Peak,Dry,601,1164,208,231,41
Wandegeya Junction,2026-06-05,16,Peak,Dry,732,1314,189,241,19
Wandegeya Junction,2026-06-05,16,Peak,Dry,452,720,137,169,33
Wandegeya Junction,2026-06-05,16,Peak,Dry,466,1135,142,196,29
Wandegeya Junction,2026-06-05,17,Peak,Dry,561,936,131,219,15
Wandegeya Junction,2026-06-05,17,Peak,Dry,558,1082,222,226,20
Wandegeya Junction,2026-06-05,17,Peak,Dry,713,1050,184,333,36
Wandegeya Junction,2026-06-05,17,Peak,Dry,687,1082,169,279,43
Wandegeya Junction,2026-06-05,18,Peak,Dry,695,693,190,319,31
Wandegeya Junction,2026-06-05,18,Peak,Dry,517,891,206,160,38
Wandegeya Junction,2026-06-05,18,Peak,Dry,531,804,172,168,15
Wandegeya Junction,2026-06-05,18,Peak,Dry,726,1271,207,330,31
Wandegeya Junction,2026-06-05,19,Off-Peak,Dry,693,909,186,292,39
Wandegeya Junction,2026-06-05,19,Off-Peak,Dry,653,934,169,278,35
Wandegeya Junction,2026-06-05,19,Off-Peak,Dry,458,913,173,188,9
Wandegeya Junction,2026-06-05,19,Off-Peak,Dry,658,1346,180,229,46
Wandegeya Junction,2026-06-05,20,Off-Peak,Dry,264,455,73,81,17
Wandegeya Junction,2026-06-05,20,Off-Peak,Dry,258,486,70,91,19
Wandegeya Junction,2026-06-05,20,Off-Peak,Dry,338,548,92,118,15
Wandegeya Junction,2026-06-05,20,Off-Peak,Dry,252,484,71,79,5
Wandegeya Junction,2026-06-05,21,Off-Peak,Dry,273,392,97,126,19
Wandegeya Junction,2026-06-05,21,Off-Peak,Dry,255,437,67,88,17
Wandegeya Junction,2026-06-05,21,Off-Peak,Dry,240,398,73,81,14
Wandegeya Junction,2026-06-05,21,Off-Peak,Dry,234,466,86,100,12
Wandegeya Junction,2026-06-06,6,Off-Peak,Dry,190,406,64,72,12
Wandegeya Junction,2026-06-06,6,Off-Peak,Dry,234,388,64,74,6
Wandegeya Junction,2026-06-06,6,Off-Peak,Dry,296,451,101,146,10
Wandegeya Junction,2026-06-06,6,Off-Peak,Dry,196,325,60,90,11
Wandegeya Junction,2026-06-06,7,Peak,Dry,589,1156,208,213,47
Wandegeya Junction,2026-06-06,7,Peak,Dry,551,842,208,201,39
Wandegeya Junction,2026-06-06,7,Peak,Dry,474,942,167,156,18
Wandegeya Junction,2026-06-06,7,Peak,Dry,784,1171,207,329,42
Wandegeya Junction,2026-06-06,8,Peak,Dry,588,1220,141,259,15
Wandegeya Junction,2026-06-06,8,Peak,Dry,535,780,195,196,35
Wandegeya Junction,2026-06-06,8,Peak,Dry,675,914,171,243,14
Wandegeya Junction,2026-06-06,8,Peak,Dry,553,770,129,183,33
Wandegeya Junction,2026-06-06,9,Off-Peak,Dry,661,1072,188,322,47
Wandegeya Junction,2026-06-06,9,Off-Peak,Dry,508,752,196,165,24
Wandegeya Junction,2026-06-06,9,Off-Peak,Dry,510,799,159,171,35
Wandegeya Junction,2026-06-06,9,Off-Peak,Dry,740,930,203,302,21
Wandegeya Junction,2026-06-06,10,Off-Peak,Dry,190,430,53,73,12
Wandegeya Junction,2026-06-06,10,Off-Peak,Dry,223,350,81,95,11
Wandegeya Junction,2026-06-06,10,Off-Peak,Dry,237,571,78,87,9
Wandegeya Junction,2026-06-06,10,Off-Peak,Dry,206,415,60,100,9
Wandegeya Junction,2026-06-06,11,Off-Peak,Dry,314,500,70,121,17
Wandegeya Junction,2026-06-06,11,Off-Peak,Dry,278,425,92,111,18
Wandegeya Junction,2026-06-06,11,Off-Peak,Dry,197,386,57,64,11
Wandegeya Junction,2026-06-06,11,Off-Peak,Dry,196,365,63,59,6
Wandegeya Junction,2026-06-06,12,Off-Peak,Dry,254,331,82,122,11
Wandegeya Junction,2026-06-06,12,Off-Peak,Dry,269,508,81,86,8
Wandegeya Junction,2026-06-06,12,Off-Peak,Dry,209,393,66,96,5
Wandegeya Junction,2026-06-06,12,Off-Peak,Dry,228,297,55,100,10
Wandegeya Junction,2026-06-06,13,Off-Peak,Dry,166,242,50,63,9
Wandegeya Junction,2026-06-06,13,Off-Peak,Dry,280,678,84,103,18
Wandegeya Junction,2026-06-06,13,Off-Peak,Dry,248,459,78,120,19
Wandegeya Junction,2026-06-06,13,Off-Peak,Dry,175,451,64,59,3
Wandegeya Junction,2026-06-06,14,Off-Peak,Dry,232,498,76,79,14
Wandegeya Junction,2026-06-06,14,Off-Peak,Dry,305,359,77,95,17
Wandegeya Junction,2026-06-06,14,Off-Peak,Dry,187,401,70,91,9
Wandegeya Junction,2026-06-06,14,Off-Peak,Dry,223,469,76,99,7
Wandegeya Junction,2026-06-06,15,Off-Peak,Dry,147,384,51,55,6
Wandegeya Junction,2026-06-06,15,Off-Peak,Dry,380,570,81,133,18
Wandegeya Junction,2026-06-06,15,Off-Peak,Dry,217,240,47,76,7
Wandegeya Junction,2026-06-06,15,Off-Peak,Dry,320,534,100,154,17
Wandegeya Junction,2026-06-06,16,Peak,Dry,622,1123,179,274,43
Wandegeya Junction,2026-06-06,16,Peak,Dry,761,1318,193,315,56
Wandegeya Junction,2026-06-06,16,Peak,Dry,598,1231,159,224,35
Wandegeya Junction,2026-06-06,16,Peak,Dry,621,1231,195,305,22
Wandegeya Junction,2026-06-06,17,Peak,Dry,725,1040,179,308,38
Wandegeya Junction,2026-06-06,17,Peak,Dry,631,811,137,237,48
Wandegeya Junction,2026-06-06,17,Peak,Dry,749,824,219,300,31
Wandegeya Junction,2026-06-06,17,Peak,Dry,568,914,200,235,42
Wandegeya Junction,2026-06-06,18,Peak,Dry,703,1240,163,284,49
Wandegeya Junction,2026-06-06,18,Peak,Dry,500,1029,149,163,25
Wandegeya Junction,2026-06-06,18,Peak,Dry,803,1125,203,257,38
Wandegeya Junction,2026-06-06,18,Peak,Dry,620,1293,169,189,39
Wandegeya Junction,2026-06-06,19,Off-Peak,Dry,743,838,176,297,57
Wandegeya Junction,2026-06-06,19,Off-Peak,Dry,676,774,182,262,30
Wandegeya Junction,2026-06-06,19,Off-Peak,Dry,763,889,213,259,38
Wandegeya Junction,2026-06-06,19,Off-Peak,Dry,703,1333,188,316,18
Wandegeya Junction,2026-06-06,20,Off-Peak,Dry,318,478,98,115,7
Wandegeya Junction,2026-06-06,20,Off-Peak,Dry,279,436,95,93,7
Wandegeya Junction,2026-06-06,20,Off-Peak,Dry,253,540,85,76,9
Wandegeya Junction,2026-06-06,20,Off-Peak,Dry,290,443,92,128,6
Wandegeya Junction,2026-06-06,21,Off-Peak,Dry,179,369,58,59,13
Wandegeya Junction,2026-06-06,21,Off-Peak,Dry,272,553,81,105,7
Wandegeya Junction,2026-06-06,21,Off-Peak,Dry,164,254,58,64,11
Wandegeya Junction,2026-06-06,21,Off-Peak,Dry,275,316,78,132,7
Wandegeya Junction,2026-06-07,6,Off-Peak,Dry,344,518,81,152,11
Wandegeya Junction,2026-06-07,6,Off-Peak,Dry,170,289,65,62,10
Wandegeya Junction,2026-06-07,6,Off-Peak,Dry,254,379,75,116,15
Wandegeya Junction,2026-06-07,6,Off-Peak,Dry,231,341,76,107,15
Wandegeya Junction,2026-06-07,7,Peak,Dry,602,694,151,255,19
Wandegeya Junction,2026-06-07,7,Peak,Dry,491,695,180,182,36
Wandegeya Junction,2026-06-07,7,Peak,Dry,738,1416,163,315,23
Wandegeya Junction,2026-06-07,7,Peak,Dry,573,808,148,252,25
Wandegeya Junction,2026-06-07,8,Peak,Dry,589,1119,201,220,27
Wandegeya Junction,2026-06-07,8,Peak,Dry,481,772,138,181,18
Wandegeya Junction,2026-06-07,8,Peak,Dry,563,1090,135,274,22
Wandegeya Junction,2026-06-07,8,Peak,Dry,684,1311,181,315,42
Wandegeya Junction,2026-06-07,9,Off-Peak,Dry,600,1346,176,299,12
Wandegeya Junction,2026-06-07,9,Off-Peak,Dry,615,1242,178,301,30
Wandegeya Junction,2026-06-07,9,Off-Peak,Dry,610,892,186,255,48
Wandegeya Junction,2026-06-07,9,Off-Peak,Dry,506,960,142,161,24
Wandegeya Junction,2026-06-07,10,Off-Peak,Dry,253,314,58,83,18
Wandegeya Junction,2026-06-07,10,Off-Peak,Dry,315,547,72,122,21
Wandegeya Junction,2026-06-07,10,Off-Peak,Dry,290,441,62,136,15
Wandegeya Junction,2026-06-07,10,Off-Peak,Dry,237,564,93,77,15
Wandegeya Junction,2026-06-07,11,Off-Peak,Dry,280,528,76,99,16
Wandegeya Junction,2026-06-07,11,Off-Peak,Dry,380,577,80,171,23
Wandegeya Junction,2026-06-07,11,Off-Peak,Dry,201,503,71,67,6
Wandegeya Junction,2026-06-07,11,Off-Peak,Dry,183,368,53,67,13
Wandegeya Junction,2026-06-07,12,Off-Peak,Dry,212,316,58,93,5
Wandegeya Junction,2026-06-07,12,Off-Peak,Dry,200,341,50,65,11
Wandegeya Junction,2026-06-07,12,Off-Peak,Dry,327,687,91,115,9
Wandegeya Junction,2026-06-07,12,Off-Peak,Dry,233,389,55,110,5
Wandegeya Junction,2026-06-07,13,Off-Peak,Dry,206,389,59,91,15
Wandegeya Junction,2026-06-07,13,Off-Peak,Dry,323,604,92,99,8
Wandegeya Junction,2026-06-07,13,Off-Peak,Dry,304,412,65,133,23
Wandegeya Junction,2026-06-07,13,Off-Peak,Dry,268,455,77,85,13
Wandegeya Junction,2026-06-07,14,Off-Peak,Dry,208,251,58,97,4
Wandegeya Junction,2026-06-07,14,Off-Peak,Dry,322,378,73,99,14
Wandegeya Junction,2026-06-07,14,Off-Peak,Dry,271,669,89,90,20
Wandegeya Junction,2026-06-07,14,Off-Peak,Dry,228,289,59,108,16
Wandegeya Junction,2026-06-07,15,Off-Peak,Dry,181,401,66,64,6
Wandegeya Junction,2026-06-07,15,Off-Peak,Dry,284,515,74,88,6
Wandegeya Junction,2026-06-07,15,Off-Peak,Dry,264,371,84,101,18
Wandegeya Junction,2026-06-07,15,Off-Peak,Dry,192,356,43,89,14
Wandegeya Junction,2026-06-07,16,Peak,Dry,620,1120,209,255,46
Wandegeya Junction,2026-06-07,16,Peak,Dry,569,1371,207,200,29
Wandegeya Junction,2026-06-07,16,Peak,Dry,665,1134,165,250,27
Wandegeya Junction,2026-06-07,16,Peak,Dry,489,850,168,234,30
Wandegeya Junction,2026-06-07,17,Peak,Dry,557,744,197,193,34
Wandegeya Junction,2026-06-07,17,Peak,Dry,708,1203,151,329,43
Wandegeya Junction,2026-06-07,17,Peak,Dry,695,1085,193,310,15
Wandegeya Junction,2026-06-07,17,Peak,Dry,658,1116,131,270,51
Wandegeya Junction,2026-06-07,18,Peak,Dry,751,969,192,348,42
Wandegeya Junction,2026-06-07,18,Peak,Dry,616,842,144,240,41
Wandegeya Junction,2026-06-07,18,Peak,Dry,501,1153,172,152,31
Wandegeya Junction,2026-06-07,18,Peak,Dry,693,1343,197,245,22
Wandegeya Junction,2026-06-07,19,Off-Peak,Dry,582,1092,158,235,19
Wandegeya Junction,2026-06-07,19,Off-Peak,Dry,675,1072,168,320,24
Wandegeya Junction,2026-06-07,19,Off-Peak,Dry,781,1427,181,289,28
Wandegeya Junction,2026-06-07,19,Off-Peak,Dry,648,1088,159,295,16
Wandegeya Junction,2026-06-07,20,Off-Peak,Dry,316,565,74,155,14
Wandegeya Junction,2026-06-07,20,Off-Peak,Dry,286,296,58,136,22
Wandegeya Junction,2026-06-07,20,Off-Peak,Dry,231,557,85,91,7
Wandegeya Junction,2026-06-07,20,Off-Peak,Dry,266,461,61,113,8
Wandegeya Junction,2026-06-07,21,Off-Peak,Dry,356,459,86,159,24
Wandegeya Junction,2026-06-07,21,Off-Peak,Dry,231,285,70,82,12
Wandegeya Junction,2026-06-07,21,Off-Peak,Dry,176,334,48,54,10
Wandegeya Junction,2026-06-07,21,Off-Peak,Dry,187,378,59,64,9
Wandegeya Junction,2026-06-08,6,Off-Peak,Dry,350,450,100,130,14
Wandegeya Junction,2026-06-08,6,Off-Peak,Dry,325,489,75,98,22
Wandegeya Junction,2026-06-08,6,Off-Peak,Dry,341,562,95,131,21
Wandegeya Junction,2026-06-08,6,Off-Peak,Dry,265,385,71,95,17
Wandegeya Junction,2026-06-08,7,Peak,Dry,607,1310,200,293,37
Wandegeya Junction,2026-06-08,7,Peak,Dry,538,1025,154,169,31
Wandegeya Junction,2026-06-08,7,Peak,Dry,812,1148,216,244,28
Wandegeya Junction,2026-06-08,7,Peak,Dry,806,1436,203,379,36
Wandegeya Junction,2026-06-08,8,Peak,Dry,508,1252,164,209,24
Wandegeya Junction,2026-06-08,8,Peak,Dry,541,1166,156,251,14
Wandegeya Junction,2026-06-08,8,Peak,Dry,636,1078,213,241,40
Wandegeya Junction,2026-06-08,8,Peak,Dry,637,1188,164,272,14
Wandegeya Junction,2026-06-08,9,Off-Peak,Dry,569,1109,193,181,15
Wandegeya Junction,2026-06-08,9,Off-Peak,Dry,520,1042,156,238,26
Wandegeya Junction,2026-06-08,9,Off-Peak,Dry,569,1166,230,217,36
Wandegeya Junction,2026-06-08,9,Off-Peak,Dry,582,1499,223,259,36
Wandegeya Junction,2026-06-08,10,Off-Peak,Dry,173,223,47,60,7
Wandegeya Junction,2026-06-08,10,Off-Peak,Dry,244,448,79,106,5
Wandegeya Junction,2026-06-08,10,Off-Peak,Dry,246,519,81,92,18
Wandegeya Junction,2026-06-08,10,Off-Peak,Dry,331,341,83,151,11
Wandegeya Junction,2026-06-08,11,Off-Peak,Dry,280,387,67,111,13
Wandegeya Junction,2026-06-08,11,Off-Peak,Dry,187,386,51,64,5
Wandegeya Junction,2026-06-08,11,Off-Peak,Dry,215,278,48,65,13
Wandegeya Junction,2026-06-08,11,Off-Peak,Dry,221,394,59,79,14
Wandegeya Junction,2026-06-08,12,Off-Peak,Dry,332,348,74,127,7
Wandegeya Junction,2026-06-08,12,Off-Peak,Dry,331,443,90,124,12
Wandegeya Junction,2026-06-08,12,Off-Peak,Dry,203,394,50,65,6
Wandegeya Junction,2026-06-08,12,Off-Peak,Dry,160,327,52,63,3
Wandegeya Junction,2026-06-08,13,Off-Peak,Dry,226,386,93,102,6
Wandegeya Junction,2026-06-08,13,Off-Peak,Dry,235,493,60,84,17
Wandegeya Junction,2026-06-08,13,Off-Peak,Dry,272,535,68,97,20
Wandegeya Junction,2026-06-08,13,Off-Peak,Dry,260,452,97,123,16
Wandegeya Junction,2026-06-08,14,Off-Peak,Dry,251,571,77,93,10
Wandegeya Junction,2026-06-08,14,Off-Peak,Dry,331,578,92,131,22
Wandegeya Junction,2026-06-08,14,Off-Peak,Dry,250,464,70,112,15
Wandegeya Junction,2026-06-08,14,Off-Peak,Dry,349,548,92,144,17
Wandegeya Junction,2026-06-08,15,Off-Peak,Dry,183,296,58,85,10
Wandegeya Junction,2026-06-08,15,Off-Peak,Dry,244,593,89,113,6
Wandegeya Junction,2026-06-08,15,Off-Peak,Dry,218,332,49,103,13
Wandegeya Junction,2026-06-08,15,Off-Peak,Dry,261,363,92,89,13
Wandegeya Junction,2026-06-08,16,Peak,Dry,611,903,141,214,46
Wandegeya Junction,2026-06-08,16,Peak,Dry,542,815,179,240,21
Wandegeya Junction,2026-06-08,16,Peak,Dry,556,1214,188,175,28
Wandegeya Junction,2026-06-08,16,Peak,Dry,475,975,171,193,32
Wandegeya Junction,2026-06-08,17,Peak,Dry,641,803,174,295,13
Wandegeya Junction,2026-06-08,17,Peak,Dry,537,1288,203,240,11
Wandegeya Junction,2026-06-08,17,Peak,Dry,499,1058,132,163,26
Wandegeya Junction,2026-06-08,17,Peak,Dry,572,1407,196,259,45
Wandegeya Junction,2026-06-08,18,Peak,Dry,497,1075,140,157,39
Wandegeya Junction,2026-06-08,18,Peak,Dry,664,1154,133,202,34
Wandegeya Junction,2026-06-08,18,Peak,Dry,534,793,162,264,10
Wandegeya Junction,2026-06-08,18,Peak,Dry,563,1009,151,235,29
Wandegeya Junction,2026-06-08,19,Off-Peak,Dry,673,1242,179,214,17
Wandegeya Junction,2026-06-08,19,Off-Peak,Dry,595,934,195,222,41
Wandegeya Junction,2026-06-08,19,Off-Peak,Dry,697,793,193,256,55
Wandegeya Junction,2026-06-08,19,Off-Peak,Dry,680,874,205,305,27
Wandegeya Junction,2026-06-08,20,Off-Peak,Dry,266,457,74,89,15
Wandegeya Junction,2026-06-08,20,Off-Peak,Dry,239,349,63,111,16
Wandegeya Junction,2026-06-08,20,Off-Peak,Dry,259,500,77,107,17
Wandegeya Junction,2026-06-08,20,Off-Peak,Dry,279,525,84,86,17
Wandegeya Junction,2026-06-08,21,Off-Peak,Dry,211,406,69,82,12
Wandegeya Junction,2026-06-08,21,Off-Peak,Dry,301,467,83,107,10
Wandegeya Junction,2026-06-08,21,Off-Peak,Dry,211,377,60,68,12
Wandegeya Junction,2026-06-08,21,Off-Peak,Dry,199,369,61,76,13
Wandegeya Junction,2026-06-09,6,Off-Peak,Dry,313,630,76,94,24
Wandegeya Junction,2026-06-09,6,Off-Peak,Dry,239,394,56,112,17
Wandegeya Junction,2026-06-09,6,Off-Peak,Dry,346,503,66,142,13
Wandegeya Junction,2026-06-09,6,Off-Peak,Dry,281,432,66,124,14
Wandegeya Junction,2026-06-09,7,Peak,Dry,630,1355,146,307,36
Wandegeya Junction,2026-06-09,7,Peak,Dry,578,1095,215,252,41
Wandegeya Junction,2026-06-09,7,Peak,Dry,560,1261,187,248,15
Wandegeya Junction,2026-06-09,7,Peak,Dry,609,1015,179,250,17
Wandegeya Junction,2026-06-09,8,Peak,Dry,629,855,153,229,25
Wandegeya Junction,2026-06-09,8,Peak,Dry,805,1315,202,367,51
Wandegeya Junction,2026-06-09,8,Peak,Dry,573,982,166,257,31
Wandegeya Junction,2026-06-09,8,Peak,Dry,716,743,190,299,19
Wandegeya Junction,2026-06-09,9,Off-Peak,Dry,593,698,162,178,46
Wandegeya Junction,2026-06-09,9,Off-Peak,Dry,623,641,155,216,38
Wandegeya Junction,2026-06-09,9,Off-Peak,Dry,795,1321,204,280,62
Wandegeya Junction,2026-06-09,9,Off-Peak,Dry,603,1456,195,252,39
Wandegeya Junction,2026-06-09,10,Off-Peak,Dry,325,435,86,135,18
Wandegeya Junction,2026-06-09,10,Off-Peak,Dry,228,461,54,113,11
Wandegeya Junction,2026-06-09,10,Off-Peak,Dry,179,220,47,77,6
Wandegeya Junction,2026-06-09,10,Off-Peak,Dry,337,372,78,156,16
Wandegeya Junction,2026-06-09,11,Off-Peak,Dry,256,599,95,106,18
Wandegeya Junction,2026-06-09,11,Off-Peak,Dry,254,449,57,82,11
Wandegeya Junction,2026-06-09,11,Off-Peak,Dry,204,509,77,63,5
Wandegeya Junction,2026-06-09,11,Off-Peak,Dry,264,514,89,117,5
Wandegeya Junction,2026-06-09,12,Off-Peak,Dry,156,382,44,69,5
Wandegeya Junction,2026-06-09,12,Off-Peak,Dry,286,595,68,94,14
Wandegeya Junction,2026-06-09,12,Off-Peak,Dry,232,362,70,102,18
Wandegeya Junction,2026-06-09,12,Off-Peak,Dry,211,327,48,98,8
Wandegeya Junction,2026-06-09,13,Off-Peak,Dry,241,364,73,110,18
Wandegeya Junction,2026-06-09,13,Off-Peak,Dry,285,473,69,103,7
Wandegeya Junction,2026-06-09,13,Off-Peak,Dry,269,459,103,110,18
Wandegeya Junction,2026-06-09,13,Off-Peak,Dry,304,387,64,146,11
Wandegeya Junction,2026-06-09,14,Off-Peak,Dry,258,545,78,92,18
Wandegeya Junction,2026-06-09,14,Off-Peak,Dry,205,350,68,84,8
Wandegeya Junction,2026-06-09,14,Off-Peak,Dry,318,521,78,121,6
Wandegeya Junction,2026-06-09,14,Off-Peak,Dry,330,613,75,113,25
Wandegeya Junction,2026-06-09,15,Off-Peak,Dry,282,552,69,132,7
Wandegeya Junction,2026-06-09,15,Off-Peak,Dry,305,391,66,120,15
Wandegeya Junction,2026-06-09,15,Off-Peak,Dry,218,419,54,105,17
Wandegeya Junction,2026-06-09,15,Off-Peak,Dry,279,672,89,94,12
Wandegeya Junction,2026-06-09,16,Peak,Dry,686,1004,210,210,23
Wandegeya Junction,2026-06-09,16,Peak,Dry,777,1315,216,290,25
Wandegeya Junction,2026-06-09,16,Peak,Dry,627,1026,217,190,27
Wandegeya Junction,2026-06-09,16,Peak,Dry,748,872,214,279,44
Wandegeya Junction,2026-06-09,17,Peak,Dry,679,1200,194,260,53
Wandegeya Junction,2026-06-09,17,Peak,Dry,702,1066,171,255,42
Wandegeya Junction,2026-06-09,17,Peak,Dry,643,904,140,268,36
Wandegeya Junction,2026-06-09,17,Peak,Dry,521,774,177,245,30
Wandegeya Junction,2026-06-09,18,Peak,Dry,640,1159,159,235,13
Wandegeya Junction,2026-06-09,18,Peak,Dry,756,1259,204,252,19
Wandegeya Junction,2026-06-09,18,Peak,Dry,669,930,171,207,41
Wandegeya Junction,2026-06-09,18,Peak,Dry,571,797,180,269,20
Wandegeya Junction,2026-06-09,19,Off-Peak,Dry,631,1210,198,280,37
Wandegeya Junction,2026-06-09,19,Off-Peak,Dry,574,930,168,183,19
Wandegeya Junction,2026-06-09,19,Off-Peak,Dry,599,792,151,254,36
Wandegeya Junction,2026-06-09,19,Off-Peak,Dry,611,1167,148,292,12
Wandegeya Junction,2026-06-09,20,Off-Peak,Dry,253,439,68,94,19
Wandegeya Junction,2026-06-09,20,Off-Peak,Dry,308,613,83,102,10
Wandegeya Junction,2026-06-09,20,Off-Peak,Dry,313,471,70,109,6
Wandegeya Junction,2026-06-09,20,Off-Peak,Dry,305,645,68,147,8
Wandegeya Junction,2026-06-09,21,Off-Peak,Dry,185,274,60,69,8
Wandegeya Junction,2026-06-09,21,Off-Peak,Dry,182,305,46,86,11
Wandegeya Junction,2026-06-09,21,Off-Peak,Dry,255,541,87,124,10
Wandegeya Junction,2026-06-09,21,Off-Peak,Dry,330,541,80,132,26
Wandegeya Junction,2026-06-10,6,Off-Peak,Dry,216,415,63,105,12
Wandegeya Junction,2026-06-10,6,Off-Peak,Dry,280,405,97,128,8
Wandegeya Junction,2026-06-10,6,Off-Peak,Dry,221,478,64,100,10
Wandegeya Junction,2026-06-10,6,Off-Peak,Dry,252,402,69,81,9
Wandegeya Junction,2026-06-10,7,Peak,Dry,734,1217,141,287,57
Wandegeya Junction,2026-06-10,7,Peak,Dry,622,793,157,264,29
Wandegeya Junction,2026-06-10,7,Peak,Dry,591,787,175,282,22
Wandegeya Junction,2026-06-10,7,Peak,Dry,793,1345,196,306,22
Wandegeya Junction,2026-06-10,8,Peak,Dry,705,1125,199,339,17
Wandegeya Junction,2026-06-10,8,Peak,Dry,585,852,190,291,21
Wandegeya Junction,2026-06-10,8,Peak,Dry,561,737,142,254,33
Wandegeya Junction,2026-06-10,8,Peak,Dry,582,1059,158,243,36
Wandegeya Junction,2026-06-10,9,Off-Peak,Dry,493,1202,142,184,36
Wandegeya Junction,2026-06-10,9,Off-Peak,Dry,632,1298,209,231,22
Wandegeya Junction,2026-06-10,9,Off-Peak,Dry,733,1405,155,295,15
Wandegeya Junction,2026-06-10,9,Off-Peak,Dry,743,789,182,347,51
Wandegeya Junction,2026-06-10,10,Off-Peak,Dry,230,441,48,101,17
Wandegeya Junction,2026-06-10,10,Off-Peak,Dry,231,450,54,82,8
Wandegeya Junction,2026-06-10,10,Off-Peak,Dry,208,346,86,98,4
Wandegeya Junction,2026-06-10,10,Off-Peak,Dry,275,428,97,102,19
Wandegeya Junction,2026-06-10,11,Off-Peak,Dry,342,426,81,153,8
Wandegeya Junction,2026-06-10,11,Off-Peak,Dry,296,378,86,90,11
Wandegeya Junction,2026-06-10,11,Off-Peak,Dry,278,346,78,83,21
Wandegeya Junction,2026-06-10,11,Off-Peak,Dry,247,517,81,113,10
Wandegeya Junction,2026-06-10,12,Off-Peak,Dry,256,426,54,92,14
Wandegeya Junction,2026-06-10,12,Off-Peak,Dry,284,604,103,119,6
Wandegeya Junction,2026-06-10,12,Off-Peak,Dry,337,605,73,153,11
Wandegeya Junction,2026-06-10,12,Off-Peak,Dry,232,351,64,82,17
Wandegeya Junction,2026-06-10,13,Off-Peak,Dry,269,566,74,94,14
Wandegeya Junction,2026-06-10,13,Off-Peak,Dry,217,386,44,104,8
Wandegeya Junction,2026-06-10,13,Off-Peak,Dry,312,480,95,124,24
Wandegeya Junction,2026-06-10,13,Off-Peak,Dry,220,369,56,68,11
Wandegeya Junction,2026-06-10,14,Off-Peak,Dry,353,468,77,107,17
Wandegeya Junction,2026-06-10,14,Off-Peak,Dry,183,284,56,60,5
Wandegeya Junction,2026-06-10,14,Off-Peak,Dry,296,402,84,129,20
Wandegeya Junction,2026-06-10,14,Off-Peak,Dry,262,471,71,129,7
Wandegeya Junction,2026-06-10,15,Off-Peak,Dry,310,534,88,132,22
Wandegeya Junction,2026-06-10,15,Off-Peak,Dry,233,520,75,76,7
Wandegeya Junction,2026-06-10,15,Off-Peak,Dry,197,264,70,64,9
Wandegeya Junction,2026-06-10,15,Off-Peak,Dry,170,322,57,76,10
Wandegeya Junction,2026-06-10,16,Peak,Dry,652,908,135,325,39
Wandegeya Junction,2026-06-10,16,Peak,Dry,577,935,185,243,13
Wandegeya Junction,2026-06-10,16,Peak,Dry,584,1020,210,219,42
Wandegeya Junction,2026-06-10,16,Peak,Dry,761,1090,167,287,55
Wandegeya Junction,2026-06-10,17,Peak,Dry,510,770,160,186,10
Wandegeya Junction,2026-06-10,17,Peak,Dry,557,968,187,185,32
Wandegeya Junction,2026-06-10,17,Peak,Dry,763,1006,221,293,38
Wandegeya Junction,2026-06-10,17,Peak,Dry,703,1012,150,237,41
Wandegeya Junction,2026-06-10,18,Peak,Dry,615,1262,204,189,16
Wandegeya Junction,2026-06-10,18,Peak,Dry,677,723,187,297,14
Wandegeya Junction,2026-06-10,18,Peak,Dry,569,874,171,186,33
Wandegeya Junction,2026-06-10,18,Peak,Dry,490,1191,173,237,35
Wandegeya Junction,2026-06-10,19,Off-Peak,Dry,721,726,185,339,36
Wandegeya Junction,2026-06-10,19,Off-Peak,Dry,545,845,145,232,21
Wandegeya Junction,2026-06-10,19,Off-Peak,Dry,498,1158,141,159,28
Wandegeya Junction,2026-06-10,19,Off-Peak,Dry,588,1036,198,255,30
Wandegeya Junction,2026-06-10,20,Off-Peak,Dry,255,271,73,106,16
Wandegeya Junction,2026-06-10,20,Off-Peak,Dry,208,394,52,77,11
Wandegeya Junction,2026-06-10,20,Off-Peak,Dry,322,658,74,146,12
Wandegeya Junction,2026-06-10,20,Off-Peak,Dry,350,668,77,171,22
Wandegeya Junction,2026-06-10,21,Off-Peak,Dry,272,479,80,84,5
Wandegeya Junction,2026-06-10,21,Off-Peak,Dry,219,396,56,95,13
Wandegeya Junction,2026-06-10,21,Off-Peak,Dry,249,356,69,105,16
Wandegeya Junction,2026-06-10,21,Off-Peak,Dry,280,316,62,127,15
Wandegeya Junction,2026-06-11,6,Off-Peak,Dry,211,258,50,94,12
Wandegeya Junction,2026-06-11,6,Off-Peak,Dry,177,415,49,87,12
Wandegeya Junction,2026-06-11,6,Off-Peak,Dry,353,401,103,164,27
Wandegeya Junction,2026-06-11,6,Off-Peak,Dry,192,263,64,64,5
Wandegeya Junction,2026-06-11,7,Peak,Dry,761,883,194,240,35
Wandegeya Junction,2026-06-11,7,Peak,Dry,678,956,176,226,25
Wandegeya Junction,2026-06-11,7,Peak,Dry,631,866,149,238,37
Wandegeya Junction,2026-06-11,7,Peak,Dry,494,1186,150,150,23
Wandegeya Junction,2026-06-11,8,Peak,Dry,609,807,168,278,34
Wandegeya Junction,2026-06-11,8,Peak,Dry,712,1308,151,310,27
Wandegeya Junction,2026-06-11,8,Peak,Dry,664,1331,152,264,46
Wandegeya Junction,2026-06-11,8,Peak,Dry,689,890,186,304,23
Wandegeya Junction,2026-06-11,9,Off-Peak,Dry,697,1113,192,295,48
Wandegeya Junction,2026-06-11,9,Off-Peak,Dry,696,1386,157,265,21
Wandegeya Junction,2026-06-11,9,Off-Peak,Dry,660,1167,190,219,41
Wandegeya Junction,2026-06-11,9,Off-Peak,Dry,538,1263,145,170,38
Wandegeya Junction,2026-06-11,10,Off-Peak,Dry,221,481,59,83,15
Wandegeya Junction,2026-06-11,10,Off-Peak,Dry,299,570,80,132,21
Wandegeya Junction,2026-06-11,10,Off-Peak,Dry,253,525,89,110,11
Wandegeya Junction,2026-06-11,10,Off-Peak,Dry,315,381,60,156,12
Wandegeya Junction,2026-06-11,11,Off-Peak,Dry,192,398,62,63,11
Wandegeya Junction,2026-06-11,11,Off-Peak,Dry,359,388,72,114,17
Wandegeya Junction,2026-06-11,11,Off-Peak,Dry,269,475,78,96,16
Wandegeya Junction,2026-06-11,11,Off-Peak,Dry,311,611,67,109,12
Wandegeya Junction,2026-06-11,12,Off-Peak,Dry,154,288,45,51,4
Wandegeya Junction,2026-06-11,12,Off-Peak,Dry,317,422,84,146,12
Wandegeya Junction,2026-06-11,12,Off-Peak,Dry,162,310,57,64,9
Wandegeya Junction,2026-06-11,12,Off-Peak,Dry,231,367,73,111,16
Wandegeya Junction,2026-06-11,13,Off-Peak,Dry,244,496,79,116,9
Wandegeya Junction,2026-06-11,13,Off-Peak,Dry,278,388,77,90,21
Wandegeya Junction,2026-06-11,13,Off-Peak,Dry,201,294,51,88,14
Wandegeya Junction,2026-06-11,13,Off-Peak,Dry,224,365,66,78,11
Wandegeya Junction,2026-06-11,14,Off-Peak,Dry,208,331,59,71,4
Wandegeya Junction,2026-06-11,14,Off-Peak,Dry,283,556,76,116,22
Wandegeya Junction,2026-06-11,14,Off-Peak,Dry,230,322,68,86,7
Wandegeya Junction,2026-06-11,14,Off-Peak,Dry,238,430,81,85,13
Wandegeya Junction,2026-06-11,15,Off-Peak,Dry,189,215,41,85,9
Wandegeya Junction,2026-06-11,15,Off-Peak,Dry,239,557,90,88,17
Wandegeya Junction,2026-06-11,15,Off-Peak,Dry,294,493,68,115,23
Wandegeya Junction,2026-06-11,15,Off-Peak,Dry,295,404,80,99,22
Wandegeya Junction,2026-06-11,16,Peak,Dry,776,841,190,289,15
Wandegeya Junction,2026-06-11,16,Peak,Dry,461,811,151,176,35
Wandegeya Junction,2026-06-11,16,Peak,Dry,564,801,165,208,14
Wandegeya Junction,2026-06-11,16,Peak,Dry,568,1118,234,279,39
Wandegeya Junction,2026-06-11,17,Peak,Dry,826,1216,166,276,31
Wandegeya Junction,2026-06-11,17,Peak,Dry,761,1274,150,364,39
Wandegeya Junction,2026-06-11,17,Peak,Dry,607,1145,142,284,38
Wandegeya Junction,2026-06-11,17,Peak,Dry,613,1198,172,191,13
Wandegeya Junction,2026-06-11,18,Peak,Dry,801,1201,188,243,27
Wandegeya Junction,2026-06-11,18,Peak,Dry,621,993,172,255,46
Wandegeya Junction,2026-06-11,18,Peak,Dry,682,1158,152,225,41
Wandegeya Junction,2026-06-11,18,Peak,Dry,689,1214,196,215,38
Wandegeya Junction,2026-06-11,19,Off-Peak,Dry,824,1160,189,256,43
Wandegeya Junction,2026-06-11,19,Off-Peak,Dry,701,1322,192,227,52
Wandegeya Junction,2026-06-11,19,Off-Peak,Dry,694,1222,156,268,31
Wandegeya Junction,2026-06-11,19,Off-Peak,Dry,683,900,147,255,43
Wandegeya Junction,2026-06-11,20,Off-Peak,Dry,223,538,72,78,12
Wandegeya Junction,2026-06-11,20,Off-Peak,Dry,275,597,94,94,14
Wandegeya Junction,2026-06-11,20,Off-Peak,Dry,195,393,55,94,11
Wandegeya Junction,2026-06-11,20,Off-Peak,Dry,181,364,73,88,7
Wandegeya Junction,2026-06-11,21,Off-Peak,Dry,240,499,74,91,7
Wandegeya Junction,2026-06-11,21,Off-Peak,Dry,301,435,75,125,20
Wandegeya Junction,2026-06-11,21,Off-Peak,Dry,187,396,64,91,9
Wandegeya Junction,2026-06-11,21,Off-Peak,Dry,194,433,48,89,9
Wandegeya Junction,2026-06-12,6,Off-Peak,Dry,345,567,77,123,25
Wandegeya Junction,2026-06-12,6,Off-Peak,Dry,342,477,69,111,24
Wandegeya Junction,2026-06-12,6,Off-Peak,Dry,208,386,60,100,8
Wandegeya Junction,2026-06-12,6,Off-Peak,Dry,261,580,69,115,10
Wandegeya Junction,2026-06-12,7,Peak,Dry,806,1001,215,310,56
Wandegeya Junction,2026-06-12,7,Peak,Dry,597,1217,149,208,47
Wandegeya Junction,2026-06-12,7,Peak,Dry,540,1107,148,164,15
Wandegeya Junction,2026-06-12,7,Peak,Dry,663,1269,183,299,31
Wandegeya Junction,2026-06-12,8,Peak,Dry,703,835,237,259,42
Wandegeya Junction,2026-06-12,8,Peak,Dry,550,1083,161,250,18
Wandegeya Junction,2026-06-12,8,Peak,Dry,535,1377,198,248,42
Wandegeya Junction,2026-06-12,8,Peak,Dry,517,719,185,227,31
Wandegeya Junction,2026-06-12,9,Off-Peak,Dry,582,1422,209,252,41
Wandegeya Junction,2026-06-12,9,Off-Peak,Dry,740,1415,191,293,34
Wandegeya Junction,2026-06-12,9,Off-Peak,Dry,593,878,165,250,29
Wandegeya Junction,2026-06-12,9,Off-Peak,Dry,646,854,189,210,24
Wandegeya Junction,2026-06-12,10,Off-Peak,Dry,174,352,51,58,6
Wandegeya Junction,2026-06-12,10,Off-Peak,Dry,180,305,54,86,4
Wandegeya Junction,2026-06-12,10,Off-Peak,Dry,313,519,78,95,8
Wandegeya Junction,2026-06-12,10,Off-Peak,Dry,305,505,88,116,11
Wandegeya Junction,2026-06-12,11,Off-Peak,Dry,225,266,46,79,6
Wandegeya Junction,2026-06-12,11,Off-Peak,Dry,306,368,73,151,17
Wandegeya Junction,2026-06-12,11,Off-Peak,Dry,221,401,83,98,5
Wandegeya Junction,2026-06-12,11,Off-Peak,Dry,315,553,72,98,19
Wandegeya Junction,2026-06-12,12,Off-Peak,Dry,214,392,56,73,5
Wandegeya Junction,2026-06-12,12,Off-Peak,Dry,261,348,67,89,9
Wandegeya Junction,2026-06-12,12,Off-Peak,Dry,258,356,69,91,5
Wandegeya Junction,2026-06-12,12,Off-Peak,Dry,171,394,57,84,5
Wandegeya Junction,2026-06-12,13,Off-Peak,Dry,227,348,59,110,9
Wandegeya Junction,2026-06-12,13,Off-Peak,Dry,293,530,76,100,20
Wandegeya Junction,2026-06-12,13,Off-Peak,Dry,285,469,90,99,14
Wandegeya Junction,2026-06-12,13,Off-Peak,Dry,260,328,59,87,15
Wandegeya Junction,2026-06-12,14,Off-Peak,Dry,252,491,98,79,15
Wandegeya Junction,2026-06-12,14,Off-Peak,Dry,275,374,81,107,9
Wandegeya Junction,2026-06-12,14,Off-Peak,Dry,269,428,85,92,6
Wandegeya Junction,2026-06-12,14,Off-Peak,Dry,238,399,69,74,8
Wandegeya Junction,2026-06-12,15,Off-Peak,Dry,234,271,57,95,8
Wandegeya Junction,2026-06-12,15,Off-Peak,Dry,183,321,56,75,6
Wandegeya Junction,2026-06-12,15,Off-Peak,Dry,357,394,86,172,17
Wandegeya Junction,2026-06-12,15,Off-Peak,Dry,306,574,63,117,9
Wandegeya Junction,2026-06-12,16,Peak,Dry,616,937,149,209,14
Wandegeya Junction,2026-06-12,16,Peak,Dry,601,1294,168,250,20
Wandegeya Junction,2026-06-12,16,Peak,Dry,581,1067,212,210,30
Wandegeya Junction,2026-06-12,16,Peak,Dry,589,993,188,198,23
Wandegeya Junction,2026-06-12,17,Peak,Dry,658,735,136,274,13
Wandegeya Junction,2026-06-12,17,Peak,Dry,598,955,194,180,44
Wandegeya Junction,2026-06-12,17,Peak,Dry,497,940,170,181,30
Wandegeya Junction,2026-06-12,17,Peak,Dry,604,975,193,193,28
Wandegeya Junction,2026-06-12,18,Peak,Dry,521,906,196,250,38
Wandegeya Junction,2026-06-12,18,Peak,Dry,476,1054,180,200,11
Wandegeya Junction,2026-06-12,18,Peak,Dry,783,894,196,262,50
Wandegeya Junction,2026-06-12,18,Peak,Dry,621,1124,198,248,42
Wandegeya Junction,2026-06-12,19,Off-Peak,Dry,479,847,163,193,26
Wandegeya Junction,2026-06-12,19,Off-Peak,Dry,491,1212,157,197,33
Wandegeya Junction,2026-06-12,19,Off-Peak,Dry,659,1031,158,298,40
Wandegeya Junction,2026-06-12,19,Off-Peak,Dry,554,1275,187,263,44
Wandegeya Junction,2026-06-12,20,Off-Peak,Dry,220,470,67,69,14
Wandegeya Junction,2026-06-12,20,Off-Peak,Dry,197,419,63,75,9
Wandegeya Junction,2026-06-12,20,Off-Peak,Dry,254,359,68,91,14
Wandegeya Junction,2026-06-12,20,Off-Peak,Dry,158,305,49,66,11
Wandegeya Junction,2026-06-12,21,Off-Peak,Dry,182,425,71,64,6
Wandegeya Junction,2026-06-12,21,Off-Peak,Dry,289,515,93,100,19
Wandegeya Junction,2026-06-12,21,Off-Peak,Dry,340,391,93,126,12
Wandegeya Junction,2026-06-12,21,Off-Peak,Dry,328,593,84,145,9
Wandegeya Junction,2026-06-13,6,Off-Peak,Dry,284,497,74,122,14
Wandegeya Junction,2026-06-13,6,Off-Peak,Dry,289,557,71,100,20
Wandegeya Junction,2026-06-13,6,Off-Peak,Dry,236,347,95,99,14
Wandegeya Junction,2026-06-13,6,Off-Peak,Dry,303,519,79,126,17
Wandegeya Junction,2026-06-13,7,Peak,Dry,661,797,189,266,21
Wandegeya Junction,2026-06-13,7,Peak,Dry,740,925,191,291,47
Wandegeya Junction,2026-06-13,7,Peak,Dry,502,1180,169,197,22
Wandegeya Junction,2026-06-13,7,Peak,Dry,542,1173,183,168,39
Wandegeya Junction,2026-06-13,8,Peak,Dry,654,1307,155,204,17
Wandegeya Junction,2026-06-13,8,Peak,Dry,524,881,199,259,13
Wandegeya Junction,2026-06-13,8,Peak,Dry,695,1292,164,305,43
Wandegeya Junction,2026-06-13,8,Peak,Dry,659,1036,159,291,19
Wandegeya Junction,2026-06-13,9,Off-Peak,Dry,462,660,131,174,19
Wandegeya Junction,2026-06-13,9,Off-Peak,Dry,605,1387,195,193,38
Wandegeya Junction,2026-06-13,9,Off-Peak,Dry,715,1249,176,215,29
Wandegeya Junction,2026-06-13,9,Off-Peak,Dry,646,1412,190,234,29
Wandegeya Junction,2026-06-13,10,Off-Peak,Dry,205,504,80,81,8
Wandegeya Junction,2026-06-13,10,Off-Peak,Dry,296,454,101,118,13
Wandegeya Junction,2026-06-13,10,Off-Peak,Dry,375,476,79,172,9
Wandegeya Junction,2026-06-13,10,Off-Peak,Dry,215,451,78,95,17
Wandegeya Junction,2026-06-13,11,Off-Peak,Dry,343,414,84,151,19
Wandegeya Junction,2026-06-13,11,Off-Peak,Dry,243,360,80,116,14
Wandegeya Junction,2026-06-13,11,Off-Peak,Dry,338,638,95,150,17
Wandegeya Junction,2026-06-13,11,Off-Peak,Dry,175,366,49,85,6
Wandegeya Junction,2026-06-13,12,Off-Peak,Dry,319,570,89,103,15
Wandegeya Junction,2026-06-13,12,Off-Peak,Dry,305,605,72,98,22
Wandegeya Junction,2026-06-13,12,Off-Peak,Dry,326,564,80,118,16
Wandegeya Junction,2026-06-13,12,Off-Peak,Dry,293,350,86,105,10
Wandegeya Junction,2026-06-13,13,Off-Peak,Dry,337,349,83,110,13
Wandegeya Junction,2026-06-13,13,Off-Peak,Dry,240,299,49,90,9
Wandegeya Junction,2026-06-13,13,Off-Peak,Dry,242,467,73,120,9
Wandegeya Junction,2026-06-13,13,Off-Peak,Dry,239,379,73,75,18
Wandegeya Junction,2026-06-13,14,Off-Peak,Dry,171,389,52,84,11
Wandegeya Junction,2026-06-13,14,Off-Peak,Dry,217,454,80,83,16
Wandegeya Junction,2026-06-13,14,Off-Peak,Dry,348,587,94,114,13
Wandegeya Junction,2026-06-13,14,Off-Peak,Dry,223,566,69,73,13
Wandegeya Junction,2026-06-13,15,Off-Peak,Dry,343,663,77,152,21
Wandegeya Junction,2026-06-13,15,Off-Peak,Dry,194,340,57,59,7
Wandegeya Junction,2026-06-13,15,Off-Peak,Dry,198,276,56,98,8
Wandegeya Junction,2026-06-13,15,Off-Peak,Dry,263,563,79,127,10
Wandegeya Junction,2026-06-13,16,Peak,Dry,600,1295,152,272,39
Wandegeya Junction,2026-06-13,16,Peak,Dry,560,1092,143,257,13
Wandegeya Junction,2026-06-13,16,Peak,Dry,728,1106,184,291,54
Wandegeya Junction,2026-06-13,16,Peak,Dry,465,1078,151,229,32
Wandegeya Junction,2026-06-13,17,Peak,Dry,688,1191,173,326,32
Wandegeya Junction,2026-06-13,17,Peak,Dry,613,1012,136,263,16
Wandegeya Junction,2026-06-13,17,Peak,Dry,607,1123,168,292,46
Wandegeya Junction,2026-06-13,17,Peak,Dry,649,960,160,307,22
Wandegeya Junction,2026-06-13,18,Peak,Dry,654,1015,166,310,48
Wandegeya Junction,2026-06-13,18,Peak,Dry,718,1096,200,327,19
Wandegeya Junction,2026-06-13,18,Peak,Dry,593,881,147,275,34
Wandegeya Junction,2026-06-13,18,Peak,Dry,509,791,183,153,13
Wandegeya Junction,2026-06-13,19,Off-Peak,Dry,592,1220,210,188,14
Wandegeya Junction,2026-06-13,19,Off-Peak,Dry,565,929,187,202,33
Wandegeya Junction,2026-06-13,19,Off-Peak,Dry,756,1348,212,324,56
Wandegeya Junction,2026-06-13,19,Off-Peak,Dry,676,869,182,314,35
Wandegeya Junction,2026-06-13,20,Off-Peak,Dry,257,302,67,108,14
Wandegeya Junction,2026-06-13,20,Off-Peak,Dry,258,588,86,107,10
Wandegeya Junction,2026-06-13,20,Off-Peak,Dry,292,344,70,110,17
Wandegeya Junction,2026-06-13,20,Off-Peak,Dry,275,375,65,133,11
Wandegeya Junction,2026-06-13,21,Off-Peak,Dry,275,333,64,85,17
Wandegeya Junction,2026-06-13,21,Off-Peak,Dry,225,436,66,102,9
Wandegeya Junction,2026-06-13,21,Off-Peak,Dry,188,332,56,66,9
Wandegeya Junction,2026-06-13,21,Off-Peak,Dry,242,519,64,106,10
Wandegeya Junction,2026-06-14,6,Off-Peak,Dry,358,613,80,128,12
Wandegeya Junction,2026-06-14,6,Off-Peak,Dry,174,425,54,57,8
Wandegeya Junction,2026-06-14,6,Off-Peak,Dry,182,284,51,67,10
Wandegeya Junction,2026-06-14,6,Off-Peak,Dry,254,336,56,95,13
Wandegeya Junction,2026-06-14,7,Peak,Dry,644,972,148,289,15
Wandegeya Junction,2026-06-14,7,Peak,Dry,730,751,146,240,16
Wandegeya Junction,2026-06-14,7,Peak,Dry,562,820,203,203,31
Wandegeya Junction,2026-06-14,7,Peak,Dry,630,1095,178,203,25
Wandegeya Junction,2026-06-14,8,Peak,Dry,659,1014,129,311,17
Wandegeya Junction,2026-06-14,8,Peak,Dry,658,963,203,255,14
Wandegeya Junction,2026-06-14,8,Peak,Dry,628,1157,197,222,42
Wandegeya Junction,2026-06-14,8,Peak,Dry,537,1021,167,192,40
Wandegeya Junction,2026-06-14,9,Off-Peak,Dry,521,1182,155,230,39
Wandegeya Junction,2026-06-14,9,Off-Peak,Dry,627,853,150,202,23
Wandegeya Junction,2026-06-14,9,Off-Peak,Dry,617,1222,184,298,15
Wandegeya Junction,2026-06-14,9,Off-Peak,Dry,701,1037,160,267,55
Wandegeya Junction,2026-06-14,10,Off-Peak,Dry,308,357,85,111,6
Wandegeya Junction,2026-06-14,10,Off-Peak,Dry,263,377,64,96,17
Wandegeya Junction,2026-06-14,10,Off-Peak,Dry,337,392,74,166,18
Wandegeya Junction,2026-06-14,10,Off-Peak,Dry,207,310,50,81,13
Wandegeya Junction,2026-06-14,11,Off-Peak,Dry,257,462,61,127,9
Wandegeya Junction,2026-06-14,11,Off-Peak,Dry,236,493,74,96,14
Wandegeya Junction,2026-06-14,11,Off-Peak,Dry,244,531,72,107,17
Wandegeya Junction,2026-06-14,11,Off-Peak,Dry,332,369,82,101,7
Wandegeya Junction,2026-06-14,12,Off-Peak,Dry,280,341,78,84,15
Wandegeya Junction,2026-06-14,12,Off-Peak,Dry,279,507,104,107,12
Wandegeya Junction,2026-06-14,12,Off-Peak,Dry,222,400,57,73,10
Wandegeya Junction,2026-06-14,12,Off-Peak,Dry,270,423,69,99,9
Wandegeya Junction,2026-06-14,13,Off-Peak,Dry,235,517,73,111,15
Wandegeya Junction,2026-06-14,13,Off-Peak,Dry,196,285,68,87,5
Wandegeya Junction,2026-06-14,13,Off-Peak,Dry,261,538,62,79,10
Wandegeya Junction,2026-06-14,13,Off-Peak,Dry,313,510,79,152,10
Wandegeya Junction,2026-06-14,14,Off-Peak,Dry,228,321,69,113,10
Wandegeya Junction,2026-06-14,14,Off-Peak,Dry,236,281,57,106,6
Wandegeya Junction,2026-06-14,14,Off-Peak,Dry,198,329,56,74,8
Wandegeya Junction,2026-06-14,14,Off-Peak,Dry,284,374,78,137,8
Wandegeya Junction,2026-06-14,15,Off-Peak,Dry,161,247,47,62,8
Wandegeya Junction,2026-06-14,15,Off-Peak,Dry,206,435,63,67,5
Wandegeya Junction,2026-06-14,15,Off-Peak,Dry,252,414,60,109,13
Wandegeya Junction,2026-06-14,15,Off-Peak,Dry,341,460,76,137,25
Wandegeya Junction,2026-06-14,16,Peak,Dry,635,1229,211,258,39
Wandegeya Junction,2026-06-14,16,Peak,Dry,510,1088,169,242,34
Wandegeya Junction,2026-06-14,16,Peak,Dry,828,1042,200,380,61
Wandegeya Junction,2026-06-14,16,Peak,Dry,513,1192,158,179,15
Wandegeya Junction,2026-06-14,17,Peak,Dry,638,1335,204,205,18
Wandegeya Junction,2026-06-14,17,Peak,Dry,532,943,181,203,36
Wandegeya Junction,2026-06-14,17,Peak,Dry,511,1327,164,157,39
Wandegeya Junction,2026-06-14,17,Peak,Dry,559,881,178,228,40
Wandegeya Junction,2026-06-14,18,Peak,Dry,564,1145,142,177,39
Wandegeya Junction,2026-06-14,18,Peak,Dry,582,1008,128,209,15
Wandegeya Junction,2026-06-14,18,Peak,Dry,599,1299,177,290,35
Wandegeya Junction,2026-06-14,18,Peak,Dry,469,791,178,162,13
Wandegeya Junction,2026-06-14,19,Off-Peak,Dry,468,1026,165,203,16
Wandegeya Junction,2026-06-14,19,Off-Peak,Dry,637,791,201,272,44
Wandegeya Junction,2026-06-14,19,Off-Peak,Dry,656,947,212,283,30
Wandegeya Junction,2026-06-14,19,Off-Peak,Dry,469,745,152,166,30
Wandegeya Junction,2026-06-14,20,Off-Peak,Dry,286,338,73,119,13
Wandegeya Junction,2026-06-14,20,Off-Peak,Dry,242,357,76,98,12
Wandegeya Junction,2026-06-14,20,Off-Peak,Dry,286,622,96,132,14
Wandegeya Junction,2026-06-14,20,Off-Peak,Dry,327,369,66,139,17
Wandegeya Junction,2026-06-14,21,Off-Peak,Dry,301,321,74,114,13
Wandegeya Junction,2026-06-14,21,Off-Peak,Dry,378,423,94,134,20
Wandegeya Junction,2026-06-14,21,Off-Peak,Dry,313,466,86,131,16
Wandegeya Junction,2026-06-14,21,Off-Peak,Dry,214,251,53,80,13
Wandegeya Junction,2026-06-15,6,Off-Peak,Wet (Rain),186,322,59,63,14
Wandegeya Junction,2026-06-15,6,Off-Peak,Wet (Rain),167,287,47,76,6
Wandegeya Junction,2026-06-15,6,Off-Peak,Dry,267,357,79,130,20
Wandegeya Junction,2026-06-15,6,Off-Peak,Wet (Rain),234,453,86,100,9
Wandegeya Junction,2026-06-15,7,Peak,Dry,774,1078,200,302,24
Wandegeya Junction,2026-06-15,7,Peak,Wet (Rain),436,846,150,166,34
Wandegeya Junction,2026-06-15,7,Peak,Wet (Rain),417,606,151,131,29
Wandegeya Junction,2026-06-15,7,Peak,Wet (Rain),557,1140,134,258,27
Wandegeya Junction,2026-06-15,8,Peak,Wet (Rain),458,625,148,218,12
Wandegeya Junction,2026-06-15,8,Peak,Wet (Rain),476,1128,151,191,28
Wandegeya Junction,2026-06-15,8,Peak,Wet (Rain),629,927,155,302,35
Wandegeya Junction,2026-06-15,8,Peak,Wet (Rain),511,686,150,186,17
Wandegeya Junction,2026-06-15,9,Off-Peak,Wet (Rain),598,1040,136,253,40
Wandegeya Junction,2026-06-15,9,Off-Peak,Dry,668,1013,135,298,34
Wandegeya Junction,2026-06-15,9,Off-Peak,Dry,656,1168,143,314,34
Wandegeya Junction,2026-06-15,9,Off-Peak,Dry,645,1100,211,224,25
Wandegeya Junction,2026-06-15,10,Off-Peak,Dry,177,360,51,58,4
Wandegeya Junction,2026-06-15,10,Off-Peak,Dry,227,422,82,86,5
Wandegeya Junction,2026-06-15,10,Off-Peak,Dry,289,359,85,101,14
Wandegeya Junction,2026-06-15,10,Off-Peak,Wet (Rain),224,478,89,94,16
Wandegeya Junction,2026-06-15,11,Off-Peak,Wet (Rain),258,446,75,122,16
Wandegeya Junction,2026-06-15,11,Off-Peak,Dry,221,272,63,78,8
Wandegeya Junction,2026-06-15,11,Off-Peak,Dry,197,399,69,98,14
Wandegeya Junction,2026-06-15,11,Off-Peak,Dry,269,502,86,97,17
Wandegeya Junction,2026-06-15,12,Off-Peak,Dry,244,296,56,90,13
Wandegeya Junction,2026-06-15,12,Off-Peak,Dry,240,386,94,95,10
Wandegeya Junction,2026-06-15,12,Off-Peak,Dry,345,492,75,133,17
Wandegeya Junction,2026-06-15,12,Off-Peak,Dry,177,414,66,71,7
Wandegeya Junction,2026-06-15,13,Off-Peak,Dry,292,461,87,143,15
Wandegeya Junction,2026-06-15,13,Off-Peak,Wet (Rain),281,523,77,102,19
Wandegeya Junction,2026-06-15,13,Off-Peak,Dry,241,420,93,89,7
Wandegeya Junction,2026-06-15,13,Off-Peak,Dry,356,544,98,173,26
Wandegeya Junction,2026-06-15,14,Off-Peak,Dry,284,358,60,123,7
Wandegeya Junction,2026-06-15,14,Off-Peak,Wet (Rain),187,238,56,88,5
Wandegeya Junction,2026-06-15,14,Off-Peak,Dry,271,444,78,99,6
Wandegeya Junction,2026-06-15,14,Off-Peak,Dry,157,314,55,53,8
Wandegeya Junction,2026-06-15,15,Off-Peak,Dry,231,349,53,78,17
Wandegeya Junction,2026-06-15,15,Off-Peak,Dry,306,406,65,133,11
Wandegeya Junction,2026-06-15,15,Off-Peak,Dry,241,481,66,88,15
Wandegeya Junction,2026-06-15,15,Off-Peak,Dry,227,265,56,113,15
Wandegeya Junction,2026-06-15,16,Peak,Dry,637,1109,151,301,37
Wandegeya Junction,2026-06-15,16,Peak,Dry,600,1148,174,256,36
Wandegeya Junction,2026-06-15,16,Peak,Dry,546,1132,218,263,34
Wandegeya Junction,2026-06-15,16,Peak,Dry,626,1232,173,245,23
Wandegeya Junction,2026-06-15,17,Peak,Wet (Rain),572,889,155,283,24
Wandegeya Junction,2026-06-15,17,Peak,Dry,680,1104,199,280,37
Wandegeya Junction,2026-06-15,17,Peak,Wet (Rain),722,817,164,278,33
Wandegeya Junction,2026-06-15,17,Peak,Wet (Rain),476,825,154,148,26
Wandegeya Junction,2026-06-15,18,Peak,Wet (Rain),577,815,148,244,14
Wandegeya Junction,2026-06-15,18,Peak,Dry,538,966,137,163,32
Wandegeya Junction,2026-06-15,18,Peak,Dry,706,1217,191,257,55
Wandegeya Junction,2026-06-15,18,Peak,Dry,696,1358,165,262,36
Wandegeya Junction,2026-06-15,19,Off-Peak,Dry,647,1190,170,293,34
Wandegeya Junction,2026-06-15,19,Off-Peak,Wet (Rain),645,1015,184,239,32
Wandegeya Junction,2026-06-15,19,Off-Peak,Wet (Rain),474,787,126,196,33
Wandegeya Junction,2026-06-15,19,Off-Peak,Dry,666,975,205,220,26
Wandegeya Junction,2026-06-15,20,Off-Peak,Dry,197,382,52,78,13
Wandegeya Junction,2026-06-15,20,Off-Peak,Dry,285,632,86,141,20
Wandegeya Junction,2026-06-15,20,Off-Peak,Wet (Rain),164,315,51,57,7
Wandegeya Junction,2026-06-15,20,Off-Peak,Dry,164,214,49,77,7
Wandegeya Junction,2026-06-15,21,Off-Peak,Dry,319,483,74,153,14
Wandegeya Junction,2026-06-15,21,Off-Peak,Dry,316,347,75,132,23
Wandegeya Junction,2026-06-15,21,Off-Peak,Dry,342,483,95,165,25
Wandegeya Junction,2026-06-15,21,Off-Peak,Dry,214,262,68,70,5
Wandegeya Junction,2026-06-16,6,Off-Peak,Dry,219,382,59,80,17
Wandegeya Junction,2026-06-16,6,Off-Peak,Dry,166,285,65,57,3
Wandegeya Junction,2026-06-16,6,Off-Peak,Dry,287,498,60,114,10
Wandegeya Junction,2026-06-16,6,Off-Peak,Dry,307,590,98,125,21
Wandegeya Junction,2026-06-16,7,Peak,Dry,691,722,169,251,23
Wandegeya Junction,2026-06-16,7,Peak,Dry,635,1385,206,194,21
Wandegeya Junction,2026-06-16,7,Peak,Dry,678,1188,174,213,53
Wandegeya Junction,2026-06-16,7,Peak,Dry,711,828,182,352,20
Wandegeya Junction,2026-06-16,8,Peak,Dry,574,929,130,209,24
Wandegeya Junction,2026-06-16,8,Peak,Dry,616,790,160,288,28
Wandegeya Junction,2026-06-16,8,Peak,Dry,644,1367,214,271,15
Wandegeya Junction,2026-06-16,8,Peak,Dry,689,992,176,207,23
Wandegeya Junction,2026-06-16,9,Off-Peak,Dry,506,848,146,212,36
Wandegeya Junction,2026-06-16,9,Off-Peak,Dry,588,813,164,176,11
Wandegeya Junction,2026-06-16,9,Off-Peak,Dry,532,846,149,179,18
Wandegeya Junction,2026-06-16,9,Off-Peak,Dry,556,944,160,238,23
Wandegeya Junction,2026-06-16,10,Off-Peak,Dry,247,437,67,83,6
Wandegeya Junction,2026-06-16,10,Off-Peak,Dry,169,385,44,51,10
Wandegeya Junction,2026-06-16,10,Off-Peak,Dry,299,421,87,116,7
Wandegeya Junction,2026-06-16,10,Off-Peak,Dry,328,532,84,161,17
Wandegeya Junction,2026-06-16,11,Off-Peak,Dry,198,316,41,75,4
Wandegeya Junction,2026-06-16,11,Off-Peak,Dry,312,453,85,120,15
Wandegeya Junction,2026-06-16,11,Off-Peak,Dry,245,333,63,99,11
Wandegeya Junction,2026-06-16,11,Off-Peak,Dry,272,447,89,134,9
Wandegeya Junction,2026-06-16,12,Off-Peak,Dry,241,296,71,91,5
Wandegeya Junction,2026-06-16,12,Off-Peak,Dry,338,459,84,144,19
Wandegeya Junction,2026-06-16,12,Off-Peak,Dry,265,628,78,122,11
Wandegeya Junction,2026-06-16,12,Off-Peak,Dry,175,343,61,82,8
Wandegeya Junction,2026-06-16,13,Off-Peak,Dry,244,450,64,83,9
Wandegeya Junction,2026-06-16,13,Off-Peak,Dry,267,558,70,103,19
Wandegeya Junction,2026-06-16,13,Off-Peak,Dry,205,315,59,94,12
Wandegeya Junction,2026-06-16,13,Off-Peak,Dry,293,391,89,136,20
Wandegeya Junction,2026-06-16,14,Off-Peak,Dry,246,361,88,120,5
Wandegeya Junction,2026-06-16,14,Off-Peak,Dry,284,342,75,119,21
Wandegeya Junction,2026-06-16,14,Off-Peak,Dry,285,466,99,123,10
Wandegeya Junction,2026-06-16,14,Off-Peak,Dry,379,383,94,115,12
Wandegeya Junction,2026-06-16,15,Off-Peak,Dry,242,355,93,97,6
Wandegeya Junction,2026-06-16,15,Off-Peak,Dry,254,462,61,123,15
Wandegeya Junction,2026-06-16,15,Off-Peak,Dry,343,706,83,115,8
Wandegeya Junction,2026-06-16,15,Off-Peak,Dry,201,384,59,79,14
Wandegeya Junction,2026-06-16,16,Peak,Dry,572,1105,183,210,29
Wandegeya Junction,2026-06-16,16,Peak,Dry,508,954,182,160,32
Wandegeya Junction,2026-06-16,16,Peak,Dry,448,1082,139,163,15
Wandegeya Junction,2026-06-16,16,Peak,Dry,643,1076,173,234,25
Wandegeya Junction,2026-06-16,17,Peak,Dry,716,1060,161,234,18
Wandegeya Junction,2026-06-16,17,Peak,Dry,661,755,170,216,18
Wandegeya Junction,2026-06-16,17,Peak,Dry,669,1129,151,307,44
Wandegeya Junction,2026-06-16,17,Peak,Dry,553,948,202,274,16
Wandegeya Junction,2026-06-16,18,Peak,Dry,779,1280,216,316,55
Wandegeya Junction,2026-06-16,18,Peak,Dry,697,1288,219,311,29
Wandegeya Junction,2026-06-16,18,Peak,Dry,753,1139,176,363,46
Wandegeya Junction,2026-06-16,18,Peak,Dry,588,1498,211,255,42
Wandegeya Junction,2026-06-16,19,Off-Peak,Dry,541,1090,189,168,23
Wandegeya Junction,2026-06-16,19,Off-Peak,Dry,605,1088,161,246,19
Wandegeya Junction,2026-06-16,19,Off-Peak,Dry,747,1294,192,276,21
Wandegeya Junction,2026-06-16,19,Off-Peak,Dry,484,1031,162,166,10
Wandegeya Junction,2026-06-16,20,Off-Peak,Dry,210,277,53,70,5
Wandegeya Junction,2026-06-16,20,Off-Peak,Dry,228,500,74,106,10
Wandegeya Junction,2026-06-16,20,Off-Peak,Dry,247,334,55,75,7
Wandegeya Junction,2026-06-16,20,Off-Peak,Dry,287,568,101,91,12
Wandegeya Junction,2026-06-16,21,Off-Peak,Dry,276,450,69,133,15
Wandegeya Junction,2026-06-16,21,Off-Peak,Dry,200,362,68,72,15
Wandegeya Junction,2026-06-16,21,Off-Peak,Dry,221,386,50,94,6
Wandegeya Junction,2026-06-16,21,Off-Peak,Dry,273,439,63,96,16
Wandegeya Junction,2026-06-17,6,Off-Peak,Dry,294,313,74,114,23
Wandegeya Junction,2026-06-17,6,Off-Peak,Dry,180,264,59,88,13
Wandegeya Junction,2026-06-17,6,Off-Peak,Dry,274,368,76,92,15
Wandegeya Junction,2026-06-17,6,Off-Peak,Dry,249,334,72,87,17
Wandegeya Junction,2026-06-17,7,Peak,Dry,710,749,162,322,28
Wandegeya Junction,2026-06-17,7,Peak,Dry,688,806,190,265,44
Wandegeya Junction,2026-06-17,7,Peak,Dry,556,936,191,196,18
Wandegeya Junction,2026-06-17,7,Peak,Dry,625,1221,177,273,23
Wandegeya Junction,2026-06-17,8,Peak,Dry,762,1103,182,366,36
Wandegeya Junction,2026-06-17,8,Peak,Dry,620,858,191,198,21
Wandegeya Junction,2026-06-17,8,Peak,Dry,637,1020,214,314,16
Wandegeya Junction,2026-06-17,8,Peak,Dry,553,1021,142,257,26
Wandegeya Junction,2026-06-17,9,Off-Peak,Dry,671,917,156,333,51
Wandegeya Junction,2026-06-17,9,Off-Peak,Dry,484,917,184,188,29
Wandegeya Junction,2026-06-17,9,Off-Peak,Dry,526,668,150,235,18
Wandegeya Junction,2026-06-17,9,Off-Peak,Dry,773,1243,158,274,30
Wandegeya Junction,2026-06-17,10,Off-Peak,Dry,211,475,65,93,5
Wandegeya Junction,2026-06-17,10,Off-Peak,Dry,234,304,52,98,8
Wandegeya Junction,2026-06-17,10,Off-Peak,Dry,210,375,49,73,8
Wandegeya Junction,2026-06-17,10,Off-Peak,Dry,256,399,55,127,14
Wandegeya Junction,2026-06-17,11,Off-Peak,Dry,271,316,78,135,16
Wandegeya Junction,2026-06-17,11,Off-Peak,Dry,265,468,84,118,11
Wandegeya Junction,2026-06-17,11,Off-Peak,Dry,272,525,66,99,15
Wandegeya Junction,2026-06-17,11,Off-Peak,Dry,385,638,106,116,23
Wandegeya Junction,2026-06-17,12,Off-Peak,Dry,248,347,68,118,13
Wandegeya Junction,2026-06-17,12,Off-Peak,Dry,241,424,63,94,16
Wandegeya Junction,2026-06-17,12,Off-Peak,Dry,168,286,63,53,3
Wandegeya Junction,2026-06-17,12,Off-Peak,Dry,259,448,80,116,12
Wandegeya Junction,2026-06-17,13,Off-Peak,Dry,230,261,70,99,13
Wandegeya Junction,2026-06-17,13,Off-Peak,Dry,202,368,66,71,6
Wandegeya Junction,2026-06-17,13,Off-Peak,Dry,215,319,64,87,16
Wandegeya Junction,2026-06-17,13,Off-Peak,Dry,219,335,51,101,15
Wandegeya Junction,2026-06-17,14,Off-Peak,Dry,297,404,72,133,17
Wandegeya Junction,2026-06-17,14,Off-Peak,Dry,208,248,63,90,6
Wandegeya Junction,2026-06-17,14,Off-Peak,Dry,216,287,55,90,12
Wandegeya Junction,2026-06-17,14,Off-Peak,Dry,273,474,61,114,8
Wandegeya Junction,2026-06-17,15,Off-Peak,Dry,226,296,57,89,15
Wandegeya Junction,2026-06-17,15,Off-Peak,Dry,238,377,55,99,10
Wandegeya Junction,2026-06-17,15,Off-Peak,Dry,282,430,94,119,6
Wandegeya Junction,2026-06-17,15,Off-Peak,Dry,329,616,79,135,11
Wandegeya Junction,2026-06-17,16,Peak,Dry,520,871,156,158,27
Wandegeya Junction,2026-06-17,16,Peak,Dry,651,796,175,197,40
Wandegeya Junction,2026-06-17,16,Peak,Dry,503,727,166,157,11
Wandegeya Junction,2026-06-17,16,Peak,Dry,580,859,225,179,33
Wandegeya Junction,2026-06-17,17,Peak,Dry,799,976,185,283,29
Wandegeya Junction,2026-06-17,17,Peak,Dry,652,1377,207,297,19
Wandegeya Junction,2026-06-17,17,Peak,Dry,580,1028,176,277,39
Wandegeya Junction,2026-06-17,17,Peak,Dry,758,1299,201,264,55
Wandegeya Junction,2026-06-17,18,Peak,Dry,546,1073,188,164,14
Wandegeya Junction,2026-06-17,18,Peak,Dry,766,1301,168,369,53
Wandegeya Junction,2026-06-17,18,Peak,Dry,607,1033,191,228,46
Wandegeya Junction,2026-06-17,18,Peak,Dry,622,954,205,261,26
Wandegeya Junction,2026-06-17,19,Off-Peak,Dry,805,1112,182,318,29
Wandegeya Junction,2026-06-17,19,Off-Peak,Dry,667,1195,212,333,32
Wandegeya Junction,2026-06-17,19,Off-Peak,Dry,681,804,207,226,31
Wandegeya Junction,2026-06-17,19,Off-Peak,Dry,609,1145,165,198,17
Wandegeya Junction,2026-06-17,20,Off-Peak,Dry,291,491,75,111,21
Wandegeya Junction,2026-06-17,20,Off-Peak,Dry,232,467,64,85,11
Wandegeya Junction,2026-06-17,20,Off-Peak,Dry,235,435,64,75,10
Wandegeya Junction,2026-06-17,20,Off-Peak,Dry,290,452,60,125,19
Wandegeya Junction,2026-06-17,21,Off-Peak,Dry,191,253,62,59,5
Wandegeya Junction,2026-06-17,21,Off-Peak,Dry,231,364,59,112,16
Wandegeya Junction,2026-06-17,21,Off-Peak,Dry,265,494,73,116,10
Wandegeya Junction,2026-06-17,21,Off-Peak,Dry,173,423,50,54,11
Wandegeya Junction,2026-06-18,6,Off-Peak,Wet (Rain),207,357,54,89,6
Wandegeya Junction,2026-06-18,6,Off-Peak,Dry,207,467,67,66,11
Wandegeya Junction,2026-06-18,6,Off-Peak,Dry,187,405,68,76,9
Wandegeya Junction,2026-06-18,6,Off-Peak,Dry,186,355,66,80,11
Wandegeya Junction,2026-06-18,7,Peak,Dry,514,1281,175,244,29
Wandegeya Junction,2026-06-18,7,Peak,Wet (Rain),557,1105,129,197,19
Wandegeya Junction,2026-06-18,7,Peak,Dry,661,857,171,210,30
Wandegeya Junction,2026-06-18,7,Peak,Dry,666,1341,166,296,47
Wandegeya Junction,2026-06-18,8,Peak,Dry,657,877,221,260,15
Wandegeya Junction,2026-06-18,8,Peak,Dry,617,979,175,258,18
Wandegeya Junction,2026-06-18,8,Peak,Wet (Rain),527,776,150,173,29
Wandegeya Junction,2026-06-18,8,Peak,Wet (Rain),519,646,150,173,28
Wandegeya Junction,2026-06-18,9,Off-Peak,Dry,711,1146,148,326,16
Wandegeya Junction,2026-06-18,9,Off-Peak,Dry,652,1147,164,271,20
Wandegeya Junction,2026-06-18,9,Off-Peak,Dry,765,1139,185,374,45
Wandegeya Junction,2026-06-18,9,Off-Peak,Dry,510,839,151,165,24
Wandegeya Junction,2026-06-18,10,Off-Peak,Dry,242,329,77,120,5
Wandegeya Junction,2026-06-18,10,Off-Peak,Wet (Rain),243,527,73,76,14
Wandegeya Junction,2026-06-18,10,Off-Peak,Wet (Rain),205,235,52,97,8
Wandegeya Junction,2026-06-18,10,Off-Peak,Dry,201,496,54,94,13
Wandegeya Junction,2026-06-18,11,Off-Peak,Dry,312,312,63,148,11
Wandegeya Junction,2026-06-18,11,Off-Peak,Wet (Rain),238,309,84,85,14
Wandegeya Junction,2026-06-18,11,Off-Peak,Dry,290,565,93,140,13
Wandegeya Junction,2026-06-18,11,Off-Peak,Dry,294,452,94,108,18
Wandegeya Junction,2026-06-18,12,Off-Peak,Wet (Rain),182,274,48,85,9
Wandegeya Junction,2026-06-18,12,Off-Peak,Dry,202,390,58,91,13
Wandegeya Junction,2026-06-18,12,Off-Peak,Wet (Rain),190,398,52,61,7
Wandegeya Junction,2026-06-18,12,Off-Peak,Dry,220,388,72,67,14
Wandegeya Junction,2026-06-18,13,Off-Peak,Wet (Rain),259,266,69,125,5
Wandegeya Junction,2026-06-18,13,Off-Peak,Dry,235,403,54,106,6
Wandegeya Junction,2026-06-18,13,Off-Peak,Dry,265,418,68,87,14
Wandegeya Junction,2026-06-18,13,Off-Peak,Dry,395,641,76,176,18
Wandegeya Junction,2026-06-18,14,Off-Peak,Dry,286,454,73,107,18
Wandegeya Junction,2026-06-18,14,Off-Peak,Dry,256,309,56,96,14
Wandegeya Junction,2026-06-18,14,Off-Peak,Dry,233,507,67,79,17
Wandegeya Junction,2026-06-18,14,Off-Peak,Wet (Rain),186,221,44,78,6
Wandegeya Junction,2026-06-18,15,Off-Peak,Dry,260,379,101,79,16
Wandegeya Junction,2026-06-18,15,Off-Peak,Dry,271,571,72,113,20
Wandegeya Junction,2026-06-18,15,Off-Peak,Dry,355,636,98,158,27
Wandegeya Junction,2026-06-18,15,Off-Peak,Wet (Rain),243,491,61,109,6
Wandegeya Junction,2026-06-18,16,Peak,Wet (Rain),588,1044,140,214,39
Wandegeya Junction,2026-06-18,16,Peak,Dry,526,746,129,203,18
Wandegeya Junction,2026-06-18,16,Peak,Dry,729,1494,204,229,31
Wandegeya Junction,2026-06-18,16,Peak,Wet (Rain),652,959,159,250,43
Wandegeya Junction,2026-06-18,17,Peak,Dry,479,1115,146,216,35
Wandegeya Junction,2026-06-18,17,Peak,Dry,538,868,153,213,39
Wandegeya Junction,2026-06-18,17,Peak,Dry,607,767,154,227,48
Wandegeya Junction,2026-06-18,17,Peak,Dry,737,1083,222,225,19
Wandegeya Junction,2026-06-18,18,Peak,Wet (Rain),511,885,191,199,14
Wandegeya Junction,2026-06-18,18,Peak,Dry,671,1233,170,259,36
Wandegeya Junction,2026-06-18,18,Peak,Wet (Rain),391,1004,113,167,13
Wandegeya Junction,2026-06-18,18,Peak,Dry,486,1183,146,154,10
Wandegeya Junction,2026-06-18,19,Off-Peak,Dry,607,1092,172,277,12
Wandegeya Junction,2026-06-18,19,Off-Peak,Wet (Rain),531,717,158,260,40
Wandegeya Junction,2026-06-18,19,Off-Peak,Dry,713,1150,178,331,30
Wandegeya Junction,2026-06-18,19,Off-Peak,Dry,656,968,179,287,39
Wandegeya Junction,2026-06-18,20,Off-Peak,Dry,329,525,73,111,25
Wandegeya Junction,2026-06-18,20,Off-Peak,Dry,286,567,68,103,12
Wandegeya Junction,2026-06-18,20,Off-Peak,Dry,360,586,84,143,15
Wandegeya Junction,2026-06-18,20,Off-Peak,Wet (Rain),314,523,73,114,13
Wandegeya Junction,2026-06-18,21,Off-Peak,Dry,343,588,84,151,10
Wandegeya Junction,2026-06-18,21,Off-Peak,Dry,170,383,50,83,9
Wandegeya Junction,2026-06-18,21,Off-Peak,Wet (Rain),157,308,37,51,10
Wandegeya Junction,2026-06-18,21,Off-Peak,Dry,160,220,54,73,7
Wandegeya Junction,2026-06-19,6,Off-Peak,Dry,262,547,93,93,10
Wandegeya Junction,2026-06-19,6,Off-Peak,Dry,353,617,77,112,27
Wandegeya Junction,2026-06-19,6,Off-Peak,Dry,201,446,58,86,13
Wandegeya Junction,2026-06-19,6,Off-Peak,Dry,299,571,69,117,6
Wandegeya Junction,2026-06-19,7,Peak,Dry,648,726,158,323,41
Wandegeya Junction,2026-06-19,7,Peak,Dry,576,764,164,245,25
Wandegeya Junction,2026-06-19,7,Peak,Dry,470,823,136,193,24
Wandegeya Junction,2026-06-19,7,Peak,Dry,529,974,164,200,41
Wandegeya Junction,2026-06-19,8,Peak,Dry,697,1337,162,325,19
Wandegeya Junction,2026-06-19,8,Peak,Dry,519,980,189,255,34
Wandegeya Junction,2026-06-19,8,Peak,Dry,700,1297,215,267,32
Wandegeya Junction,2026-06-19,8,Peak,Dry,514,1203,128,185,20
Wandegeya Junction,2026-06-19,9,Off-Peak,Dry,706,737,143,310,47
Wandegeya Junction,2026-06-19,9,Off-Peak,Dry,799,800,216,331,60
Wandegeya Junction,2026-06-19,9,Off-Peak,Dry,656,1064,133,297,36
Wandegeya Junction,2026-06-19,9,Off-Peak,Dry,626,1228,176,252,14
Wandegeya Junction,2026-06-19,10,Off-Peak,Dry,365,531,103,115,9
Wandegeya Junction,2026-06-19,10,Off-Peak,Dry,228,280,66,94,6
Wandegeya Junction,2026-06-19,10,Off-Peak,Dry,241,339,74,78,16
Wandegeya Junction,2026-06-19,10,Off-Peak,Dry,275,453,61,94,8
Wandegeya Junction,2026-06-19,11,Off-Peak,Dry,272,457,96,123,11
Wandegeya Junction,2026-06-19,11,Off-Peak,Dry,302,476,70,141,13
Wandegeya Junction,2026-06-19,11,Off-Peak,Dry,261,349,69,91,10
Wandegeya Junction,2026-06-19,11,Off-Peak,Dry,359,425,91,162,10
Wandegeya Junction,2026-06-19,12,Off-Peak,Dry,279,466,78,123,14
Wandegeya Junction,2026-06-19,12,Off-Peak,Dry,218,342,66,74,16
Wandegeya Junction,2026-06-19,12,Off-Peak,Dry,242,270,55,110,5
Wandegeya Junction,2026-06-19,12,Off-Peak,Dry,237,275,66,74,15
Wandegeya Junction,2026-06-19,13,Off-Peak,Dry,220,244,51,91,11
Wandegeya Junction,2026-06-19,13,Off-Peak,Dry,302,462,97,120,13
Wandegeya Junction,2026-06-19,13,Off-Peak,Dry,218,393,55,75,6
Wandegeya Junction,2026-06-19,13,Off-Peak,Dry,319,586,98,109,6
Wandegeya Junction,2026-06-19,14,Off-Peak,Dry,230,395,68,77,14
Wandegeya Junction,2026-06-19,14,Off-Peak,Dry,265,356,74,121,8
Wandegeya Junction,2026-06-19,14,Off-Peak,Dry,211,337,60,88,10
Wandegeya Junction,2026-06-19,14,Off-Peak,Dry,157,321,50,70,5
Wandegeya Junction,2026-06-19,15,Off-Peak,Dry,322,550,82,128,10
Wandegeya Junction,2026-06-19,15,Off-Peak,Dry,376,607,81,122,8
Wandegeya Junction,2026-06-19,15,Off-Peak,Dry,272,541,71,122,16
Wandegeya Junction,2026-06-19,15,Off-Peak,Dry,280,586,68,122,13
Wandegeya Junction,2026-06-19,16,Peak,Dry,731,1198,226,244,57
Wandegeya Junction,2026-06-19,16,Peak,Dry,803,1065,210,325,39
Wandegeya Junction,2026-06-19,16,Peak,Dry,664,817,216,283,21
Wandegeya Junction,2026-06-19,16,Peak,Dry,665,1045,173,200,15
Wandegeya Junction,2026-06-19,17,Peak,Dry,820,1272,158,316,37
Wandegeya Junction,2026-06-19,17,Peak,Dry,644,718,151,219,35
Wandegeya Junction,2026-06-19,17,Peak,Dry,597,1185,163,240,15
Wandegeya Junction,2026-06-19,17,Peak,Dry,748,1034,182,273,47
Wandegeya Junction,2026-06-19,18,Peak,Dry,532,1051,159,191,41
Wandegeya Junction,2026-06-19,18,Peak,Dry,718,1024,181,230,17
Wandegeya Junction,2026-06-19,18,Peak,Dry,636,1123,207,287,38
Wandegeya Junction,2026-06-19,18,Peak,Dry,653,1266,151,197,32
Wandegeya Junction,2026-06-19,19,Off-Peak,Dry,598,1452,209,273,12
Wandegeya Junction,2026-06-19,19,Off-Peak,Dry,750,1300,143,312,45
Wandegeya Junction,2026-06-19,19,Off-Peak,Dry,666,918,157,277,32
Wandegeya Junction,2026-06-19,19,Off-Peak,Dry,537,1085,155,187,19
Wandegeya Junction,2026-06-19,20,Off-Peak,Dry,193,285,46,73,13
Wandegeya Junction,2026-06-19,20,Off-Peak,Dry,307,404,82,112,23
Wandegeya Junction,2026-06-19,20,Off-Peak,Dry,228,343,63,75,5
Wandegeya Junction,2026-06-19,20,Off-Peak,Dry,294,451,58,139,14
Wandegeya Junction,2026-06-19,21,Off-Peak,Dry,256,581,65,117,12
Wandegeya Junction,2026-06-19,21,Off-Peak,Dry,324,511,87,155,19
Wandegeya Junction,2026-06-19,21,Off-Peak,Dry,157,343,57,65,10
Wandegeya Junction,2026-06-19,21,Off-Peak,Dry,326,423,89,158,16
Wandegeya Junction,2026-06-20,6,Off-Peak,Dry,278,606,68,119,12
Wandegeya Junction,2026-06-20,6,Off-Peak,Dry,353,464,97,137,19
Wandegeya Junction,2026-06-20,6,Off-Peak,Dry,287,462,89,134,20
Wandegeya Junction,2026-06-20,6,Off-Peak,Dry,285,416,70,99,15
Wandegeya Junction,2026-06-20,7,Peak,Dry,680,905,183,301,47
Wandegeya Junction,2026-06-20,7,Peak,Dry,682,796,191,304,16
Wandegeya Junction,2026-06-20,7,Peak,Dry,600,782,205,293,28
Wandegeya Junction,2026-06-20,7,Peak,Dry,479,896,136,159,31
Wandegeya Junction,2026-06-20,8,Peak,Dry,505,1043,188,227,22
Wandegeya Junction,2026-06-20,8,Peak,Dry,647,800,181,212,36
Wandegeya Junction,2026-06-20,8,Peak,Dry,666,907,198,266,27
Wandegeya Junction,2026-06-20,8,Peak,Dry,519,1148,142,244,17
Wandegeya Junction,2026-06-20,9,Off-Peak,Dry,578,977,159,224,18
Wandegeya Junction,2026-06-20,9,Off-Peak,Dry,718,1314,192,266,49
Wandegeya Junction,2026-06-20,9,Off-Peak,Dry,673,1178,151,275,29
Wandegeya Junction,2026-06-20,9,Off-Peak,Dry,488,1098,126,171,38
Wandegeya Junction,2026-06-20,10,Off-Peak,Dry,235,402,80,94,10
Wandegeya Junction,2026-06-20,10,Off-Peak,Dry,278,432,68,108,11
Wandegeya Junction,2026-06-20,10,Off-Peak,Dry,240,420,57,91,7
Wandegeya Junction,2026-06-20,10,Off-Peak,Dry,240,333,67,83,15
Wandegeya Junction,2026-06-20,11,Off-Peak,Dry,195,405,60,70,9
Wandegeya Junction,2026-06-20,11,Off-Peak,Dry,288,503,56,111,11
Wandegeya Junction,2026-06-20,11,Off-Peak,Dry,225,501,82,75,10
Wandegeya Junction,2026-06-20,11,Off-Peak,Dry,308,534,80,148,16
Wandegeya Junction,2026-06-20,12,Off-Peak,Dry,239,437,71,102,18
Wandegeya Junction,2026-06-20,12,Off-Peak,Dry,167,239,49,61,4
Wandegeya Junction,2026-06-20,12,Off-Peak,Dry,319,577,87,111,23
Wandegeya Junction,2026-06-20,12,Off-Peak,Dry,347,566,85,168,17
Wandegeya Junction,2026-06-20,13,Off-Peak,Dry,195,303,57,86,15
Wandegeya Junction,2026-06-20,13,Off-Peak,Dry,266,395,61,120,19
Wandegeya Junction,2026-06-20,13,Off-Peak,Dry,242,423,72,81,15
Wandegeya Junction,2026-06-20,13,Off-Peak,Dry,348,614,105,148,25
Wandegeya Junction,2026-06-20,14,Off-Peak,Dry,226,467,68,74,8
Wandegeya Junction,2026-06-20,14,Off-Peak,Dry,185,275,67,79,11
Wandegeya Junction,2026-06-20,14,Off-Peak,Dry,355,598,90,136,25
Wandegeya Junction,2026-06-20,14,Off-Peak,Dry,242,412,65,117,14
Wandegeya Junction,2026-06-20,15,Off-Peak,Dry,173,319,51,78,7
Wandegeya Junction,2026-06-20,15,Off-Peak,Dry,287,519,80,110,13
Wandegeya Junction,2026-06-20,15,Off-Peak,Dry,247,401,68,117,11
Wandegeya Junction,2026-06-20,15,Off-Peak,Dry,274,495,68,106,17
Wandegeya Junction,2026-06-20,16,Peak,Dry,589,776,220,189,44
Wandegeya Junction,2026-06-20,16,Peak,Dry,487,947,173,236,36
Wandegeya Junction,2026-06-20,16,Peak,Dry,707,1357,176,242,32
Wandegeya Junction,2026-06-20,16,Peak,Dry,667,1051,188,321,25
Wandegeya Junction,2026-06-20,17,Peak,Dry,494,812,165,183,17
Wandegeya Junction,2026-06-20,17,Peak,Dry,624,1058,167,311,39
Wandegeya Junction,2026-06-20,17,Peak,Dry,609,771,174,262,13
Wandegeya Junction,2026-06-20,17,Peak,Dry,652,1377,208,318,42
Wandegeya Junction,2026-06-20,18,Peak,Dry,536,1071,173,252,30
Wandegeya Junction,2026-06-20,18,Peak,Dry,479,1075,143,150,37
Wandegeya Junction,2026-06-20,18,Peak,Dry,710,1243,160,331,33
Wandegeya Junction,2026-06-20,18,Peak,Dry,684,812,186,308,47
Wandegeya Junction,2026-06-20,19,Off-Peak,Dry,592,862,184,242,29
Wandegeya Junction,2026-06-20,19,Off-Peak,Dry,733,1332,148,298,43
Wandegeya Junction,2026-06-20,19,Off-Peak,Dry,568,860,150,223,30
Wandegeya Junction,2026-06-20,19,Off-Peak,Dry,513,1280,173,154,22
Wandegeya Junction,2026-06-20,20,Off-Peak,Dry,233,331,49,82,9
Wandegeya Junction,2026-06-20,20,Off-Peak,Dry,187,320,46,63,5
Wandegeya Junction,2026-06-20,20,Off-Peak,Dry,226,251,52,100,7
Wandegeya Junction,2026-06-20,20,Off-Peak,Dry,168,393,52,54,5
Wandegeya Junction,2026-06-20,21,Off-Peak,Dry,374,664,82,118,12
Wandegeya Junction,2026-06-20,21,Off-Peak,Dry,247,541,98,85,11
Wandegeya Junction,2026-06-20,21,Off-Peak,Dry,209,425,51,78,16
Wandegeya Junction,2026-06-20,21,Off-Peak,Dry,226,575,90,68,17
